node_id,neighbor_id,rssi,snr,packet_loss_rate,battery_voltage_mv,battery_pct,hop_count,is_gps,is_emergency,queue_len,distance_m,true_distance_m,last_seen_sec,uptime_min,canopy_density,wire_hex,delivery_probability,route_success
4,1,-78,15.0,13,3594,21,2,1,1,9,378,385.0,1,4936,light,04000100B23C0D6D1532097A010100481300,0.6056,1
14,4,-95,15.0,19,3978,89,1,1,0,4,204,211.7,25,797,medium,0E000400A13C1393591104CC0019001D03DB,0.7317,1
9,14,-106,11.52,41,3714,52,1,1,0,10,687,695.1,28,574,medium,09000E00962E297934110AAF021C003E02D2,0.5048,1
10,2,-128,-11.2,72,3814,75,3,1,0,5,2747,2742.7,9,4380,dense,0A00020080D348834B1305BB0A09001C1188,0.01,0
13,5,-125,-9.24,68,3917,85,3,0,0,3,881,1395.2,26,1733,medium,0D00050083DB448D55030371031A00C5062A,0.0335,0
11,4,-111,7.77,57,3803,75,1,1,0,8,500,524.3,24,1801,medium,0B000400911F39824B1108F40118000907A6,0.4724,1
16,2,-128,-9.18,71,3622,23,2,1,0,6,2849,2840.1,159,99,dense,1000020080DB4770171206210B9F00630075,0.01,0
9,14,-77,15.0,3,3797,75,4,0,0,4,308,366.8,122,7136,light,09000E00B33C03814B040434017A00E01B1D,0.683,0
7,3,-66,15.0,3,4128,96,4,1,0,7,127,130.4,30,1978,light,07000300BE3C03A26014077F001E00BA0799,0.6149,0
3,13,-67,15.0,0,3983,89,1,1,0,8,157,160.0,1168,6192,light,03000D00BD3C00945911089D0090043018AB,0.718,1
10,7,-121,-5.97,69,3833,78,1,1,0,5,2120,2132.9,18,586,medium,0A00070087E845854E1105480812004A026F,0.3941,1
3,16,-116,-2.05,67,3775,67,2,0,0,11,1803,891.9,273,6620,medium,030010008CF8437F43020B0B071101DC19D3,0.3653,1
14,6,-107,12.05,94,3911,85,5,1,0,40,571,560.8,26,4398,medium,0E00060095305E8D5515283B021A002E11E8,0.0806,0
9,8,-128,-10.07,95,4070,93,2,0,0,49,212,266.4,3,3948,dense,0900080080D85F9D5D0231D40003006C0F90,0.01,0
2,4,-128,-11.46,86,3709,47,2,0,0,11,3347,1805.7,18,1788,dense,0200040080D256782F020B130D1200FC0659,0.01,0
2,13,-90,15.0,69,4119,96,2,1,0,47,1534,1551.8,6,7065,light,02000D00A63C45A160122FFE050600991B5C,0.1301,1
8,11,-120,-2.46,62,3804,81,2,1,0,3,1192,1187.5,11,5507,medium,08000B0088F63E82511203A8040B008315BC,0.5069,1
3,1,-128,-11.31,79,3740,58,1,0,0,5,322,333.7,29,3594,dense,0300010080D34F7C3A010542011D000A0E09,0.01,0
1,12,-126,-7.31,89,4132,97,1,1,0,21,4088,4087.3,5,5883,medium,01000C0082E359A3611115F80F0500FB16AE,0.0527,0
9,10,-128,-11.54,71,3739,59,1,1,0,0,520,534.0,165,4524,dense,09000A0080D2477B3B11000802A500AC118E,0.01,0
4,2,-128,-9.6,83,3613,19,1,1,0,6,4147,4157.0,3561,331,medium,0400020080DA536F1311063310E90D4B01FE,0.01,0
8,12,-128,-14.94,70,3818,73,2,0,0,3,566,730.3,26,6038,dense,08000C0080C4468349020336021A00961723,0.01,0
14,13,-82,15.0,1,3644,23,2,0,0,0,143,107.1,8,6726,medium,0E000D00AE3C01721702008F000800461AD9,0.8946,1
1,12,-88,15.0,16,4137,98,1,1,0,6,200,204.5,27,2144,medium,01000C00A83C10A3621106C8001B00600803,0.6961,0
9,1,-126,-11.68,80,3776,69,2,0,0,6,3253,1761.0,161,18,medium,0900010082D1507F450206B50CA1001200C3,0.01,0
7,6,-128,-12.41,93,3914,83,2,1,0,34,244,260.0,22,2427,dense,0700060080CE5D8D531222F40016007B0900,0.01,0
13,11,-91,15.0,25,3806,73,3,1,0,3,923,921.4,19,5539,light,0D000B00A53C19824913039B031300A3155C,0.6505,1
6,12,-107,8.83,47,3767,70,3,1,0,10,854,845.3,26,2010,medium,06000C0095232F7E46130A56031A00DA07CE,0.4301,0
3,9,-107,8.54,58,3702,43,2,1,0,10,325,335.9,29,1445,medium,0300090095223A782B120A45011D00A5055A,0.4135,0
15,1,-128,-9.53,81,3617,22,2,1,0,8,382,378.0,257,4140,dense,0F00010080DA516F1612087E0101012C10D0,0.01,0
15,16,-128,-15.92,86,3999,88,3,1,0,12,1510,1526.9,21,5850,dense,0F00100080C0569558130CE6051500DA161E,0.01,0
11,16,-82,15.0,51,3689,43,2,1,0,41,921,913.1,15,3446,light,0B001000AE3C33762B122999030F00760DEC,0.154,0
1,15,-123,-5.2,75,4134,97,1,1,0,6,1258,1246.4,24,3575,medium,01000F0085EB4BA3611106EA041800F70D5E,0.3923,1
13,12,-101,15.0,44,3675,41,1,1,0,9,332,327.7,250,1493,medium,0D000C009B3C2C752911094C01FA00D50518,0.5103,1
7,9,-128,-12.9,73,3984,88,3,1,0,1,639,628.7,24,567,dense,0700090080CC49945813017F0218003702E3,0.01,0
1,5,-80,15.0,7,3630,22,2,1,0,3,874,868.0,9,6132,light,01000500B03C07711612036A030900F4178A,0.7763,0
6,5,-95,15.0,35,3688,43,4,1,0,11,1407,1391.7,19,2475,light,06000500A13C23762B140B7F051300AB09A4,0.43,0
4,14,-128,-12.37,74,3669,33,1,1,0,5,3584,3587.4,14,2972,dense,04000E0080CF4A74211105000E0E009C0BD3,0.01,0
5,8,-106,13.46,50,3870,82,4,1,0,7,636,641.2,168,6810,medium,05000800963632895214077C02A8009A1AF7,0.4383,1
15,4,-117,-2.02,64,3787,70,2,1,0,7,1299,1312.0,26,4888,medium,0F0004008BF8408046120713051A00181380,0.4329,1
1,10,-97,15.0,46,3819,76,3,1,0,10,3526,3510.0,15,3317,light,01000A009F3C2E834C130AC60D0F00F50CFD,0.4337,1
12,8,-117,-0.81,57,3833,79,1,1,0,4,2510,2500.3,4,4394,medium,0C0008008BFD39854F1104CE0904002A11F3,0.5431,0
7,4,-114,3.51,53,3976,89,2,1,0,3,459,455.7,12,4380,medium,070004008E0E3593591203CB010C001C1190,0.5526,1
2,10,-128,-12.65,100,3957,88,1,1,0,33,907,895.0,1056,2073,dense,02000A0080CD64915811218B03200419086F,0.01,0
3,8,-97,15.0,36,3745,61,3,0,0,1,429,433.6,4,5071,medium,030008009F3C247C3D0301AD010400CF1374,0.6435,1
15,16,-128,-8.75,93,3766,68,2,1,0,11,479,496.9,25,5415,dense,0F00100080DD5D7E44120BDF01190027152B,0.01,0
3,4,-109,7.85,68,3776,68,1,0,0,11,882,735.3,150,5125,medium,03000400931F447F44010B72039600051402,0.3827,0
7,8,-70,15.0,26,3646,27,1,1,0,34,190,195.6,27,5646,light,07000800BA3C1A721B1122BE001B000E16F9,0.2439,0
9,10,-128,-9.89,82,4064,95,2,1,0,0,1919,1911.2,22,2212,medium,09000A0080D8529C5F12007F071600A408D5,0.01,0
6,9,-104,13.53,37,3731,54,1,1,0,1,391,397.2,14,7031,medium,060009009836257B36110187010E00771B70,0.7137,1
16,5,-117,-2.19,64,3727,56,1,0,0,1,1519,1291.3,13,4449,medium,100005008BF7407A380101EF050D00611153,0.5634,1
12,10,-128,-9.99,84,3773,64,2,0,0,7,4751,3610.4,419,4992,medium,0C000A0080D8547F4002078F12A30180131E,0.01,0
10,9,-124,-6.72,85,3683,49,1,0,0,10,6249,3107.1,180,3408,medium,0A00090084E5557631010A6918B400500D8A,0.1785,0
8,9,-123,-6.0,72,3807,77,3,0,0,4,863,993.0,1693,4164,medium,0800090085E848824D03045F039D06441051,0.3521,1
10,15,-128,-14.44,86,3751,61,2,0,0,8,178,400.4,264,5718,dense,0A000F0080C6567D3D0208B2000801561654,0.01,0
14,1,-107,8.36,55,3786,72,5,0,0,10,449,339.0,16,4839,medium,0E0001009521378048050AC1011000E71291,0.3541,1
15,2,-84,15.0,23,3787,73,2,0,0,7,123,142.2,9,5328,medium,0F000200AC3C17804902077B000900D01433,0.6072,1
13,6,-119,-1.57,67,3831,79,2,0,0,10,179,160.9,2078,6233,dense,0D00060089FA43854F020AB3001E08591809,0.3787,0
15,3,-111,4.8,53,3568,14,1,1,0,2,150,137.1,14,4997,dense,0F0003009113356A0E110296000E008513B6,0.6041,0
8,9,-100,15.0,85,3765,66,1,0,0,44,7850,4041.7,22,2835,light,080009009C3C557E42012CAA1E1600130B78,0.1148,0
14,12,-128,-9.77,82,3644,32,2,1,0,9,454,438.8,390,5397,dense,0E000C0080D95272201209C601860115159C,0.01,1
2,16,-109,7.0,53,3789,67,3,1,0,5,644,649.1,159,6292,medium,02001000931C358043130584029F0094182B,0.4866,0
4,16,-75,15.0,33,3737,56,1,1,0,33,271,244.5,14,4423,light,04001000B53C217B3811210F010E004711BE,0.24,0
9,15,-128,-9.62,90,4162,98,1,1,0,12,855,853.4,3390,7051,dense,09000F0080DA5AA662110C57033E0D8B1BA9,0.01,0
13,15,-125,-5.66,83,3731,55,2,1,0,10,1334,1336.3,2916,892,medium,0D000F0083E9537B37120A3605640B7C0357,0.1898,0
11,16,-97,15.0,29,3786,75,2,1,0,1,385,363.4,2,1928,medium,0B0010009F3C1D804B1201810102008807E5,0.7178,1
15,6,-105,10.25,52,3808,73,2,1,0,6,329,320.7,27,2296,medium,0F0006009729348249120649011B00F808F6,0.5019,1
15,8,-128,-10.16,69,3495,12,2,1,0,5,3814,3798.2,801,6756,dense,0F00080080D745630C1205E60E2103641A5D,0.01,0
1,2,-105,15.0,36,3677,38,1,1,0,3,4108,4109.7,150,6465,light,01000200973C24752611030C1096004119CE,0.6706,1
5,3,-128,-11.08,84,3712,50,1,1,0,12,1387,1380.3,11,1043,dense,0500030080D4547932110C6B050B001304EB,0.01,0
3,9,-108,6.78,63,3784,75,1,0,0,11,323,469.2,28,260,medium,03000900941B3F804B010B43011C00040145,0.4021,0
13,7,-121,-4.58,69,3738,58,1,1,0,1,804,803.7,1861,4351,medium,0D00070087EE457B3A110124034507FF102C,0.5167,1
14,2,-100,15.0,36,4098,94,2,1,0,6,2873,2855.7,242,3271,light,0E0002009C3C249F5E1206390BF200C70C24,0.5719,1
14,6,-101,15.0,27,3734,52,1,1,0,1,211,235.7,24,4809,medium,0E0006009B3C1B7B341101D3001800C9129B,0.7687,1
4,8,-110,7.37,63,4078,94,2,1,0,9,1616,1604.3,4,3955,medium,04000800921D3F9D5E120950060400730F2A,0.4085,1
12,2,-125,-8.84,81,4061,93,5,1,0,9,4048,4048.6,2795,6799,medium,0C00020083DD519C5D1509D00FEB0A8F1A39,0.0275,0
9,13,-128,-10.78,72,3777,63,1,1,0,1,2664,2677.9,46,1767,dense,09000D0080D5487F3F1101680A2E00E70660,0.01,0
6,7,-101,14.11,41,3862,81,3,1,0,12,361,355.7,22,3478,medium,060007009B38298851130C69011600960D45,0.4211,0
9,4,-92,15.0,29,3765,67,2,1,0,10,1777,1776.9,8,1679,light,09000400A43C1D7E43120AF10608008F06C6,0.5239,1
5,14,-109,6.97,57,3506,13,1,1,0,11,839,842.1,18,6083,medium,05000E00931C39640D110B47031200C31762,0.4253,1
3,15,-121,-2.98,61,3879,83,1,1,0,5,1175,1146.6,266,726,medium,03000F0087F43D8953110597040A01D6025C,0.5021,1
14,10,-83,15.0,9,3971,88,1,1,0,1,382,379.2,292,2867,light,0E000A00AD3C09935811017E012401330BDA,0.8678,0
5,4,-107,6.35,84,3603,23,3,1,0,46,536,545.9,3090,4629,medium,050004009519546E17132E1802120C151279,0.104,0
11,15,-124,-5.14,85,3794,76,2,1,0,9,2342,2331.9,17,313,medium,0B000F0084EB55814C1209260911003901BE,0.292,0
3,12,-128,-15.27,91,3800,77,2,1,0,12,3562,3567.5,2,2638,dense,03000C0080C35B824D120CEA0D02004E0AB5,0.01,0
2,9,-112,6.74,57,3716,44,2,1,0,3,191,168.7,15,2986,dense,02000900901B39792C1203BF000F00AA0B89,0.5332,1
14,13,-102,15.0,79,3896,84,1,1,0,39,360,366.1,24,5441,medium,0E000D009A3C4F8B5411276801180041152F,0.1276,0
13,3,-121,-3.0,74,3638,31,3,1,0,10,183,193.9,24,3473,dense,0D00030087F44A711F130AB7001800910DAB,0.3307,1
10,3,-127,-11.19,77,3768,63,5,0,0,4,1755,2431.2,4,6055,medium,0A00030081D34D7E3F0504DB060400A7172B,0.01,0
11,16,-101,14.22,38,3749,62,3,0,0,12,4093,3205.9,24,5545,light,0B0010009B39267C3E030CFD0F1800A915FF,0.4312,0
10,14,-110,5.67,36,3773,68,3,1,0,3,1028,1033.9,256,6379,medium,0A000E009217247F44130304040001EB18E3,0.6,1
6,15,-114,5.69,52,3735,57,2,1,0,1,678,693.1,17,1318,medium,06000F008E17347B391201A6021100260533,0.5979,0
5,15,-128,-9.92,97,3655,34,1,1,0,18,587,574.4,1882,3076,dense,05000F0080D861732211124B025A07040C69,0.01,0
4,15,-96,15.0,30,3614,19,4,0,1,2,610,668.5,16,654,medium,04000F00A03C1E6F132402620210008E0270,0.6117,1
5,10,-128,-11.88,100,4003,89,1,1,0,30,3690,3691.9,26,4099,medium,05000A0080D0649659111E6A0E1A000310D4,0.01,0
8,13,-114,3.12,55,3772,65,1,1,0,1,1105,1110.9,12,6447,medium,08000D008E0C377F41110151040C002F19FB,0.6146,1
13,15,-114,2.88,62,3739,66,1,1,0,5,788,791.2,22,6203,medium,0D000F008E0C3E7B421105140316003B1833,0.5008,1
11,15,-125,-7.51,70,4186,99,2,1,0,2,407,387.5,25,363,dense,0B000F0083E246A8631202970119006B01F3,0.1755,0
11,16,-101,14.16,37,3804,76,1,1,0,4,241,251.8,25,1024,medium,0B0010009B3925824C1104F100190000041F,0.6425,1
13,12,-128,-13.06,88,3626,24,2,1,0,12,1901,1906.9,26,3532,dense,0D000C0080CC587018120C6D071A00CC0DAC,0.01,0
10,6,-111,6.32,57,3671,34,2,1,0,7,695,709.1,2819,2254,medium,0A00060091193975221207B702030BCE080A,0.4635,0
2,3,-115,2.07,100,3967,88,1,1,0,43,969,965.5,3,2971,medium,020003008D08649258112BC90303009B0B5B,0.0937,0
5,12,-98,15.0,31,3763,58,1,1,0,5,363,352.1,89,4093,medium,05000C009E3C1F7E3A11056B015900FD0FEC,0.6492,0
4,6,-128,-14.38,71,3693,40,2,1,0,3,3108,3123.4,28,5848,medium,0400060080C64777281203240C1C00D816F5,0.01,0
11,12,-73,15.0,0,4096,95,3,1,0,11,212,210.3,26,1651,light,0B000C00B73C009F5F130BD4001A00730675,0.5784,1
16,1,-111,4.28,50,4208,99,1,1,0,1,697,694.5,23,3359,medium,10000100911132AA631101B90217001F0DF1,0.6421,1
11,12,-107,11.6,61,3755,60,3,1,0,9,880,878.5,252,458,medium,0B000C00952E3D7D3C13097003FC00CA016E,0.3933,0
10,3,-128,-10.77,73,3725,53,2,1,0,1,1781,1768.6,21,5038,dense,0A00030080D5497A351201F5061500AE1328,0.01,0
6,11,-99,15.0,37,3946,87,2,1,0,9,2984,2973.8,28,5259,light,06000B009D3C2590571209A80B1C008B14DA,0.511,1
7,14,-116,3.0,57,3556,16,2,1,0,4,1740,1720.6,26,5646,medium,07000E008C0C3969101204CC061A000E1681,0.5148,1
16,8,-95,15.0,23,3676,44,2,1,0,6,255,245.3,12,1985,medium,10000800A13C17752C1206FF000C00C107CD,0.6289,1
8,3,-112,2.65,49,3867,82,1,0,0,2,226,372.5,191,4086,medium,08000300900B3188520102E200BF00F60FDA,0.6253,1
10,8,-111,7.08,47,4155,98,1,1,0,0,128,138.0,20,6945,dense,0A000800911C2FA562110080001400211B5F,0.6821,1
9,13,-118,-0.96,62,3062,2,2,1,0,4,1557,1564.2,17,6765,medium,09000D008AFC3E38021204150611006D1AD9,0.0982,0
4,3,-116,4.72,51,3807,70,4,1,0,3,2880,2894.5,13,1127,medium,040003008C133382461403400B0D0067041F,0.4999,0
15,3,-86,15.0,17,3682,40,1,0,0,11,463,210.5,203,4365,medium,0F000300AA3C117628010BCF01CB000D113C,0.5805,1
16,14,-70,15.0,0,3660,33,1,1,0,11,88,96.7,1388,6418,medium,10000E00BA3C007421110B58006C051219AC,0.6464,1
8,13,-110,6.15,50,3945,87,3,1,0,10,812,804.4,19,2574,medium,08000D009219329057130A2C0313000E0A2E,0.4193,1
7,8,-80,15.0,10,4071,93,2,1,0,8,167,148.1,11,1423,medium,07000800B03C0A9D5D1208A7000B008F05AB,0.6394,1
12,11,-127,-9.87,76,3918,86,2,1,0,3,1799,1815.0,146,5779,medium,0C000B0081D94C8D561203070792009316CB,0.01,0
11,8,-128,-13.37,70,3757,67,1,0,0,6,612,435.7,207,2384,dense,0B00080080CB467D4301066402CF00500980,0.01,0
3,7,-116,-2.81,65,3744,64,3,1,0,8,2427,2428.2,86,1965,medium,030007008CF5417C4013087B095600AD07C9,0.3896,0
8,12,-88,15.0,78,3675,35,2,0,0,50,2683,1017.5,2975,7200,light,08000C00A83C4E752302327B0A9F0B201CF1,0.1181,0
10,6,-73,15.0,0,3910,84,1,0,0,0,320,273.9,1021,302,light,0A000600B73C008D5401004001FD032E01CF,0.95,1
16,3,-128,-14.61,76,4057,94,1,0,0,1,1388,1715.0,2162,4455,dense,1000030080C64C9B5E01016C0572086711BF,0.01,0
5,15,-74,15.0,13,3793,69,2,1,0,11,99,87.2,24,5529,medium,05000F00B63C0D8145120B630018009915FD,0.5646,1
13,15,-98,15.0,19,3744,59,5,1,0,3,201,205.3,151,2705,medium,0D000F009E3C137C3B1503C9009700910A72,0.5983,0
1,6,-107,12.36,45,3102,3,1,0,0,8,370,680.7,29,2421,medium,0100060095312D3C03010872011D00750903,0.1048,0
5,9,-104,8.4,45,3807,73,2,0,0,8,944,905.2,27,6187,medium,0500090098222D82490208B0031B002B181A,0.4965,0
15,9,-69,15.0,12,3744,57,2,1,0,9,236,237.3,6,5577,light,0F000900BB3C0C7C391209EC000600C91568,0.6095,1
3,16,-128,-11.32,98,3809,78,2,1,0,44,368,344.4,10,29,dense,0300100080D362824E122C70010A001D00E9,0.01,0
2,8,-81,15.0,5,4128,97,1,1,0,0,462,450.9,6,5979,light,02000800AF3C05A2611100CE0106005B17AB,0.9215,1
13,8,-128,-8.63,82,3898,85,2,0,0,10,3255,2016.4,4,1048,dense,0D00080080DD528B55020AB70C04001804C2,0.01,0
1,14,-118,-2.99,64,3821,79,2,1,0,3,941,936.4,1073,5944,medium,01000E008AF440844F1203AD033104381787,0.4957,1
14,10,-128,-12.47,94,3138,5,1,1,0,18,1954,1949.0,2,1784,dense,0E000A0080CE5E3F051112A2070200F806BE,0.01,0
5,10,-103,12.08,41,3835,80,2,1,0,5,4113,4113.2,29,3392,light,05000A009930298550120511101D00400D19,0.5697,1
6,12,-103,15.0,50,3236,7,2,1,0,8,326,329.8,14,1511,medium,06000C00993C324907120846010E00E705E5,0.3352,0
8,5,-102,14.36,48,3742,57,1,1,0,8,2128,2145.9,8,652,light,080005009A39307C391108500808008C021F,0.5112,0
3,10,-94,15.0,25,3667,42,2,0,0,3,2586,1491.4,19,2732,light,03000A00A23C19742A02031A0A1300AC0ACC,0.6887,0
7,16,-116,1.38,65,3972,88,4,1,0,11,431,414.1,30,2323,medium,070010008C06419358140BAF011E00130985,0.332,0
12,5,-108,8.85,45,3734,59,5,0,0,5,276,435.6,12,7083,medium,0C00050094232D7B3B050514010C00AB1BBC,0.4596,1
9,10,-124,-8.04,78,3740,61,1,1,0,3,1888,1900.8,203,4007,medium,09000A0084E04E7C3D11036007CB00A70F0C,0.1376,0
16,8,-124,-11.71,73,3691,44,2,0,0,8,405,240.0,299,613,dense,1000080084D149772C020895012B01650234,0.01,0
1,8,-104,13.96,32,3146,4,1,1,0,0,540,547.3,22,59,medium,01000800983820400411001C0216003B0097,0.1535,0
1,10,-115,1.87,50,3657,36,2,1,0,2,1072,1063.0,4,5082,medium,01000A008D07327324120230040400DA13D9,0.5874,0
9,14,-88,15.0,26,3845,80,5,0,0,10,95,188.6,3,3094,medium,09000E00A83C1A8650050A5F000300160C10,0.4461,1
1,13,-111,6.55,50,3994,90,2,0,0,1,848,664.2,30,7116,medium,01000D00911A32955A020150031E00CC1B46,0.6083,1
9,1,-128,-9.56,71,3686,38,2,1,0,5,2843,2852.6,104,6729,medium,0900010080DA47762612051B0B6800491A3D,0.01,0
6,11,-128,-12.25,69,4085,95,1,0,0,2,191,915.4,71,2838,dense,06000B0080CF459E5F0102BF004700160B91,0.01,0
3,7,-107,7.64,59,4144,98,1,0,0,12,1522,663.4,16,3080,medium,03000700951F3BA462010CF2051000080C20,0.4032,0
13,2,-127,-11.88,87,3610,20,1,1,1,12,2005,2001.1,24,754,medium,0D00020081D0576F14310CD5071800F20252,0.01,0
12,14,-94,15.0,28,3668,34,2,1,0,0,1266,1259.2,18,2662,light,0C000E00A23C1C74221200F2041200660A7A,0.7488,1
14,7,-118,-0.23,72,4171,99,1,1,0,10,1680,1675.8,5,1200,medium,0E0007008AFF48A763110A90060500B00421,0.3801,0
14,5,-81,15.0,0,3636,27,2,1,0,3,549,540.3,328,2726,light,0E000500AF3C00711B120325024801A60AE7,0.8103,1
11,8,-128,-11.48,83,4184,98,1,1,0,11,739,733.3,1932,2392,dense,0B00080080D253A862110BE3028C075809DC,0.01,0
8,6,-128,-11.34,79,3750,60,2,1,0,8,354,351.9,25,5807,dense,0800060080D34F7D3C120862011900AF1620,0.01,0
3,15,-128,-7.74,79,3748,61,1,1,0,2,2097,2102.9,26,4903,dense,03000F0080E14F7C3D110231081A00271304,0.01,0
14,9,-128,-11.68,81,4032,91,2,0,0,1,1372,1413.9,22,367,dense,0E00090080D151995B02015C0516006F01B8,0.01,0
13,14,-128,-8.79,80,3585,21,1,1,0,8,835,827.4,19,3798,dense,0D000E0080DD506C15110843031300D60EBF,0.01,0
5,7,-125,-7.85,75,3735,52,1,1,0,11,1872,1862.3,206,4273,medium,0500070083E14B7B34110B5007CE00B11091,0.0756,0
15,12,-119,-2.26,74,3702,47,1,1,0,10,2023,2038.6,26,1434,medium,0F000C0089F74A782F110AE7071A009A05E1,0.3711,1
14,8,-98,15.0,58,3708,41,1,1,0,27,292,288.3,230,1690,medium,0E0008009E3C3A7829111B2401E6009A065F,0.2407,0
3,11,-128,-12.71,78,3642,30,2,1,0,7,241,235.8,21,3220,dense,03000B0080CD4E721E1207F1001500940C9E,0.01,0
15,10,-96,15.0,33,4116,96,2,1,0,5,218,213.4,10,1163,medium,0F000A00A03C21A1601205DA000A008B0461,0.6059,1
5,11,-89,15.0,26,3919,86,2,1,0,8,998,1010.4,10,3699,light,05000B00A73C1A8D561208E6030A00730EEC,0.5741,0
1,9,-113,0.11,57,3812,77,2,1,0,6,149,166.9,15,257,dense,010009008F0039834D120695000F000101CE,0.4799,1
2,6,-83,15.0,20,3806,80,3,1,0,8,119,123.1,4,3010,medium,02000600AD3C148250130877000400C20B1F,0.5653,0
15,9,-79,15.0,0,3900,84,1,1,0,0,138,128.9,75,966,medium,0F000900B13C008C5411008A004B00C60337,0.95,1
12,15,-116,0.76,51,3621,23,1,1,0,0,848,851.8,18,2656,medium,0C000F008C03337017110050031200600ACA,0.6592,1
9,15,-128,-8.91,79,3747,61,3,0,0,0,4283,2886.2,95,2050,dense,09000F0080DC4F7C3D0300BB105F000208F3,0.01,0
8,14,-128,-10.52,72,3668,41,2,1,0,1,2876,2878.9,29,2284,medium,08000E0080D648742912013C0B1D00EC0801,0.01,0
15,8,-74,15.0,0,3954,87,2,1,0,10,179,172.6,28,1789,light,0F000800B63C009157120AB3001C00FD06B6,0.6342,0
16,5,-89,15.0,27,3756,60,3,0,1,10,237,199.1,81,3769,medium,10000500A73C1B7D3C230AED005100B90E06,0.5019,0
6,9,-128,-10.04,83,4189,99,4,1,0,4,1134,1131.8,30,2056,dense,0600090080D853A86314046E041E000808AE,0.01,0
6,1,-117,0.23,57,3775,65,2,1,0,0,458,471.3,3,5575,medium,060001008B01397F411200CA010300C71522,0.5921,1
11,15,-128,-14.86,100,3801,76,1,1,0,21,1098,1093.5,12,6668,dense,0B000F0080C564824C11154A040C000C1AAC,0.01,0
5,2,-74,15.0,1,3785,74,2,0,0,2,406,248.6,20,828,light,05000200B63C01804A0202960114003C0365,0.8341,1
13,6,-128,-13.83,76,3632,28,1,1,0,9,3363,3381.5,44,1688,medium,0D00060080C94C711C1109230D2C00980665,0.01,0
13,5,-128,-10.81,92,3746,65,1,1,0,10,2916,2936.1,1780,1086,dense,0D00050080D55C7C41110A640BF4063E04BA,0.01,0
14,6,-89,15.0,10,4163,99,1,1,0,0,668,663.3,2,2351,light,0E000600A73C0AA66311009C0202002F0943,0.893,1
14,7,-85,15.0,17,3875,82,1,0,0,8,836,897.8,26,4809,light,0E000700AB3C118952010844031A00C912E1,0.6448,0
3,6,-113,6.24,57,3756,57,1,1,0,7,536,550.1,189,6072,medium,030006008F19397D3911071802BD00B81703,0.4893,1
5,13,-120,-5.88,63,3678,37,3,1,0,5,2327,2346.7,168,6324,medium,05000D0088E83F752513051709A800B41825,0.3799,1
14,5,-82,15.0,8,3876,83,2,1,0,0,123,129.6,19,6340,medium,0E000500AE3C08895312007B001300C4182D,0.8568,1
4,5,-73,15.0,2,3743,55,1,1,0,2,456,446.4,49,5854,light,04000500B73C027C371102C8013100DE1651,0.8751,1
11,4,-108,7.92,47,3626,20,1,1,0,0,501,498.4,489,569,medium,0B00040094202F70141100F501E901390233,0.6821,0
10,6,-92,15.0,18,3773,68,3,1,0,3,228,229.8,283,6005,medium,0A000600A43C127F441303E4001B017517B5,0.6826,0
8,3,-124,-4.23,77,3628,30,3,1,0,5,1849,1845.5,223,856,medium,0800030084EF4D701E13053907DF00580397,0.2989,0
14,8,-128,-9.43,83,3603,28,1,1,0,8,2552,2564.2,2178,700,dense,0E00080080DA536E1C1108F8098208BC0225,0.01,0
13,2,-83,15.0,17,3762,60,1,1,0,12,810,807.4,27,1918,light,0D000200AD3C117E3C110C2A031B007E07A1,0.5605,1
4,3,-124,-9.32,76,3613,22,1,1,0,7,841,846.8,9,5625,medium,0400030084DB4C6F16110749030900F915F9,0.0409,0
2,5,-128,-13.14,87,3191,5,1,1,0,10,3979,3992.8,428,7005,medium,0200050080CB574505110A8B0FAC015D1BC7,0.01,0
8,2,-128,-12.81,73,3587,18,3,1,0,2,409,405.4,13,5286,dense,0800020080CD496C12130299010D00A614BC,0.01,0
3,1,-100,14.49,51,4049,91,1,1,0,12,3400,3415.3,2,4706,light,030001009C3A339A5B110C480D020062125B,0.4332,0
16,1,-121,-6.66,63,4118,95,1,1,0,2,1153,1152.1,20,3380,medium,1000010087E53FA15F110281041400340DBD,0.3944,0
3,6,-66,15.0,7,4002,90,1,0,0,8,57,83.8,13,3975,medium,03000600BE3C07965A010839000D00870F7B,0.6878,1
11,7,-76,15.0,5,3712,56,3,0,0,12,431,399.8,17,1911,light,0B000700B43C057938030CAF01110077075F,0.5417,1
8,5,-128,-15.05,91,3980,89,4,1,0,12,793,797.1,30,2610,dense,0800050080C45B9459140C19031E00320A6B,0.01,0
1,13,-128,-8.92,72,3821,80,1,1,0,7,573,555.8,6,1910,dense,01000D0080DC48845011073D0206007607A2,0.01,0
16,1,-115,0.16,62,3759,70,1,1,0,5,586,575.8,5,4316,medium,100001008D013E7D4611054A020500DC1008,0.5007,0
12,13,-128,-10.66,81,3634,29,1,0,0,6,4005,4066.6,193,4608,medium,0C000D0080D551711D0106A50FC1000012E4,0.01,0
12,4,-125,-6.54,69,3952,88,1,0,0,0,510,272.9,3458,270,dense,0C00040083E64591580100FE01820D0E01DB,0.2581,0
8,12,-128,-9.91,66,3719,45,1,1,0,2,320,322.4,3,1722,dense,08000C0080D842792D110240010300BA06AD,0.01,0
9,14,-86,15.0,14,3963,87,4,0,0,7,950,822.9,223,6466,light,09000E00AA3C0E92570407B603DF004219CD,0.5736,0
8,3,-128,-9.96,100,3051,2,1,1,0,36,630,624.5,13,767,dense,0800030080D8643702112476020D00FF0231,0.01,0
16,12,-128,-11.07,96,3718,50,1,0,0,28,503,678.2,14,1950,dense,10000C0080D4607932011CF7010E009E0704,0.01,0
16,3,-82,15.0,8,3604,15,2,1,0,1,702,693.7,6,951,light,10000300AE3C086E0F1201BE020600B7039C,0.8273,1
16,15,-72,15.0,0,3750,63,3,1,0,7,292,288.9,15,2205,light,10000F00B83C007D3F130724010F009D080C,0.6653,1
4,2,-128,-11.94,96,4018,89,1,0,0,39,610,715.6,274,3906,dense,0400020080D0609759012762021201420F1C,0.01,0
2,10,-85,15.0,20,4175,99,1,1,0,7,171,145.4,6,3473,medium,02000A00AB3C14A7631107AB000600910DD5,0.6543,0
7,15,-119,-2.87,99,3741,51,4,1,1,39,256,251.5,18,7160,dense,07000F0089F5637C33342700011200F81B2D,0.0824,0
14,2,-84,15.0,20,3974,89,4,0,0,9,867,416.7,177,7196,light,0E000200AC3C14935904096303B1001C1C89,0.5138,1
16,10,-71,15.0,0,3600,23,2,1,0,0,279,288.3,29,6114,light,10000A00B93C006E17120017011D00E217B8,0.9,1
12,1,-128,-8.2,77,3710,49,3,1,0,3,1137,1127.3,257,2212,dense,0C00010080DF4D7931130371040101A408AB,0.01,0
3,5,-128,-12.25,81,3792,76,2,1,0,0,571,574.9,64,3309,dense,0300050080CF51814C12003B024000ED0C21,0.01,0
1,4,-108,8.37,58,3797,66,2,1,0,11,109,120.3,12,1019,dense,0100040094213A8142120B6D000C00FB036C,0.3993,1
16,10,-128,-13.85,75,3807,79,1,1,0,4,241,225.8,23,411,dense,10000A0080C94B824F1104F10017009B01CB,0.01,0
7,15,-84,15.0,27,3666,42,2,1,1,12,1113,1111.5,16,6565,light,07000F00AC3C1B742A320C59041000A51969,0.4955,1
10,13,-128,-10.05,82,3781,71,1,1,0,7,2768,2762.9,17,4195,medium,0A000D0080D85280471107D00A11006310C4,0.01,0
12,9,-109,9.59,47,3620,21,1,1,0,10,887,881.8,164,5341,medium,0C00090093262F7015110A7703A400DD14C2,0.4807,1
8,16,-128,-12.51,91,3829,73,1,1,0,16,411,408.8,10,6040,dense,0800100080CE5B844911109B010A009817B1,0.01,0
7,6,-91,15.0,31,4007,90,4,1,0,8,1315,1319.3,6,1053,light,07000600A53C1F965A1408230506001D04EA,0.4922,0
6,12,-128,-10.09,76,3635,26,3,1,0,5,3789,3804.2,181,3859,medium,06000C0080D84C711A1305CD0EB500130FB7,0.01,0
3,9,-128,-10.98,100,3788,72,1,1,0,24,3290,3284.9,1977,3753,medium,0300090080D46480481118DA0CB907A90E10,0.01,0
6,14,-87,15.0,17,3819,69,1,0,0,3,55,172.4,112,6392,medium,06000E00A93C118345010337007000F8185D,0.7681,1
14,7,-87,15.0,17,3391,10,2,0,0,5,232,182.9,17,5138,medium,0E000700A93C11590A0205E8001100121492,0.6354,1
12,5,-123,-1.55,71,3731,62,3,1,0,4,2277,2274.5,17,5631,medium,0C00050085FA477B3E1304E5081100FF152C,0.4236,1
16,6,-100,13.87,32,4017,91,1,1,0,2,1866,1848.1,1,5830,light,100006009C3720975B11024A070100C616F0,0.7157,1
9,14,-59,15.0,0,3899,84,2,1,0,22,122,119.0,13,5754,light,09000E00C53C008B5412167A000D007A1608,0.4167,0
1,6,-62,15.0,2,3866,83,2,1,0,1,136,121.8,20,875,light,01000600C23C0288531201880014006B0385,0.8586,1
9,15,-84,15.0,8,3786,68,1,1,0,3,316,317.7,16,5507,light,09000F00AC3C08804411033C01100083158B,0.8143,1
16,3,-128,-7.76,83,3539,13,4,0,0,7,2510,1783.9,10,6666,dense,1000030080E153670D0407CE090A000A1A17,0.01,0
10,6,-128,-10.3,99,3746,59,3,1,0,23,3518,3507.9,199,5098,medium,0A00060080D7637C3B1317BE0DC700EA136A,0.01,0
12,15,-61,15.0,0,3793,75,3,0,0,7,228,175.9,21,5955,light,0C000F00C33C00814B0307E4001500431738,0.6653,0
6,2,-97,15.0,32,3892,85,1,1,0,5,169,155.6,2279,930,medium,060002009F3C208B551105A900E708A20393,0.6444,1
3,6,-74,15.0,7,3803,78,2,0,0,3,455,500.1,22,5744,light,03000600B63C07824E0203C7011600701614,0.7763,1
8,9,-115,4.28,51,4068,92,2,1,0,0,1526,1527.2,111,6983,medium,080009008D11339C5C1200F6056F00471BD6,0.6246,1
16,6,-128,-11.54,82,3186,5,2,1,0,3,757,739.0,260,3667,dense,1000060080D25244051203F5020401530EF4,0.01,0
1,3,-62,15.0,8,4023,92,3,1,0,10,122,124.8,17,2797,light,01000300C23C08985C130A7A001100ED0A5C,0.5702,1
8,15,-81,15.0,0,3809,76,2,1,0,1,125,137.6,22,6803,medium,08000F00AF3C00824C12017D001600931A68,0.869,1
12,13,-128,-10.19,74,4048,91,2,1,0,4,363,359.7,7,6759,dense,0C000D0080D74A9A5B12046B010700671AD1,0.01,0
4,14,-128,-9.64,76,3838,81,3,1,0,10,1037,1019.6,17,6036,dense,04000E0080D94C8551130A0D04110094179B,0.01,0
16,15,-123,-7.28,100,3679,39,2,1,0,39,222,229.7,195,3434,dense,10000F0085E36475271227DE00C3006A0DB4,0.0515,0
8,5,-124,-8.75,79,3705,47,1,1,0,11,2330,2327.3,191,4539,medium,0800050084DD4F782F110B1A09BF00BB1103,0.0669,0
10,12,-113,5.43,64,3909,84,4,1,0,11,654,647.6,23,3940,medium,0A000C008F16408C54140B8E021700640F8B,0.3353,0
14,11,-123,-2.84,75,3707,49,3,1,0,0,232,245.4,2,6440,dense,0E000B0085F54B78311300E80002002819D5,0.4647,1
9,3,-128,-11.38,72,3691,45,1,1,0,1,4013,4029.2,22,3190,medium,0900030080D248772D1101AD0F1600760CEF,0.01,0
10,13,-128,-11.51,80,4161,98,5,1,0,8,1199,1180.1,24,6402,dense,0A000D0080D250A6621508AF0418000219B8,0.01,0
8,16,-123,-4.47,80,3861,81,2,0,0,11,1481,1279.3,1027,615,medium,0800100085EE508851020BC9050304670240,0.3075,1
4,8,-126,-8.69,97,3619,23,3,1,0,44,1888,1881.0,930,4894,medium,0400080082DD616F17132C6007A2031E130A,0.01,0
10,8,-128,-15.14,86,3520,13,2,1,0,8,2694,2717.6,17,3309,medium,0A00080080C356660D1208860A1100ED0C4C,0.01,0
7,12,-113,2.91,70,3699,45,2,0,0,12,840,621.1,1,1973,medium,07000C008F0C46772D020C48030100B5077C,0.343,0
8,1,-92,15.0,18,4134,97,1,1,0,4,208,193.4,222,3655,medium,08000100A43C12A3611104D000DE00470EAD,0.7367,1
7,6,-128,-11.71,88,3719,53,2,1,0,19,233,228.3,21,856,dense,0700060080D15879351213E900150058036C,0.01,0
14,11,-102,15.0,51,3739,56,2,1,0,19,2260,2266.2,26,6735,light,0E000B009A3C337B381213D4081A004F1AA5,0.3212,1
13,8,-128,-10.28,83,3476,12,2,1,0,9,1451,1440.3,54,2935,medium,0D00080080D753610C1209AB053600770B17,0.01,0
10,11,-128,-13.1,78,3820,72,2,1,0,8,405,402.9,231,4475,dense,0A000B0080CC4E844812089501E7007B11B1,0.01,0
10,12,-128,-11.33,100,3884,84,4,1,0,50,2666,2642.9,2,4405,dense,0A000C0080D3648A5414326A0A0200351140,0.01,0
7,13,-114,3.75,86,3743,51,3,1,0,26,614,614.6,27,5501,medium,07000D008E0F567C33131A66021B007D15F2,0.1656,0
15,11,-81,15.0,11,3104,3,2,1,0,5,143,132.1,22,576,medium,0F000B00AF3C0B3C0312058F001600400224,0.1411,0
15,6,-121,-3.71,65,3788,80,1,1,0,6,1080,1090.1,11,6065,medium,0F00060087F1418050110638040B00B11770,0.4626,1
12,3,-104,11.38,32,3801,75,3,1,0,1,264,242.0,72,1151,medium,0C000300982E20824B1301080148007F045F,0.6632,1
3,13,-85,15.0,17,3731,56,2,1,0,9,751,737.2,164,4426,light,03000D00AB3C117B381209EF02A4004A1176,0.5898,0
12,7,-128,-8.98,79,3749,68,2,1,0,6,634,656.0,1,6208,dense,0C00070080DC4F7C4412067A0201004018C8,0.01,0
6,11,-125,-7.43,73,3983,88,2,0,0,3,1922,2096.2,8,355,medium,06000B0083E249945802038207080063013E,0.1714,0
12,7,-106,7.47,57,3617,17,1,1,0,8,503,508.8,9,1429,medium,0C000700961E396F111108F7010900950536,0.4724,1
3,10,-128,-11.71,83,3657,33,3,1,0,12,1026,1022.7,34,3608,dense,03000A0080D1537321130C02042200180E8B,0.01,0
9,4,-61,15.0,0,4035,91,2,1,0,5,116,126.4,16,1325,light,09000400C33C00995B1205740010002D05C7,0.7555,1
8,1,-117,0.05,94,3653,36,3,1,0,25,1612,1618.7,6,4622,medium,080001008B005E732413194C0606000E12E4,0.1545,0
10,2,-67,15.0,3,3809,76,1,0,0,2,107,122.1,27,2171,medium,0A000200BD3C03824C01026B001B007B08BE,0.8698,1
15,10,-58,15.0,0,3752,59,1,1,0,8,93,94.3,27,3903,light,0F000A00C63C007D3B11085D001B003F0F9D,0.718,1
4,2,-76,15.0,8,4033,92,3,1,0,10,259,275.9,14,3519,light,04000200B43C08995C130A03010E00BF0DED,0.5702,0
13,6,-107,10.71,93,3937,86,1,0,0,45,400,485.3,30,4459,medium,0D000600952B5D8F56012D90011E006B119C,0.1035,0
1,11,-98,15.0,24,3756,64,3,1,0,1,268,267.8,160,3474,medium,01000B009E3C187D4013010C01A000920DCE,0.7026,1
13,14,-121,-4.66,75,3755,63,2,1,0,4,1357,1358.6,25,7081,medium,0D000E0087ED4B7D3F12044D051900A91B24,0.4122,0
15,13,-82,15.0,4,3638,32,1,1,0,11,498,510.9,1894,48,light,0F000D00AE3C047120110BF201660730000C,0.6309,0
16,15,-85,15.0,15,3636,31,2,1,0,6,756,764.2,3215,475,light,10000F00AB3C0F711F1206F4028F0CDB0131,0.6639,0
16,8,-128,-9.56,79,3814,78,1,1,0,8,1071,1083.0,8,1964,dense,1000080080DA4F834E11082F040800AC077F,0.01,0
3,6,-128,-10.35,75,3824,81,2,0,0,1,4003,3470.3,176,4780,medium,0300060080D74B84510201A30FB000AC12C2,0.01,0
9,4,-91,15.0,18,3836,80,1,1,0,1,1079,1041.0,1693,6582,light,09000400A53C128550110137049D06B6191E,0.8183,1
9,13,-88,15.0,22,3786,65,1,1,0,10,130,152.4,19,558,medium,09000D00A83C168041110A820013002E0266,0.5811,0
8,12,-128,-12.94,74,3791,70,2,1,0,4,1118,1103.3,235,2806,dense,08000C0080CC4A814612045E04EB00F60AE6,0.01,0
16,6,-128,-12.77,83,3705,53,2,1,0,7,1693,1683.0,8,1666,dense,1000060080CD53783512079D060800820669,0.01,0
12,3,-102,15.0,87,3588,17,2,0,0,49,4741,3918.4,28,4038,light,0C0003009A3C576C11023185121C00C60F67,0.1061,0
9,8,-128,-11.34,100,3784,72,3,0,0,48,578,457.3,16,7053,dense,0900080080D36480480330420210008D1BB6,0.01,0
4,13,-98,15.0,72,3489,12,1,1,0,38,443,431.6,9,2211,medium,04000D009E3C48620C1126BB010900A3083D,0.1427,0
12,3,-68,15.0,1,3792,71,3,1,0,2,185,195.1,148,6592,light,0C000300BC3C0181471302B9009400C0197C,0.7878,1
13,4,-128,-13.37,78,3714,47,1,1,0,10,1363,1349.6,24,2060,dense,0D00040080CB4E792F110A530518000C0804,0.01,0
13,2,-85,15.0,2,3806,76,2,1,0,5,488,494.1,12,998,light,0D000200AB3C02824C1205E8010C00E6035D,0.7464,1
7,11,-98,15.0,34,3716,46,1,0,0,7,173,204.1,15,3804,medium,07000B009E3C22792E0107AD000F00DC0EBA,0.5919,1
6,12,-111,4.15,83,3824,80,3,1,0,25,1607,1625.9,11,2196,medium,06000C009111538450131947060B00940877,0.1779,0
15,13,-128,-10.96,67,4173,98,1,1,0,0,3728,3724.3,159,660,medium,0F000D0080D443A7621100900E9F0094023A,0.01,0
4,2,-126,-8.28,72,3575,14,2,1,0,1,3222,3228.5,2983,3198,medium,0400020082DF486B0E1201960CA70B7E0CC9,0.0735,0
10,8,-85,15.0,8,3747,56,2,0,0,5,552,749.3,15,5719,light,0A000800AB3C087C38020528020F0057165B,0.7192,1
15,11,-89,15.0,25,3905,83,2,1,0,7,87,101.9,26,3381,dense,0F000B00A73C198C53120757001A00350D27,0.5988,1
1,10,-128,-14.42,85,3672,35,1,1,0,12,3909,3921.6,1,1899,dense,01000A0080C6557523110C450F01006B0769,0.01,0
7,8,-128,-11.46,75,3695,44,2,1,0,3,2578,2581.1,153,5028,medium,0700080080D24B772C1203120A9900A4131E,0.01,0
10,12,-102,13.77,49,4049,93,1,1,0,10,102,107.9,15,1543,dense,0A000C009A37319A5D110A66000F000706F3,0.4726,1
1,4,-127,-12.38,87,3659,34,1,1,0,15,2084,2076.7,246,4087,medium,0100040081CE577322110F2408F600F70F40,0.01,0
2,7,-118,-4.64,58,3627,27,1,1,0,2,153,157.6,159,1004,dense,020007008AED3A701B110299009F00EC0311,0.5537,0
13,14,-89,15.0,51,3735,63,2,1,0,28,1249,1237.2,22,5970,light,0D000E00A73C337B3F121CE1041600521775,0.2344,0
4,6,-83,15.0,8,3726,57,2,1,0,3,110,112.1,38,4794,medium,04000600AD3C087A3912036E002600BA1215,0.7714,0
1,2,-114,3.58,60,3757,61,3,1,0,7,1112,1108.7,20,494,medium,010002008E0E3C7D3D130758041400EE01DC,0.4258,1
4,3,-92,15.0,32,3911,84,1,1,0,11,171,159.4,224,2058,medium,04000300A43C208D54110BAB00E0000A0874,0.5223,1
15,9,-103,10.47,38,3595,24,1,0,0,4,824,553.6,20,3686,medium,0F000900992A266D18010438031400660E8F,0.6376,1
12,8,-114,0.65,73,3764,63,1,1,0,12,469,460.8,2997,6714,medium,0C0008008E03497E3F110CD501B50B3A1AAD,0.3508,0
16,13,-97,15.0,14,3668,41,1,1,0,1,261,256.2,5,3981,medium,10000D009F3C0E74291101050105008D0F53,0.8403,1
13,11,-110,3.26,42,3741,57,1,0,0,0,738,676.6,7,5239,medium,0D000B00920D2A7C390100E20207007714A1,0.7106,1
14,15,-85,15.0,38,3767,66,1,1,0,34,276,270.8,7,1897,medium,0E000F00AB3C267E421122140107006907F3,0.2231,1
8,11,-74,15.0,0,3780,73,1,1,0,5,285,294.1,23,1482,light,08000B00B63C00804911051D011700CA053A,0.7975,1
6,10,-128,-11.68,77,3789,69,5,1,0,5,3598,3607.8,21,1976,medium,06000A0080D14D804515050E0E1500B80742,0.01,0
9,6,-128,-9.57,86,3957,87,5,1,0,8,3051,3051.2,29,1822,medium,0900060080DA5691571508EB0B1D001E0784,0.01,0
9,16,-103,15.0,28,3750,61,1,1,0,2,532,522.2,29,2465,medium,09001000993C1C7D3D110214021D00A1096F,0.737,1
7,13,-105,9.77,37,3808,76,3,1,0,1,895,893.7,50,3130,medium,07000D00972725824C13017F0332003A0C94,0.6386,1
11,6,-121,-3.67,75,3753,60,3,0,0,9,1356,1972.8,21,342,medium,0B00060087F14B7D3C03094C051500560152,0.3362,0
11,9,-76,15.0,4,4147,99,5,1,0,9,380,379.3,252,1217,light,0B000900B43C04A46315097C01FC00C10465,0.5342,1
2,10,-62,15.0,39,4006,89,1,1,0,50,148,134.3,13,6031,light,02000A00C23C279659113294000D008F1705,0.1794,0
9,14,-76,15.0,4,3723,60,1,1,0,3,90,86.6,20,2869,medium,09000E00B43C047A3C11035A001400350B22,0.8348,0
15,10,-83,15.0,3,3764,63,1,1,0,1,948,916.7,2844,7121,light,0F000A00AD3C037E3F1101B4031C0BD11BC6,0.9008,1
11,13,-120,-1.89,76,3778,69,2,1,0,8,1320,1331.2,278,1162,medium,0B000D0088F84C7F451208280516018A0462,0.3693,0
13,10,-128,-14.31,73,3612,20,1,1,0,4,3145,3156.9,21,2227,medium,0D000A0080C7496F141104490C1500B30843,0.01,0
12,15,-124,-7.3,81,3777,72,5,1,0,11,1094,1091.3,11,1532,medium,0C000F0084E3517F48150B46040B00FC059A,0.1164,0
1,2,-119,0.9,70,3622,32,1,1,0,5,1713,1694.9,10,512,medium,0100020089044670201105B1060A00000293,0.4625,0
1,10,-96,15.0,29,3661,32,1,0,0,8,2964,3265.2,20,1256,light,01000A00A03C1D74200108940B1400E80479,0.5931,1
11,8,-90,15.0,20,3655,38,3,1,0,4,1498,1515.3,29,6313,light,0B000800A63C1473261304DA051D00A9184F,0.6503,0
6,7,-72,15.0,12,3779,63,3,0,0,16,265,128.4,29,6113,medium,06000700B83C0C7F3F031009011D00E11769,0.4506,0
9,3,-95,15.0,28,3727,46,2,1,0,9,2293,2293.8,20,2948,light,09000300A13C1C7A2E1209F5081400840B51,0.5465,0
5,10,-128,-10.8,73,3754,63,1,1,0,2,4087,4092.1,3432,2215,medium,05000A0080D5497D3F1102F70F680DA70883,0.01,0
7,14,-67,15.0,1,3775,74,2,0,0,7,215,193.3,14,6028,light,07000E00BD3C017F4A0207D7000E008C1775,0.7002,0
13,10,-128,-11.81,89,3904,83,2,1,0,21,3666,3680.1,27,3245,medium,0D000A0080D1598C531215520E1B00AD0C9B,0.01,0
13,9,-128,-13.83,78,3659,34,3,1,0,4,2821,2824.2,181,5657,dense,0D00090080C94E73221304050BB5001916A1,0.01,0
15,2,-71,15.0,35,4150,97,2,1,0,41,308,314.0,1,5842,light,0F000200B93C23A561122934010100D21664,0.1753,0
3,6,-101,14.13,74,3758,62,2,1,0,43,282,284.8,3,6485,medium,030006009B394A7D3E122B1A010300551912,0.1234,0
6,8,-74,15.0,5,3625,30,3,0,0,2,1737,719.7,6,5986,light,06000800B63C05701E0302C906060062176D,0.7688,1
6,2,-128,-10.95,77,3546,14,1,1,0,7,3043,3062.0,1,5407,dense,0600020080D44D680E1107E30B01001F1566,0.01,0
3,11,-98,15.0,32,3877,82,2,1,0,0,2242,2241.3,2,270,light,03000B009E3C2089521200C20802000E01E1,0.7272,0
10,6,-94,15.0,39,3754,63,2,1,0,11,1590,1592.0,121,2955,light,0A000600A23C277D3F120B360679008B0BD1,0.4691,1
10,6,-128,-10.91,65,3298,8,2,1,0,2,2670,2655.7,28,4302,medium,0A00060080D4414F0812026E0A1C00CE10A3,0.01,0
2,3,-128,-11.43,74,3755,58,2,0,0,12,1014,298.8,249,2132,dense,0200030080D24A7D3A020CF603F9005408E1,0.01,0
12,16,-120,-3.61,73,3879,83,2,1,0,9,1392,1384.4,10,3813,medium,0C00100088F2498953120970050A00E50ECE,0.3641,1
7,14,-108,8.82,59,3279,7,3,1,0,10,661,633.9,10,2464,medium,07000E0094233B4D07130A95020A00A00936,0.2974,0
1,3,-123,-6.06,77,3873,82,1,0,0,5,2719,1775.8,276,5294,medium,0100030085E84D895201059F0A1401AE140B,0.356,1
15,16,-128,-13.06,97,4025,91,4,1,0,48,3266,3277.6,24,1711,dense,0F00100080CC61985B1430C20C1800AF06D8,0.01,0
12,2,-128,-11.92,86,3586,17,2,1,0,9,4078,4072.3,90,5782,medium,0C00020080D0566C111209EE0F5A009616F6,0.01,0
9,7,-128,-12.25,80,4050,92,1,1,0,2,963,956.8,26,763,dense,0900070080CF509B5C1102C3031A00FB024C,0.01,0
16,15,-83,15.0,7,3972,87,2,0,0,2,499,698.1,3072,1685,light,10000F00AD3C0793570202F301000C95061A,0.8039,1
4,1,-75,15.0,0,4075,94,1,1,0,1,420,419.8,22,2562,light,04000100B53C009D5E1101A4011600020ACA,0.9173,1
7,4,-99,15.0,34,3924,85,1,1,0,1,322,311.4,20,2874,medium,070004009D3C228E551101420114003A0B6F,0.7302,1
10,11,-57,15.0,17,3783,70,1,0,0,45,168,113.5,2,3498,light,0A000B00C73C118046012DA8000200AA0DB7,0.2104,0
15,10,-128,-10.65,98,3689,46,3,1,0,44,1777,1801.4,3,5612,medium,0F000A0080D562762E132CF1060300EC152F,0.01,0
16,4,-95,15.0,40,3774,66,1,1,0,10,1867,1878.1,28,540,light,10000400A13C287F42110A4B071C001C0200,0.5088,1
15,14,-128,-11.33,95,3757,60,1,1,0,12,1521,1506.9,18,3781,dense,0F000E0080D35F7D3C110CF1051200C50E3D,0.01,0
8,10,-85,15.0,18,3145,5,2,1,0,6,131,128.4,11,643,medium,08000A00AB3C124005120683000B0083023B,0.1301,0
16,2,-109,8.0,45,4058,91,1,1,0,1,536,557.3,22,5413,medium,1000020093202D9B5B110118021600251518,0.6696,1
5,16,-127,-9.11,75,3990,89,2,1,0,4,308,297.4,19,7192,dense,0500100081DC4B9559120434011300181C08,0.0125,0
10,16,-125,-6.41,96,3771,70,1,1,0,47,1384,1388.1,5,4501,medium,0A00100083E6607F46112F680505009511EC,0.0572,1
12,2,-128,-12.85,75,3702,43,1,1,0,6,2278,2280.7,14,1144,dense,0C00020080CD4B782B1106E6080E007804F2,0.01,0
12,15,-124,-7.76,71,3765,60,1,1,0,2,1637,1644.8,16,5266,medium,0C000F0084E1477E3C1102650610009214C8,0.169,0
14,10,-99,15.0,36,3828,75,1,1,0,9,524,522.6,16,3370,medium,0E000A009D3C24844B11090C0210002A0D05,0.5435,0
2,1,-116,0.13,96,3662,35,2,0,0,48,876,1010.4,25,4292,medium,020001008C0160742302306C031900C41051,0.0941,1
16,11,-128,-11.73,71,3454,12,3,0,0,0,298,1069.6,18,3848,dense,10000B0080D1475F0C03002A011200080F14,0.01,0
12,14,-77,15.0,0,3856,81,1,1,0,4,475,477.8,16,2395,light,0C000E00B33C0087511104DB0110005B09FD,0.8259,1
10,8,-114,3.2,58,3795,67,1,1,0,4,1024,1028.5,120,5404,medium,0A0008008E0D3A81431104000478001C151A,0.5385,0
9,14,-124,-5.89,88,4102,93,1,1,0,24,1468,1459.0,109,3387,medium,09000E0084E858A05D1118BC056D003B0DC8,0.1323,0
15,12,-70,15.0,0,3806,70,2,1,0,1,194,175.5,15,6117,light,0F000C00BA3C0082461201C2000F00E517FB,0.869,0
8,7,-93,15.0,31,3657,37,1,1,0,12,222,224.4,22,341,medium,08000700A33C1F7325110CDE0016005501DC,0.5081,0
12,15,-116,3.37,94,3759,70,1,1,0,40,154,156.9,22,6316,dense,0C000F008C0D5E7D4611289A001600AC187F,0.1021,0
6,7,-117,-1.4,99,3693,55,1,1,0,43,413,416.7,24,199,medium,060007008BFA637737112B9D011800C70026,0.095,1
7,11,-128,-12.9,80,3742,49,1,1,0,10,2233,2231.8,6,2418,medium,07000B0080CC507C31110AB9080600720902,0.01,0
15,16,-128,-12.07,84,3935,85,3,1,0,12,4121,4128.0,25,497,dense,0F00100080D0548F55130C19101900F1017F,0.01,0
6,9,-89,15.0,74,3664,32,2,0,0,49,142,91.5,85,851,dense,06000900A73C4A742002318E00550053031F,0.1234,1
9,14,-128,-11.44,75,3662,41,4,1,0,4,2475,2457.2,11,5801,dense,09000E0080D24B74291404AB090B00A916A7,0.01,0
14,7,-128,-9.66,82,3813,79,1,1,0,12,2414,2394.0,19,3286,dense,0E00070080D952834F110C6E091300D60CAA,0.01,0
3,7,-128,-11.42,68,3337,9,3,1,0,2,489,497.4,13,879,dense,0300070080D24453091302E9010D006F035D,0.01,0
3,16,-89,15.0,29,3628,25,2,1,0,7,225,221.7,26,6839,medium,03001000A73C1D70191207E1001A00B71AE3,0.5819,0
1,2,-120,-1.5,65,3791,73,1,1,0,8,721,736.8,22,595,medium,0100020088FA4181491108D10216005302C2,0.4374,1
1,9,-124,-8.48,75,3680,42,1,0,0,4,2421,3952.5,4,4846,medium,0100090084DE4B762A010475090400EE126E,0.0894,0
4,9,-117,-0.94,79,3156,5,1,1,0,11,2139,2139.5,11,1130,medium,040009008BFC4F4105110B5B080B006A0420,0.068,0
7,14,-60,15.0,0,3221,6,3,1,0,5,124,131.5,15,823,light,07000E00C43C00480613057C000F00370372,0.4863,0
13,14,-116,0.71,63,3020,2,4,0,0,9,257,197.8,14,1177,dense,0D000E008C033F3402040901010E0099045F,0.0726,0
14,4,-128,-10.24,75,3143,4,2,0,0,10,2956,4081.9,10,1935,medium,0E00040080D74B4004020A8C0B0A008F07D7,0.01,0
4,11,-128,-11.03,73,3769,64,3,1,0,4,718,713.0,107,3891,dense,04000B0080D4497E401304CE026B00330F30,0.01,0
2,1,-110,3.64,52,3771,70,3,1,0,0,503,501.2,121,3978,medium,02000100920F347F461300F70179008A0FBF,0.5848,1
8,13,-114,2.3,46,3959,88,3,1,0,1,1047,1039.9,4,1643,medium,08000D008E092E91581301170404006B066B,0.5942,1
16,10,-128,-10.72,70,3728,52,2,1,0,2,332,332.3,7,1047,dense,10000A0080D5467A3412024C0107001704C2,0.01,0
9,3,-110,7.61,52,3980,89,1,0,0,2,724,785.9,2668,7009,medium,09000300921E3494590102D4026C0A611B4A,0.6094,1
16,14,-126,-10.38,74,3756,67,2,1,0,3,4180,4179.8,2724,4704,medium,10000E0082D64A7D4312035410A40A601206,0.01,0
2,1,-123,-7.94,68,3809,74,1,0,1,11,3394,2271.4,15,6174,medium,0200010085E044824A210B420D0F001E188A,0.1459,0
7,3,-82,15.0,12,3723,55,2,0,0,7,853,774.8,24,1140,light,07000300AE3C0C7A3702075503180074043E,0.6537,1
12,11,-99,15.0,39,3739,58,3,1,0,0,276,295.8,3160,4448,medium,0C000B009D3C277B3A13001401580C601173,0.6511,1
3,11,-128,-12.4,71,3582,17,2,1,0,1,2767,2750.1,15,5314,medium,03000B0080CE476C111201CF0A0F00C21457,0.01,0
7,3,-93,15.0,26,3655,35,4,1,0,11,2633,2629.0,24,2195,light,07000300A33C1A7323140B490A180093087A,0.4594,1
2,3,-103,13.58,48,4038,92,2,0,0,8,604,341.8,15,5683,medium,02000300993630995C02085C020F00331610,0.4843,0
3,5,-128,-9.07,76,3586,16,1,1,0,1,3721,3707.5,4,1678,medium,0300050080DC4C6C101101890E04008E06EB,0.01,0
10,7,-128,-9.97,68,3645,30,1,1,0,4,1663,1654.8,1,3377,medium,0A00070080D844721E11047F060100310D86,0.01,0
11,8,-73,15.0,34,3765,75,1,1,0,34,102,116.5,9,2365,medium,0B000800B73C227E4B1122660009003D09CB,0.2301,1
12,5,-92,15.0,25,3944,87,1,1,0,11,970,960.4,22,342,light,0C000500A43C199057110BCA0316005601AF,0.5495,0
15,5,-73,15.0,38,3919,84,5,1,0,43,227,210.3,798,3319,light,0F000500B73C268D54152BE3001E03F70C68,0.1428,0
15,16,-84,15.0,16,4153,98,1,0,0,7,819,660.6,25,3626,light,0F001000AC3C10A5620107330319002A0ED4,0.6722,1
16,15,-113,6.24,61,3592,18,2,1,0,5,637,649.7,2,6405,medium,10000F008F193D6D1212057D0202000519D4,0.479,1
1,3,-110,10.47,52,3745,58,2,1,0,5,1017,1004.9,17,1216,medium,01000300922A347C3A1205F9031100C004BE,0.5198,1
13,6,-107,9.08,52,3672,34,2,1,0,7,487,482.6,14,5968,medium,0D00060095243475221207E7010E00501741,0.4847,1
14,3,-128,-8.66,71,3629,29,5,1,0,5,2034,2022.2,19,5238,medium,0E00030080DD47701D1505F20713007614DB,0.01,0
15,12,-128,-12.2,71,3722,48,1,0,1,4,518,616.7,283,1844,dense,0F000C0080CF477A30210406021B013407B5,0.01,1
9,5,-128,-10.89,82,3890,84,3,0,0,7,5041,3558.6,21,2275,dense,0900050080D4528B540307B1131500E30895,0.01,0
12,10,-121,-4.07,67,3674,43,5,1,0,5,1176,1184.3,19,484,medium,0C000A0087F043752B150598041300E40101,0.368,0
5,7,-116,0.61,70,4107,96,1,1,0,8,891,903.8,294,1506,medium,050007008C0246A06011087B032601E2059E,0.4164,0
6,10,-117,0.8,66,4015,90,1,1,0,5,1378,1383.0,19,4249,medium,06000A008B0342975A1105620513009910A0,0.4816,0
14,6,-104,10.83,55,3655,36,3,1,0,8,3218,3218.1,300,5757,light,0E000600982B3773241308920C2C017D1699,0.4304,1
15,16,-126,-7.39,70,3799,76,1,0,0,7,495,300.5,3428,1415,dense,0F00100082E246814C0107EF01640D8705E3,0.0686,1
4,5,-114,4.12,63,3771,68,1,1,0,6,959,937.6,26,3972,medium,040005008E103F7F441106BF031A00840FE0,0.479,1
4,1,-126,-7.98,87,3089,3,1,0,0,15,2754,2197.4,26,1643,medium,0400010082E0573A03010FC20A1A006B0605,0.01,0
3,4,-128,-13.74,82,3770,70,1,1,1,11,3210,3214.4,65,6257,dense,0300040080C9527F46310B8A0C4100711888,0.01,0
7,5,-128,-10.91,85,3517,13,4,1,0,11,281,290.2,23,884,dense,0700050080D455650D140B19011700740344,0.01,0
13,7,-67,15.0,17,3751,54,1,1,0,23,195,208.5,178,678,light,0D000700BD3C117D361117C300B200A60254,0.3814,1
10,8,-97,15.0,29,3778,74,2,1,0,6,267,279.5,3,109,medium,0A0008009F3C1D7F4A12060B0103006D008E,0.6026,1
4,8,-114,2.63,53,3118,4,1,1,0,1,777,775.1,29,1635,medium,040008008E0B353D04110109031D00630665,0.1251,0
13,2,-104,11.43,54,3979,89,3,0,0,12,426,715.2,21,4946,medium,0D000200982E369359030CAA01150052130E,0.3775,0
9,3,-105,10.69,55,3640,36,2,1,0,21,3317,3319.9,27,1472,light,09000300972B3772241215F50C1B00C00580,0.2891,0
5,6,-87,15.0,13,3548,14,3,1,0,3,655,655.7,16,2819,light,05000600A93C0D680E13038F021000030BBB,0.7056,1
1,14,-100,15.0,42,3788,72,1,1,0,7,643,648.4,6,3533,medium,01000E009C3C2A8048110783020600CD0DE6,0.5562,0
16,13,-112,4.57,52,3933,85,2,1,0,2,801,805.5,13,3099,medium,10000D009012348F55120221030D001B0C78,0.5773,1
10,6,-120,-6.69,72,3622,31,3,0,0,12,1690,1678.9,11,2932,medium,0A00060088E548701F030C9A060B00740B73,0.2249,1
8,4,-103,11.99,63,3497,13,3,1,0,25,700,697.6,11,3465,medium,0800040099303F630D1319BC020B00890D4B,0.2204,0
9,1,-98,15.0,37,3798,71,1,1,0,12,244,224.5,23,6652,medium,090001009E3C258147110CF4001700FC19D9,0.4856,1
10,6,-98,15.0,33,4156,98,1,1,0,3,3025,3020.2,2,1855,light,0A0006009E3C21A5621103D10B02003F07F7,0.686,0
4,11,-95,15.0,38,3787,76,1,0,0,10,1966,1834.2,17,2571,light,04000B00A13C26804C010AAE0711000B0ACF,0.5168,1
15,11,-94,15.0,30,3535,13,3,1,0,3,1433,1405.4,1398,4369,light,0F000B00A23C1E670D13039905760511119C,0.6275,0
14,16,-96,15.0,40,3802,71,1,0,0,10,743,283.5,28,6806,medium,0E001000A03C288247010AE7021C00961A66,0.5088,0
14,5,-121,-7.89,100,3666,40,1,1,0,27,1935,1945.2,26,3577,medium,0E00050087E0647428111B8F071A00F90D52,0.0582,0
7,3,-87,15.0,11,3769,67,2,0,0,0,2671,1869.6,41,692,light,07000300A93C0B7E4302006F0A2900B402C0,0.8406,1
3,16,-128,-13.6,68,4089,94,1,1,0,2,1525,1516.2,19,6796,dense,0300100080CA449E5E1102F50513008C1AE4,0.01,0
9,8,-89,15.0,22,3713,47,1,0,0,6,1228,1678.5,24,880,light,09000800A73C16792F0106CC041800700372,0.6684,0
15,7,-93,15.0,41,3797,71,4,1,0,6,316,301.9,3513,2978,medium,0F000700A33C29814714063C01B90DA20B8C,0.4889,1
10,1,-128,-9.8,100,3551,13,3,1,0,30,353,366.9,2918,2977,dense,0A00010080D964690D131E6101660BA10B68,0.01,0
8,15,-80,15.0,15,4103,96,4,1,0,12,573,537.9,7,6658,light,08000F00B03C0FA060140C3D020700021A2A,0.4783,1
2,6,-128,-11.31,86,3814,76,1,1,0,11,1776,1781.6,30,4152,dense,0200060080D356834C110BF0061E0038102B,0.01,0
11,8,-128,-9.33,74,3785,63,1,1,0,0,681,693.0,21,912,dense,0B00080080DB4A803F1100A90215009003AB,0.01,0
5,15,-106,11.32,72,3806,75,3,1,0,26,240,249.5,27,696,medium,05000F00962D48824B131AF0001B00B802B9,0.1943,1
13,15,-104,11.58,31,4115,96,2,0,0,1,1448,1867.1,165,412,light,0D000F00982E1FA1600201A805A5009C01DE,0.7074,1
9,3,-98,15.0,43,3752,60,2,0,0,7,441,241.1,91,1565,medium,090003009E3C2B7D3C0207B9015B001D0663,0.5227,0
9,5,-108,7.11,43,3729,64,1,1,0,11,854,854.9,123,240,medium,09000500941C2B7A40110B56037B00F00067,0.4796,1
15,16,-128,-11.45,80,3753,58,2,1,0,11,1404,1408.8,7,4897,medium,0F00100080D2507D3A120B7C0507002113D4,0.01,0
2,1,-64,15.0,4,4168,99,4,1,0,9,177,180.2,26,5081,light,02000100C03C04A6631409B1001A00D913FF,0.5698,0
12,3,-125,-8.49,72,3733,66,2,1,0,7,1837,1812.9,11,2571,medium,0C00030083DE487B4212072D070B000B0A6B,0.0605,0
9,13,-115,-1.14,63,3788,66,3,1,0,8,843,838.4,115,4029,medium,09000D008DFB3F804213084B037300BD0F41,0.3992,1
15,1,-90,15.0,23,3629,35,1,0,0,1,1493,1284.8,30,5813,light,0F000100A63C1770230101D5051E00B516E2,0.7907,1
4,15,-89,15.0,32,3620,25,1,1,0,11,1466,1472.2,2691,38,light,04000F00A73C207019110BBA05830A2600C2,0.5223,0
14,16,-128,-11.89,84,4086,94,1,1,0,10,1590,1588.3,12,669,dense,0E00100080D0549E5E110A36060C009D02D0,0.01,0
16,8,-88,15.0,11,3776,69,1,1,0,7,137,130.0,97,6571,medium,10000800A83C0B7F45110789006100AB19E9,0.6945,1
2,13,-120,-2.8,64,3777,72,1,1,0,6,262,241.6,28,3301,dense,02000D0088F5407F48110606011C00E50CEC,0.4717,0
5,2,-128,-8.95,76,4114,96,4,1,0,5,774,775.0,27,3654,dense,0500020080DC4CA160140506031B00460E79,0.01,0
14,2,-128,-13.51,100,3805,74,1,0,0,36,5066,3613.5,22,1275,dense,0E00020080CA64824A0124CA131600FB0496,0.01,0
3,6,-82,15.0,16,3789,68,5,0,0,4,758,554.4,17,4518,light,03000600AE3C1080440504F6021100A6116D,0.5894,1
4,10,-69,15.0,1,3834,80,1,0,0,1,256,201.0,1,1475,light,04000A00BB3C018550010100010100C305EC,0.9118,1
2,3,-113,2.01,59,3715,44,3,1,0,12,774,770.1,30,6124,medium,020003008F083B792C130C06031E00EC1700,0.3608,1
4,8,-83,15.0,12,3605,24,2,0,0,10,353,497.5,20,5057,light,04000800AD3C0C6E18020A61011400C1136B,0.5886,0
13,14,-78,15.0,0,3084,3,1,1,0,0,457,439.5,21,6903,light,0D000E00B23C003A031100C9011500F71ADB,0.19,0
7,2,-121,-6.38,70,3751,55,1,1,0,11,1202,1201.3,272,4799,medium,0700020087E6467D37110BB2041001BF12A0,0.2903,0
13,1,-79,15.0,13,3800,74,1,1,0,9,726,737.6,18,3987,light,0D000100B13C0D824A1109D6021200930FA9,0.6392,0
16,4,-99,15.0,39,3759,69,1,0,0,6,331,240.4,2851,2845,medium,100004009D3C277D4501064B01230B1D0B20,0.5899,1
6,5,-96,15.0,29,3825,77,2,0,0,9,88,215.1,270,5927,medium,06000500A03C1D844D020958000E01271736,0.5425,0
12,14,-101,15.0,86,3620,25,2,1,0,45,85,100.6,7,6505,dense,0C000E009B3C567019122D55000700691950,0.1074,0
10,4,-91,15.0,28,3608,16,1,1,0,8,1567,1563.3,3,1862,light,0A000400A53C1C6E1011081F060300460790,0.5974,1
9,6,-128,-13.09,77,3812,80,3,1,0,8,1951,1947.0,56,6899,dense,0900060080CC4D835013089F073800F31A70,0.01,0
4,15,-128,-10.56,85,3617,22,1,1,0,11,4007,4008.7,290,818,medium,04000F0080D6556F16110BA70F2201320330,0.01,0
5,2,-128,-8.84,81,3967,89,1,1,0,5,3567,3551.2,6,6188,medium,0500020080DD5192591105EF0D06002C1837,0.01,0
8,3,-121,-6.8,81,3763,61,1,0,1,7,2087,1316.8,17,6314,medium,0800030087E5517E3D210727081100AA187B,0.2612,0
3,2,-128,-14.18,97,3826,74,1,0,0,24,749,1378.9,2,5582,medium,0300020080C761844A0118ED020200CE15A5,0.01,0
11,16,-128,-7.22,87,3857,82,1,1,0,10,681,670.5,18,6655,dense,0B00100080E3578752110AA9021200FF19BB,0.01,0
7,16,-80,15.0,65,3693,44,2,1,0,49,671,664.6,3,2796,light,07001000B03C41772C12319F020300EC0AD0,0.1354,0
1,16,-128,-11.01,78,3698,46,2,1,0,1,1718,1702.1,27,2908,medium,0100100080D44E772E1201B6061B005C0B05,0.01,0
4,9,-93,15.0,32,4174,99,3,1,0,9,284,289.3,21,5468,medium,04000900A33C20A76313091C0115005C1512,0.5012,0
5,13,-110,5.51,62,3693,37,1,1,0,7,806,796.2,23,514,medium,05000D0092163E77251107260317000202EF,0.467,1
7,9,-128,-9.01,81,3809,80,3,1,0,9,1243,1263.7,3123,4015,medium,0700090080DC5182501309DB04330CAF0F05,0.01,0
6,3,-128,-13.83,82,4164,98,2,1,0,11,1730,1732.4,16,4584,medium,0600030080C952A662120BC2061000E8111D,0.01,0
14,2,-75,15.0,1,3111,4,1,1,0,4,104,101.0,104,3460,medium,0E000200B53C013D04110468006800840DF0,0.1642,0
10,4,-99,15.0,87,3412,10,1,1,0,45,226,234.2,262,3898,medium,0A0004009D3C575B0A112DE20006013A0F97,0.112,0
5,14,-128,-13.15,72,3916,85,1,0,0,1,3601,3909.6,22,3244,medium,05000E0080CB488D550101110E1600AC0C75,0.01,0
15,12,-61,15.0,0,3593,18,2,1,0,4,106,125.1,1089,4443,light,0F000C00C33C006D1212046A0041045B1127,0.7824,1
7,14,-128,-9.9,100,3697,52,1,1,0,28,271,283.3,258,4976,dense,07000E0080D8647734111C0F010201701358,0.01,0
16,14,-118,1.25,56,3589,18,2,1,0,1,1591,1589.0,4,2098,medium,10000E008A05386C121201370604003208FE,0.577,1
14,11,-97,15.0,30,3595,19,1,1,0,5,210,233.6,29,6785,medium,0E000B009F3C1E6D131105D2001D00811A23,0.6539,1
8,14,-81,15.0,8,3811,77,4,1,0,5,651,618.7,14,5194,light,08000E00AF3C08834D14058B020E004A14DC,0.6393,0
9,10,-127,-8.46,77,3650,38,3,1,0,6,1609,1632.2,287,1171,medium,09000A0081DE4D7326130649061F019304DA,0.0239,0
8,10,-128,-9.86,91,3732,56,3,1,0,9,3663,3667.1,547,3955,dense,08000A0080D95B7B3813094F0E2302730FE5,0.01,0
13,6,-102,15.0,39,3794,67,1,1,0,1,2937,2922.9,93,2294,light,0D0006009A3C2781431101790B5D00F60843,0.7027,1
11,16,-128,-12.52,77,3700,45,2,1,0,5,3021,3038.6,199,1100,medium,0B00100080CE4D782D1205CD0BC7004C043B,0.01,1
16,1,-124,-7.15,82,4047,95,2,1,0,8,3421,3424.9,29,6821,medium,1000010084E3529A5F12085D0D1D00A51AED,0.1594,0
4,7,-128,-10.51,70,3810,72,3,1,1,0,2181,2184.7,12,6092,medium,0400070080D6468348330085080C00CC1756,0.01,0
12,4,-118,-1.3,77,3697,44,1,1,0,5,2031,2046.3,16,6731,medium,0C0004008AFB4D772C1105EF0710004B1A36,0.4286,1
9,11,-88,15.0,15,3706,45,2,1,0,2,589,602.9,5,4673,light,09000B00A83C0F782D12024D020500411282,0.7636,0
9,4,-91,15.0,23,3907,85,2,1,0,7,1760,1755.8,14,3338,light,09000400A53C178C551207E0060E000A0DEE,0.6072,0
15,8,-128,-11.4,86,3764,65,1,1,0,7,2351,2357.7,13,4689,dense,0F00080080D2567E4111072F090D005112B2,0.01,0
8,13,-73,15.0,2,3621,24,1,1,0,1,383,377.6,43,2743,light,08000D00B73C02701811017F012B00B70AF7,0.9063,1
16,4,-128,-10.45,95,3801,78,1,0,0,43,1249,1861.5,21,502,dense,1000040080D65F824E012BE1041500F601CA,0.01,0
3,14,-93,15.0,45,3784,68,2,1,0,18,78,80.4,10,6165,dense,03000E00A33C2D804412124E000A0015181C,0.3499,0
1,9,-128,-9.36,81,3855,82,1,1,1,12,353,361.2,17,846,dense,0100090080DB518752310C610111004E03B9,0.01,0
7,16,-101,12.25,35,3652,33,2,1,0,3,256,256.8,2,3575,medium,070010009B31237321120300010200F70D53,0.6401,0
12,5,-101,12.76,30,3642,35,2,1,0,0,449,445.4,22,6715,medium,0C0005009B331E72231200C10116003B1A04,0.738,0
14,6,-54,15.0,1,3999,90,1,1,0,11,100,100.1,15,2754,light,0E000600CA3C01955A110B64000F00C20AB5,0.6425,1
6,2,-128,-14.1,74,3183,5,1,1,0,3,535,532.2,153,6678,dense,0600020080C84A4405110317029900161A01,0.01,0
7,8,-94,15.0,56,3719,58,1,1,0,33,86,96.4,480,1636,dense,07000800A23C38793A11215600E001640605,0.1987,1
9,13,-128,-13.26,70,3615,25,1,1,0,1,394,390.5,22,914,dense,09000D0080CB466F1911018A01160092031D,0.01,0
15,4,-110,5.35,53,3679,37,3,0,0,6,782,1043.2,91,1076,medium,0F000400921535752503060E035B00340437,0.4699,1
13,12,-74,15.0,0,3768,66,1,0,0,3,129,92.6,10,5161,medium,0D000C00B63C007E42010381000A00291493,0.8553,0
16,4,-128,-12.25,76,3877,82,1,0,0,10,209,355.1,12,2641,dense,1000040080CF4C8952010AD1000C00510AED,0.01,0
16,12,-128,-12.72,79,3905,83,3,1,0,3,3761,3744.3,7,2511,medium,10000C0080CD4F8C531303B10E0700CF09FC,0.01,0
6,16,-128,-10.8,71,3527,14,1,1,0,3,4160,4170.3,15,3700,medium,0600100080D547660E110340100F00740E7C,0.01,0
16,6,-93,15.0,25,3755,66,1,0,0,4,745,1249.5,17,1870,light,10000600A33C197D420104E90211004E0729,0.702,1
2,10,-70,15.0,0,3637,29,3,1,0,4,210,186.0,101,4454,light,02000A00BA3C00711D1304D2006500661169,0.739,1
10,5,-128,-13.74,75,3791,73,2,1,0,7,3474,3453.5,25,5930,dense,0A00050080C94B81491207920D19002A1732,0.01,0
15,12,-128,-9.01,83,3584,15,1,1,0,6,2401,2407.2,15,7162,medium,0F000C0080DC536C0F110661090F00FA1B20,0.01,0
1,9,-128,-10.53,88,3646,33,2,1,0,12,2219,2226.3,10,6438,dense,0100090080D6587221120CAB080A0026196A,0.01,0
11,10,-98,15.0,26,4073,94,5,1,0,6,558,572.8,13,4670,medium,0B000A009E3C1A9D5E15062E020D003E129B,0.5131,0
10,2,-92,15.0,57,3704,48,2,1,0,27,150,160.6,13,5408,medium,0A000200A43C397830121B96000D002015A1,0.2302,0
12,9,-116,0.53,100,3823,72,5,1,0,41,784,778.7,3,1689,medium,0C0009008C026484481529100303009906E7,0.074,0
16,3,-106,6.5,46,3820,77,2,0,0,0,198,151.7,15,2027,dense,10000300961A2E844D0200C6000F00EB0730,0.6516,0
16,8,-67,15.0,2,3476,12,4,0,0,11,98,101.4,13,5065,light,10000800BD3C02610C040B62000D00C91383,0.5378,1
6,13,-99,14.29,43,3777,65,3,1,0,10,341,357.5,65,1784,medium,06000D009D392B7F41130A55014100F80666,0.4444,1
4,7,-77,15.0,7,3756,69,2,1,0,8,243,269.5,1,6146,light,04000700B33C077D451208F3000100021859,0.6516,1
13,15,-74,15.0,0,3687,44,1,1,0,7,338,372.7,3,5850,light,0D000F00B63C00762C110752010300DA1619,0.7436,1
9,15,-128,-11.87,76,3751,62,1,1,0,2,1265,1274.9,25,3614,dense,09000F0080D14C7D3E1102F10419001E0ED1,0.01,0
2,16,-75,15.0,4,4016,92,3,1,0,11,315,314.9,4,434,light,02001000B53C04975C130B3B010400B2018F,0.5645,1
13,14,-78,15.0,16,3746,63,1,1,0,15,520,499.6,1204,796,light,0D000E00B23C107C3F110F0802B4041C0382,0.508,0
6,13,-75,15.0,3,3648,30,2,0,0,3,135,126.1,13,872,medium,06000D00B53C03721E020387000D00680307,0.7957,1
13,11,-109,11.89,55,3738,57,3,1,0,5,789,784.6,29,4910,medium,0D000B009330377B39130515031D002E13B2,0.4781,0
6,5,-123,-5.49,77,3942,86,2,1,1,11,3026,3035.5,6,2750,medium,0600050085EA4D9056320BD20B0600BE0ACD,0.2969,0
15,7,-111,6.19,69,3960,86,1,1,0,22,421,426.5,24,655,medium,0F00070091194592561116A50118008F026B,0.2578,0
10,4,-89,15.0,20,3587,16,2,0,0,11,1411,1221.5,5,6234,light,0A000400A73C146C10020B830505005A184E,0.5389,0
14,11,-128,-13.47,79,3700,45,1,0,0,0,5232,2707.3,22,5899,dense,0E000B0080CA4F782D0100701416000B17F9,0.01,0
11,3,-78,15.0,4,3734,58,1,0,0,2,734,572.6,5,6814,light,0B000300B23C047B3A0102DE0205009E1A07,0.8645,1
3,8,-97,15.0,37,3773,66,1,1,0,4,191,182.9,134,3946,medium,030008009F3C257F421104BF0086006A0FED,0.6425,0
13,7,-97,15.0,30,3964,88,3,1,0,12,269,268.0,226,6221,medium,0D0007009F3C1E9258130C0D01E2004D180E,0.458,1
5,10,-109,5.23,41,3801,75,1,1,1,1,648,633.2,23,1558,medium,05000A00931529824B3101880217001606F6,0.6917,0
12,8,-117,-1.08,62,3955,88,1,1,0,9,1154,1144.0,29,4638,medium,0C0008008BFC3E9158110982041D001E1267,0.435,0
9,14,-128,-13.31,89,3811,76,2,1,0,10,4176,4171.0,14,6666,medium,09000E0080CB59834C120A50100E000A1AB4,0.01,0
1,13,-73,15.0,0,4119,97,1,0,0,9,214,243.7,27,761,light,01000D00B73C00A1610109D6001B00F902BF,0.6933,0
13,12,-124,-5.63,69,3784,63,1,1,0,4,188,201.8,17,3376,dense,0D000C0084E945803F1104BC001100300D86,0.4184,0
3,2,-128,-10.36,78,3621,23,2,1,0,6,261,253.1,1,577,dense,0300020080D74E70171206050101004102AF,0.01,0
14,11,-75,15.0,3,3623,24,1,0,0,8,104,113.8,15,6148,medium,0E000B00B53C037018010868000F000418ED,0.7051,0
9,16,-128,-10.93,87,3749,59,2,1,0,20,3580,3562.1,9,1928,medium,0900100080D4577C3B1214FC0D09008807A7,0.01,0
4,1,-128,-9.16,100,3399,11,5,0,0,48,2195,2447.3,13,3985,dense,0400010080DB64590B053093080D00910F3C,0.01,0
14,6,-128,-9.91,81,4045,91,4,1,0,6,604,598.8,12,7136,dense,0E00060080D8519A5B14065C020C00E01BA5,0.01,0
5,1,-126,-6.26,77,3700,43,3,1,1,9,253,245.1,28,1544,dense,0500010082E74D782B3309FD001C00080611,0.0797,0
11,1,-82,15.0,6,3956,88,2,1,0,7,94,114.2,20,3905,dense,0B000100AE3C06915812075E001400410FBF,0.6791,0
4,13,-101,14.34,49,4080,94,3,1,0,11,568,570.7,5,6823,medium,04000D009B39319E5E130B38020500A71A39,0.4083,0
15,3,-128,-7.85,82,3816,79,1,1,0,10,2006,2004.5,4,2679,dense,0F00030080E152834F110AD6070400770A40,0.01,0
8,13,-71,15.0,0,3774,60,1,1,0,11,109,102.9,1217,6282,medium,08000D00B93C007F3C110B6D00C1048A187C,0.6464,1
11,7,-128,-9.65,71,3896,84,3,0,0,6,3101,3887.1,8,917,medium,0B00070080D9478B5403061D0C080095032D,0.01,0
7,13,-128,-10.32,82,3647,29,1,1,0,4,3222,3217.2,1890,2623,medium,07000D0080D752721D1104960C62073F0AF2,0.01,0
5,10,-95,15.0,32,3588,18,3,0,0,4,844,370.6,16,1199,medium,05000A00A13C206C1203044C031000AF0472,0.5971,0
2,11,-110,8.98,66,3771,67,3,0,0,10,607,1386.9,3185,486,medium,02000B009224427F43030A5F02710CE601D1,0.3618,1
7,15,-128,-11.79,81,3728,57,3,1,0,7,625,619.9,10,2769,dense,07000F0080D1517A39130771020A00D10ADA,0.01,0
12,14,-91,15.0,22,3799,67,4,1,0,8,1213,1206.5,196,7098,light,0C000E00A53C1681431408BD04C400BA1B6D,0.5248,0
10,8,-90,15.0,36,3803,76,3,1,0,12,136,150.5,35,4720,medium,0A000800A63C24824C130C88002300701289,0.4379,0
5,8,-128,-7.9,83,4146,96,1,0,0,2,4508,2982.7,4,3558,medium,0500080080E053A46001029C110400E60DB3,0.01,0
13,4,-67,15.0,6,3917,85,4,0,0,6,337,246.7,26,6707,light,0D000400BD3C068D55040651011A00331A40,0.6251,1
15,6,-73,15.0,0,3699,41,4,1,0,9,237,240.4,19,779,light,0F000600B73C0077291409ED0013000B0304,0.5838,1
16,11,-100,13.57,33,3648,30,2,1,0,8,489,487.0,27,4399,medium,10000B009C3621721E1208E9011B002F1159,0.5455,1
3,10,-126,-12.45,91,3903,84,3,0,0,10,1474,2087.8,6,6562,medium,03000A0082CE5B8C54030AC2050600A219FD,0.01,0
7,12,-74,15.0,0,3736,56,5,0,0,5,199,141.2,6,2467,medium,07000C00B63C007B380505C7000600A3091E,0.6296,0
10,12,-72,15.0,1,3767,69,4,1,0,9,181,180.5,81,1947,light,0A000C00B83C017E451409B50051009B0753,0.5803,1
7,3,-87,15.0,43,3754,60,2,1,0,31,804,813.3,21,2087,light,07000300A93C2B7D3C121F24031500270827,0.2257,0
5,10,-122,-7.15,67,3700,41,2,1,0,9,761,784.7,27,6735,medium,05000A0086E34378291209F9021B004F1A04,0.2337,0
14,7,-90,15.0,16,3114,3,1,1,0,1,163,173.9,216,1203,medium,0E000700A63C103D031101A300D800B304EA,0.1659,0
1,3,-128,-8.66,81,3742,59,4,0,0,11,938,928.5,19,5743,dense,0100030080DD517C3B040BAA0313006F1608,0.01,0
9,11,-91,15.0,24,3693,45,1,0,1,10,1336,1318.1,18,2127,light,09000B00A53C18772D210A380512004F086C,0.5731,1
5,12,-100,15.0,40,3761,57,2,0,0,11,525,597.4,22,3600,medium,05000C009C3C287E39020B0D021600100ED6,0.4654,0
10,5,-128,-6.52,79,4111,96,1,0,0,1,1734,1489.9,14,633,medium,0A00050080E64FA1600101C6060E0079025B,0.01,0
6,11,-91,15.0,30,3799,77,3,1,0,6,327,337.3,30,5617,medium,06000B00A53C1E814D130647011E00F11561,0.565,0
4,8,-85,15.0,19,3726,55,1,1,0,5,743,730.5,24,1385,light,04000800AB3C137A371105E70218006905A4,0.7066,0
8,3,-128,-12.34,85,4143,97,1,0,0,5,805,990.2,158,7032,dense,0800030080CF55A461010525039E00781B13,0.01,0
10,5,-109,7.24,55,3740,64,1,1,0,10,692,704.0,49,6954,medium,0A000500931D377C40110AB40231002A1BF9,0.4485,1
15,6,-83,15.0,66,3681,44,1,1,1,42,660,652.5,3,3997,light,0F000600AD3C42762C312A940203009D0FAA,0.1415,0
9,4,-118,-0.28,60,4075,95,2,1,1,7,1204,1194.9,15,3560,medium,090004008AFF3C9D5F3207B4040F00E80DA1,0.4507,0
7,2,-75,15.0,6,3987,88,4,0,0,3,222,319.1,22,4511,light,07000200B53C0694580403DE0016009F1146,0.6943,1
5,7,-128,-10.73,76,3980,87,2,1,1,2,3144,3122.9,4,4101,dense,0500070080D54C94573202480C0400051050,0.01,0
2,12,-126,-10.83,76,3726,55,2,0,0,1,3947,2275.9,8,2048,medium,02000C0082D54C7A3702016B0F08000008C6,0.01,0
9,13,-128,-13.86,84,3674,44,3,1,0,8,406,407.7,7,3292,dense,09000D0080C954752C130896010700DC0CC0,0.01,0
5,8,-69,15.0,1,3796,72,2,1,0,3,265,267.8,14,5279,light,05000800BB3C018148120309010E009F14E4,0.8054,1
12,5,-128,-9.24,94,3709,51,1,1,0,35,2697,2717.8,16,1519,medium,0C00050080DB5E78331123890A1000EF051E,0.01,0
11,5,-92,15.0,27,3992,89,1,1,0,12,183,159.5,25,1725,medium,0B000500A43C1B9559110CB7001900BD0613,0.5231,1
4,3,-82,15.0,6,3583,17,3,1,0,3,106,121.2,607,5075,medium,04000300AE3C066C1113036A005F02D313E8,0.7377,1
7,10,-89,15.0,22,3644,38,1,0,0,8,410,678.5,29,966,light,07000A00A73C16722601089A011D00C603A8,0.6232,1
14,9,-128,-13.14,93,3431,11,2,0,0,17,5402,3403.1,128,4060,medium,0E00090080CB5D5D0B02111A158000DC0F40,0.01,0
3,4,-109,7.62,39,3797,72,2,1,0,0,353,355.5,7,4132,medium,03000400931E27814812006101070024106D,0.6894,1
10,15,-99,15.0,38,3771,62,1,1,0,0,291,308.4,29,6481,medium,0A000F009D3C267F3E110023011D00511971,0.7334,0
7,10,-84,15.0,12,4177,98,1,1,0,8,147,134.6,5,474,medium,07000A00AC3C0CA762110893000500DA01B1,0.6663,1
12,4,-118,-0.78,73,3606,18,2,1,0,12,1044,1074.5,24,5135,medium,0C0004008AFD496E12120C140418000F1450,0.3321,0
15,4,-84,15.0,19,4070,93,1,1,0,11,637,644.9,12,1491,light,0F000400AC3C139D5D110B7D020C00D30523,0.5727,0
6,4,-128,-9.5,76,3647,28,1,1,0,6,170,172.2,7,2014,dense,0600040080DA4C721C1106AA000700DE071F,0.01,0
13,2,-86,15.0,4,3729,55,1,0,0,1,781,674.7,25,689,light,0D000200AA3C047A3701010D031900B102B7,0.8953,0
1,14,-128,-13.49,77,3714,45,1,1,0,3,2272,2259.3,25,3928,dense,01000E0080CA4D792D1103E0081900580FB4,0.01,0
9,12,-95,15.0,33,3375,10,1,1,0,6,1061,1077.3,30,3162,light,09000C00A13C21570A110625041E005A0C95,0.5635,0
8,16,-124,-7.94,68,4046,92,1,1,0,1,3069,3077.0,10,974,medium,0800100084E0449A5C1101FD0B0A00CE03C4,0.1864,0
3,16,-88,15.0,26,3762,70,1,1,0,10,1003,1017.7,177,2225,light,03001000A83C1A7E46110AEB03B100B10854,0.565,0
9,14,-128,-8.74,73,4067,93,5,1,0,2,1746,1753.4,259,3924,dense,09000E0080DD499C5D1502D2060301540F09,0.01,0
14,12,-79,15.0,7,3725,63,1,1,0,6,537,545.9,201,5362,light,0E000C00B13C077A3F11061902C900F2148E,0.7377,1
16,9,-90,15.0,27,3794,72,2,0,1,9,202,128.0,26,2968,medium,10000900A63C1B81482209CA001A00980B3F,0.5504,0
1,7,-128,-10.12,90,3772,57,1,0,0,12,1037,2168.9,266,4522,dense,0100070080D85A7F39010C0D040A01AA1111,0.01,0
8,4,-101,15.0,37,3727,53,2,1,0,0,2291,2274.4,221,5434,light,080004009B3C257A351200F308DD003A1575,0.7002,1
6,1,-76,15.0,12,3559,18,3,1,0,12,412,423.8,24,2458,light,06000100B43C0C6912130C9C0118009A092A,0.5183,0
15,13,-76,15.0,2,3622,20,2,1,0,2,398,404.7,1,7180,light,0F000D00B43C02701412028E0101000C1CE9,0.8291,1
9,16,-127,-8.98,93,3701,52,1,0,0,39,1022,815.7,5,1798,medium,0900100081DC5D78340127FE030500060783,0.01,0
3,15,-116,3.43,100,3791,73,1,1,0,38,1233,1234.2,7,2976,medium,03000F008C0E6481491126D1040700A00B39,0.1005,0
1,5,-100,15.0,47,3426,11,3,1,0,8,224,209.7,30,4675,medium,010005009C3C2F5C0B1308E0001E0043120E,0.4613,0
16,1,-86,15.0,25,3732,54,3,1,0,8,1113,1139.8,25,1066,light,10000100AA3C197B361308590419002A0491,0.5461,1
14,16,-78,15.0,3,3758,61,2,0,0,9,264,415.0,2,3798,light,0E001000B23C037D3D020908010200D60EDA,0.645,1
8,16,-89,15.0,26,3689,44,5,1,0,11,217,192.4,205,2782,medium,08001000A73C1A762C150BD900CD00DE0A22,0.4307,0
14,1,-128,-8.88,100,3782,64,2,1,0,24,2486,2455.2,16,6282,dense,0E00010080DC6480401218B60910008A1800,0.01,0
3,9,-113,5.29,50,3737,62,1,1,0,1,627,629.0,1357,2102,medium,030009008F15327B3E110173024D053608AA,0.6421,1
5,2,-128,-12.11,92,3753,67,1,1,0,10,3548,3540.6,2859,3066,medium,0500020080D05C7D43110ADC0D2B0BFA0B2B,0.01,0
15,5,-128,-10.94,82,3608,17,1,0,0,11,1496,3030.3,1,1301,dense,0F00050080D4526E11010BD805010015058A,0.01,0
8,7,-128,-11.0,72,3632,35,2,1,0,1,3009,2997.9,86,1639,medium,0800070080D44871231201C10B56006706A6,0.01,0
11,10,-78,15.0,5,3762,67,1,1,0,7,80,95.8,7,4929,medium,0B000A00B23C057E4311075000070041139D,0.7213,1
12,14,-95,15.0,15,3602,15,4,1,0,4,141,142.3,6,3323,medium,0C000E00A13C0F6E0F14048D000600FB0CBC,0.6329,0
15,14,-59,15.0,1,3761,63,1,1,0,6,105,94.8,25,3438,light,0F000E00C53C017E3F1106690019006E0DA4,0.7654,1
6,13,-128,-11.26,79,4062,92,2,1,0,3,1153,1160.0,22,6751,dense,06000D0080D34F9C5C1203810416005F1AD0,0.01,0
11,1,-90,15.0,33,3701,49,1,1,0,6,239,223.9,2146,7027,medium,0B000100A63C2178311106EF006208731BF2,0.6176,1
4,1,-128,-8.32,78,3809,79,1,1,0,5,432,441.4,38,137,dense,0400010080DF4E824F1105B001260089003E,0.01,0
4,13,-128,-12.09,97,3765,70,3,1,0,12,1148,1165.9,30,1454,dense,04000D0080D0617E46130C7C041E00AE050C,0.01,0
14,7,-113,2.19,49,3892,83,2,0,0,1,694,787.0,26,5053,medium,0E0007008F09318B530201B6021A00BD138B,0.6135,1
4,12,-107,9.56,53,3226,6,1,1,0,7,232,242.0,2224,2877,medium,04000C0095263548061107E800B0083D0B1F,0.3494,0
14,16,-123,-7.91,71,3720,55,1,1,0,4,3492,3480.0,166,6518,medium,0E00100085E0477A371104A40DA600761938,0.1845,0
1,16,-98,15.0,46,3560,14,3,1,0,11,3508,3497.6,2644,1986,light,010010009E3C2E6A0E130BB40D540AC207FA,0.4187,1
13,15,-128,-9.76,70,4133,97,1,0,0,6,1137,636.3,17,5821,dense,0D000F0080D946A361010671041100BD16E8,0.01,0
13,15,-128,-9.86,94,3768,62,1,1,0,16,1889,1896.7,21,4458,dense,0D000F0080D95E7E3E1110610715006A1183,0.01,0
13,1,-90,15.0,13,3903,83,1,1,0,3,1639,1639.8,156,6444,light,0D000100A63C0D8C53110367069C002C1997,0.7886,1
2,6,-62,15.0,1,3585,17,3,1,0,22,157,155.0,10,4053,light,02000600C23C016C1113169D000A00D50FCE,0.3912,0
7,8,-128,-11.6,79,3801,76,2,1,0,6,300,314.1,11,88,dense,0700080080D24F824C12062C010B00580023,0.01,0
2,3,-128,-14.98,83,3887,82,2,1,0,11,2693,2701.7,4,193,dense,0200030080C4538A52120B850A0400C100D3,0.01,0
7,15,-128,-13.17,78,3111,4,1,1,0,2,1143,1134.0,16,4522,dense,07000F0080CB4E3D04110277041000AA112B,0.01,0
16,7,-94,15.0,21,3614,24,2,0,0,4,248,171.8,190,5920,medium,10000700A23C156F180204F800BE0020175A,0.6838,0
14,10,-128,-10.37,83,3860,82,1,0,0,5,1655,1421.5,27,281,dense,0E000A0080D7538852010577061B0019011E,0.01,0
14,5,-128,-9.47,100,3812,78,1,1,0,35,600,597.5,6,5386,dense,0E00050080DA64834E1123580206000A1591,0.01,0
11,2,-107,10.26,46,3771,64,2,1,0,3,487,481.6,13,1786,medium,0B00020095292E7F401203E7010D00FA0698,0.5867,1
3,11,-128,-10.43,83,3797,69,1,1,0,12,3295,3291.1,2,3714,medium,03000B0080D6538145110CDF0C0200820EA1,0.01,0
13,4,-104,14.62,46,4066,93,5,1,0,4,432,420.5,49,325,medium,0D000400983A2E9C5D1504B001310045015B,0.4721,1
16,2,-128,-11.07,92,3628,29,1,1,0,35,2363,2379.4,2,3728,medium,1000020080D45C701D11233B090200900ECA,0.01,0
4,15,-106,10.34,87,3008,2,1,0,0,35,212,354.1,24,1570,medium,04000F0096295732020123D4001800220685,0.0267,0
1,16,-98,15.0,37,3738,56,1,1,0,4,2739,2718.6,20,1133,light,010010009E3C257B381104B30A14006D04A7,0.6425,1
11,15,-102,14.08,40,4118,95,2,1,0,8,416,428.7,19,2303,medium,0B000F009A3828A15F1208A0011300FF086E,0.517,0
8,2,-110,8.15,48,3435,10,3,0,0,11,510,478.2,608,498,medium,080002009221305D0A030BFE016002F201E8,0.4118,0
15,14,-110,7.0,54,3706,48,3,0,0,5,354,669.2,10,4137,medium,0F000E00921C367830030562010A002910D6,0.4824,1
12,7,-128,-11.94,76,3997,90,1,1,0,2,1202,1200.7,28,882,dense,0C00070080D04C955A1102B2041C00720334,0.01,0
15,3,-98,15.0,26,3789,70,1,1,0,5,463,446.0,5,2738,medium,0F0003009E3C1A80461105CF010500B20A43,0.6731,1
4,1,-93,15.0,26,3791,68,1,1,0,8,132,156.2,17,5299,medium,04000100A33C1A8144110884001100B31431,0.606,1
4,1,-128,-10.62,92,3685,37,1,1,0,11,3226,3226.8,13,6755,medium,0400010080D65C7625110B9A0C0D00631A83,0.01,0
7,3,-128,-12.48,100,3681,40,2,0,0,47,4193,4160.7,20,5640,medium,0700030080CE647628022F61101400081692,0.01,0
3,4,-128,-8.44,71,3603,18,2,0,1,2,1063,1346.6,29,6993,dense,0300040080DE476E12220227041D00511B4D,0.01,0
16,10,-128,-9.63,67,3754,57,1,0,0,4,1511,1222.4,288,6355,dense,10000A0080D9437D390104E7052001D318F8,0.01,0
11,8,-102,14.5,44,3923,84,1,1,0,5,422,431.2,11,7092,medium,0B0008009A3A2C8E541105A6010B00B41B74,0.5869,0
4,6,-125,-7.6,64,3591,17,3,1,0,2,2058,2073.0,156,3533,medium,0400060083E2406D1113020A089C00CD0D6D,0.1615,0
7,16,-124,-6.18,77,4076,94,2,0,0,7,2105,1692.9,29,5567,medium,0700100084E74D9D5E020739081D00BF1586,0.2457,0
14,5,-84,15.0,16,3780,70,2,1,0,7,588,591.3,26,73,light,0E000500AC3C10804612074C021A0049002F,0.6368,0
15,11,-94,15.0,31,3933,84,1,1,0,12,78,88.7,15,4863,dense,0F000B00A23C1F8F54110C4E000F00FF1225,0.5081,1
1,8,-128,-11.29,77,3090,4,3,1,0,8,411,404.8,110,1173,dense,0100080080D34D3B0413089B016E00950403,0.01,0
3,6,-100,15.0,38,4051,91,2,0,0,1,346,321.5,30,4624,medium,030006009C3C269B5B02015A011E00101273,0.6709,0
5,12,-114,6.02,61,3745,63,1,1,0,10,1460,1462.3,223,3584,medium,05000C008E183D7C3F110AB405DF00000EB1,0.4244,0
11,9,-122,-6.54,61,3809,74,1,0,0,0,3139,1737.3,246,5044,medium,0B00090086E63D824A0100430CF600B413BE,0.4469,0
12,3,-128,-11.88,95,3731,57,3,1,0,15,358,352.6,296,698,dense,0C00030080D05F7B39130F66012801BA0280,0.01,0
4,7,-98,15.0,91,3912,86,3,1,0,47,130,126.5,2,6070,dense,040007009E3C5B8D56132F82000200B61755,0.0952,0
5,6,-112,4.77,47,4008,91,2,1,0,1,1166,1174.6,20,1678,medium,0500060090132F965B12018E0414008E068A,0.624,1
15,7,-81,15.0,18,4186,99,3,1,0,8,305,311.7,20,3546,light,0F000700AF3C12A863130831011400DA0D50,0.573,1
5,15,-77,15.0,7,3946,86,1,1,0,4,478,491.5,19,3209,light,05000F00B33C0790561104DE011300890CB2,0.7912,0
15,7,-95,15.0,19,3596,22,1,1,0,0,1268,1276.0,258,2910,light,0F000700A13C136D161100F40402015E0B31,0.8417,1
15,5,-61,15.0,0,4048,93,1,1,0,8,132,134.6,3,5378,light,0F000500C33C009A5D1108840003000215F5,0.718,1
5,6,-121,-5.17,65,3749,58,3,1,0,7,1581,1569.7,6,2128,medium,0500060087EB417C3A13072D0606005008E1,0.3768,1
12,10,-101,15.0,51,3590,15,1,1,0,21,587,604.8,274,6327,medium,0C000A009B3C336D0F11154B021201B71832,0.3161,0
8,2,-101,14.47,76,3989,89,1,1,0,31,3476,3479.5,68,4973,light,080002009B3A4C9459111F940D44006D13D7,0.1746,1
6,7,-98,15.0,26,3657,41,2,1,0,7,236,247.3,146,3560,medium,060007009E3C1A73291207EC009200E80D9B,0.5945,0
7,2,-110,4.87,51,3755,64,3,0,0,5,4342,2198.0,19,5984,medium,070002009213337D400305F6101300601737,0.4952,0
16,4,-128,-7.57,72,3794,70,2,0,0,2,5705,3635.4,15,585,medium,1000040080E2488146020249160F00490281,0.01,0
10,2,-91,15.0,24,3787,69,1,1,0,4,1102,1106.7,947,617,light,0A000200A53C18804511044E04B303690240,0.707,1
10,7,-88,15.0,32,3860,81,4,1,0,10,110,114.2,11,6269,medium,0A000700A83C208851140A6E000B007D188D,0.4555,1
11,16,-128,-11.53,90,3345,9,3,1,0,9,2263,2270.9,1717,3414,dense,0B00100080D25A54091309D708B506560DCC,0.01,0
3,16,-128,-10.83,83,3589,19,1,1,1,10,984,977.5,186,1870,dense,0300100080D5536C13310AD803BA004E07E6,0.01,0
7,10,-111,7.38,58,3735,55,2,1,0,6,486,499.0,14,3592,medium,07000A00911E3A7B371206E6010E00080E9A,0.4757,0
12,6,-100,15.0,38,3176,5,2,0,0,11,248,229.9,26,5901,medium,0C0006009C3C264305020BF8001A000D173E,0.0946,1
2,4,-118,1.91,64,3700,40,3,1,0,2,919,926.5,16,2054,medium,020004008A08407828130297031000060874,0.4882,1
12,16,-101,15.0,46,4137,97,3,1,0,10,3906,3892.2,29,4129,light,0C0010009B3C2EA361130A420F1D00211052,0.4337,1
14,12,-127,-11.99,74,3609,16,3,1,0,4,2382,2380.9,93,6459,medium,0E000C0081D04A6E1013044E095D003B19D1,0.01,0
15,11,-128,-8.7,79,3585,15,1,0,0,4,2571,3742.6,61,3150,dense,0F000B0080DD4F6C0F01040B0A3D004E0C8F,0.01,0
13,8,-83,15.0,5,3637,33,1,0,0,8,695,578.2,44,2759,light,0D000800AD3C0571210108B7022C00C70AF6,0.6965,0
7,14,-105,10.51,49,4086,93,3,1,0,12,455,451.6,3255,2359,medium,07000E00972A319E5D130CC701B70C37097A,0.3943,0
15,7,-106,12.38,45,3795,62,1,1,0,3,331,314.4,1,2252,medium,0F00070096322D813E11034B010100CC08D4,0.6244,1
10,6,-99,15.0,45,3610,27,1,1,0,12,2372,2355.3,4,6853,light,0A0006009D3C2D6F1B110C44090400C51AC2,0.4557,1
15,1,-103,14.41,47,3826,76,3,1,0,0,193,218.6,3,529,medium,0F000100993A2F844C1300C10003001102D7,0.6103,1
9,5,-101,15.0,68,3760,61,2,1,0,22,2748,2757.9,6,348,light,090005009B3C447E3D1216BC0A06005C0116,0.2467,1
9,5,-128,-11.99,72,3825,79,1,1,0,1,454,454.2,15,1676,dense,0900050080D048844F1101C6010F008C068E,0.01,0
14,2,-121,-3.87,77,3653,30,3,0,0,6,397,338.3,12,1318,dense,0E00020087F14D731E03068D010C00260587,0.364,1
5,16,-81,15.0,9,3675,29,2,1,0,12,502,511.4,141,272,light,05001000AF3C09751D120CF6018D00100175,0.5594,1
3,2,-128,-12.14,81,4178,99,2,1,0,8,1501,1518.5,28,4301,dense,0300020080CF51A7631208DD051C00CD10A9,0.01,0
7,15,-128,-13.12,76,3706,47,5,1,0,5,1025,1031.8,154,3363,dense,07000F0080CC4C782F150501049A00230DC7,0.01,0
3,16,-89,15.0,6,3678,47,1,0,0,2,151,106.5,8,1136,medium,03001000A73C06752F010297000800700481,0.8539,1
11,6,-95,15.0,25,3751,61,2,0,0,3,370,326.4,29,3434,medium,0B000600A13C197D3D020372011D006A0D5D,0.6887,1
16,12,-128,-8.45,94,3750,56,1,0,0,47,240,864.5,30,3300,dense,10000C0080DE5E7D38012FF0001E00E40CB7,0.01,0
10,2,-128,-12.57,73,3664,40,1,1,0,1,1012,1001.6,12,6072,dense,0A00020080CE4974281101F4030C00B817B2,0.01,0
16,12,-76,15.0,16,4147,96,4,1,0,15,300,266.8,12,1452,light,10000C00B43C10A460140F2C010C00AC05A7,0.4278,0
4,5,-76,15.0,0,4119,95,2,1,0,6,149,148.2,13,1178,medium,04000500B43C00A15F120695000D009A04E4,0.7295,0
7,8,-96,15.0,67,3758,59,1,1,0,32,164,167.6,1482,2130,medium,07000800A03C437D3B1120A400CA05520800,0.1854,0
8,12,-88,15.0,8,3817,77,1,0,1,0,1071,759.9,18,6742,light,08000C00A83C08834D21002F041200561ACE,0.9044,1
14,12,-77,15.0,0,4132,96,2,1,0,1,310,312.7,14,1125,light,0E000C00B33C00A360120136010E006504AA,0.869,1
4,7,-128,-8.89,79,3606,20,1,1,0,7,3046,3049.9,17,319,medium,0400070080DC4F6E141107E60B11003F0124,0.01,0
11,4,-128,-7.56,100,3731,56,2,1,0,23,3504,3507.2,28,3856,medium,0B00040080E2647B381217B00D1C00100F9B,0.01,0
16,5,-116,0.7,66,3379,10,2,1,0,6,1485,1487.2,18,3430,medium,100005008C0342570A1206CD051200660DE3,0.4047,0
8,12,-118,-4.02,69,4085,94,3,1,0,10,1863,1860.6,26,3945,medium,08000C008AF0459E5E130A47071A00690FD8,0.3435,1
10,7,-128,-12.17,77,3765,60,2,1,0,1,2194,2196.5,96,6887,medium,0A00070080CF4D7E3C120192086000E71A63,0.01,0
14,11,-106,9.01,81,4083,95,3,1,0,35,298,296.0,241,3488,medium,0E000B009624519E5F13232A01F100A00DA6,0.1283,0
9,8,-116,1.64,51,3797,68,1,1,0,2,1125,1132.1,25,1063,medium,090008008C073381441102650419002704A2,0.6147,1
1,14,-128,-10.33,92,3665,31,3,1,0,18,666,689.1,132,3245,dense,01000E0080D75C741F13129A028400AD0C6E,0.01,0
6,16,-84,15.0,17,3754,66,1,0,0,12,425,199.6,287,351,medium,06001000AC3C117D42010CA9011F015F015F,0.5605,1
8,12,-95,15.0,23,3628,22,3,0,0,2,2460,2458.0,29,4137,light,08000C00A13C17701603029C091D00291010,0.6832,0
14,1,-128,-11.28,75,3751,61,2,0,0,3,870,844.9,28,4202,dense,0E00010080D34B7D3D020366031C006A1028,0.01,0
15,4,-128,-13.95,81,3751,71,1,1,0,6,1648,1644.7,16,2008,dense,0F00040080C8517D47110670061000D807D6,0.01,0
13,6,-126,-7.79,77,3804,81,1,1,0,7,2544,2570.7,19,1182,medium,0D00060082E14D82511107F00913009E047D,0.0758,0
4,10,-128,-10.14,77,3791,66,1,1,0,7,1447,1446.1,150,2069,dense,04000A0080D74D81421107A70596001508BB,0.01,0
5,1,-128,-13.06,85,3704,55,2,1,0,12,2389,2400.5,16,3784,medium,0500010080CC557837120C55091000C80E0F,0.01,0
3,16,-94,15.0,16,3976,89,1,1,0,2,167,169.8,89,4061,medium,03001000A23C1093591102A7005900DD0F5B,0.8007,0
16,3,-92,15.0,30,3786,68,1,1,0,10,196,198.1,11,1164,medium,10000300A43C1E8044110AC4000B008C040B,0.549,0
12,9,-115,2.22,51,3656,30,2,1,0,2,876,883.9,23,1473,medium,0C0009008D0933731E12026C031700C10519,0.5824,1
1,6,-55,15.0,9,3336,9,1,1,0,9,104,106.1,12,1583,light,01000600C93C095309110968000C002F06E3,0.5601,0
14,10,-95,15.0,31,4143,97,2,1,0,3,559,578.5,5,1465,medium,0E000A00A13C1FA46112032F020500B90555,0.6596,1
13,6,-128,-7.86,78,4155,98,2,1,0,7,1760,1780.4,1,6586,dense,0D00060080E14EA5621207E0060100BA1935,0.01,0
16,14,-74,15.0,2,3762,61,3,1,0,7,258,292.6,17,3095,light,10000E00B63C027E3D130702011100170C46,0.6573,0
12,5,-123,-6.64,80,3432,11,1,0,0,10,2893,1976.4,23,4019,medium,0C00050085E5505D0B010A4D0B1700B30FE5,0.2508,1
4,10,-118,-2.88,73,3715,50,3,1,0,5,1212,1218.6,7,6129,medium,04000A008AF44979321305BC040700F117DF,0.3985,1
12,9,-127,-8.43,69,3749,51,4,1,0,0,968,938.7,2,364,medium,0C00090081DE457C331400C80302006C0126,0.0155,0
9,12,-106,9.49,49,3519,13,2,1,0,7,247,247.6,16,5026,medium,09000C00962631650D1207F7001000A2138E,0.4973,1
6,15,-98,15.0,27,3770,60,1,1,1,5,3023,3034.0,18,6046,light,06000F009E3C1B7F3C3105CF0B12009E1770,0.6683,0
11,16,-128,-10.86,69,4108,97,2,1,0,6,1080,1069.5,22,6241,dense,0B00100080D545A06112063804160061180C,0.01,0
3,4,-114,6.12,51,3653,36,1,1,0,0,1124,1159.4,18,4659,medium,030004008E183373241100640412003312F6,0.6593,1
15,2,-101,15.0,47,3770,63,2,1,0,12,2283,2296.7,1,670,light,0F0002009B3C2F7F3F120CEB0801009E0290,0.4246,0
10,15,-128,-9.64,78,4001,88,2,1,0,6,1368,1396.1,6,3396,dense,0A000F0080D94E9658120658050600440DA4,0.01,0
7,3,-128,-10.47,86,3732,59,1,1,0,12,3807,3801.2,451,4799,medium,0700030080D6567B3B110CDF0EC301BF12BE,0.01,0
7,13,-102,13.28,38,3807,67,1,0,0,8,163,331.6,26,1731,medium,07000D009A352682430108A3001A00C30697,0.5543,1
2,16,-89,15.0,18,3597,23,2,1,0,6,314,326.5,48,5161,medium,02001000A73C126D1712063A01300029144E,0.6507,0
6,8,-116,-0.32,65,3741,63,1,1,0,8,2484,2475.3,1,4723,medium,060008008CFF417C3F1108B409010073129C,0.4378,0
16,14,-110,6.53,77,3793,76,1,0,0,29,976,898.2,29,6346,medium,10000E00921A4D814C011DD0031D00CA18DC,0.1852,0
1,4,-128,-10.75,88,4141,98,4,0,0,9,548,669.4,3530,745,dense,0100040080D558A46204092402CA0DE902ED,0.01,0
12,8,-128,-8.25,69,3758,64,1,1,0,2,2073,2071.7,254,1267,medium,0C00080080DF457D4011021908FE00F3048D,0.01,0
12,1,-95,15.0,31,3917,85,2,1,0,10,295,302.4,155,3180,medium,0C000100A13C1F8D55120A27019B006C0CC1,0.5163,0
5,8,-128,-12.32,72,3945,87,1,1,0,1,2367,2372.8,44,1464,dense,0500080080CF48905711013F092C00B805C2,0.01,0
11,9,-125,-8.88,100,4136,96,2,1,0,27,2017,2000.4,10,5362,medium,0B00090083DC64A360121BE1070A00F2147E,0.0145,0
10,7,-101,15.0,41,3709,53,1,0,0,8,308,323.9,15,835,medium,0A0007009B3C297835010834010F004303AF,0.5414,1
1,4,-105,10.26,41,3820,75,2,1,0,6,334,339.7,2,5199,medium,01000400972929844B12064E0102004F1448,0.5501,0
15,9,-118,0.55,68,3642,37,1,1,0,6,926,923.9,13,5801,medium,0F0009008A0244722511069E030D00A91621,0.4558,1
15,7,-100,15.0,34,3669,36,1,1,1,10,200,190.5,14,6715,medium,0F0007009C3C227424310AC8000E003B1AB2,0.5329,1
10,6,-128,-12.85,78,3575,19,1,1,0,8,1509,1508.8,8,1037,medium,0A00060080CD4E6B131108E50508000D0432,0.01,0
14,16,-128,-11.03,78,3741,65,3,0,0,11,150,252.3,19,3058,dense,0E00100080D44E7C41030B96001300F20B69,0.01,0
4,8,-108,7.66,45,3669,41,1,0,0,2,419,485.3,2076,6506,medium,04000800941F2D74290102A3011C086A19F7,0.6466,1
10,11,-128,-12.86,88,3698,47,1,0,0,12,2660,1152.5,9,379,dense,0A000B0080CD58772F010C640A09007B01EB,0.01,0
10,5,-77,15.0,7,3918,84,1,0,0,12,529,478.6,11,5813,light,0A000500B33C078D54010C11020B00B51635,0.598,1
10,13,-128,-11.73,77,3891,83,1,1,0,8,445,451.1,194,1248,dense,0A000D0080D14D8B531108BD01C200E00461,0.01,0
7,10,-72,15.0,2,3608,19,3,1,0,10,142,151.6,73,4343,medium,07000A00B83C026E13130A8E004900F710AA,0.5918,1
11,8,-96,15.0,35,3764,62,1,1,0,12,1403,1396.2,10,4408,light,0B000800A03C237E3E110C7B050A00381143,0.4931,0
4,2,-85,15.0,23,3633,28,3,0,0,11,545,692.7,240,3430,light,04000200AB3C17711C030B2102F000660DC4,0.4986,1
12,11,-128,-11.58,78,3968,89,1,1,0,6,298,289.1,13,6772,dense,0C000B0080D24E925911062A010D00741AA8,0.01,0
6,8,-128,-12.93,74,3667,35,1,1,0,6,2467,2463.4,14,242,medium,0600080080CC4A74231106A3090E00F2009C,0.01,0
3,11,-111,3.33,57,3436,11,1,1,0,10,758,762.7,12,6475,medium,03000B00910D395D0B110AF6020C004B195B,0.4405,0
7,15,-114,7.11,56,3797,65,2,1,0,3,1372,1365.3,10,3782,medium,07000F008E1C38814112035C050A00C60E24,0.538,0
15,4,-128,-10.88,75,3738,60,2,1,0,2,2108,2135.0,66,5592,dense,0F00040080D44B7B3C12023C084200D81537,0.01,0
16,14,-128,-12.7,78,4082,94,2,1,0,9,812,825.8,18,5952,dense,10000E0080CD4E9E5E12092C031200401795,0.01,0
2,7,-119,-3.96,97,3798,74,3,0,0,31,157,167.0,19,3387,dense,0200070089F061814A031F9D0013003B0DA3,0.1177,0
8,14,-106,11.09,51,3704,43,2,1,0,12,488,479.7,9,2713,medium,08000E00962C33782B120CE8010900990A87,0.4104,0
9,11,-72,15.0,7,3740,56,3,1,0,11,442,435.5,23,3898,light,09000B00B83C077C38130BBA0117003A0FF0,0.5541,0
5,13,-94,15.0,22,4037,93,1,1,0,3,1468,1474.1,5,4171,light,05000D00A23C16995D1103BC0505004B10B4,0.7424,0
13,8,-67,15.0,0,3620,23,3,1,0,5,205,212.4,30,4307,light,0D000800BD3C0070171305CD001E00D31080,0.7135,1
13,1,-70,15.0,5,3639,25,1,0,0,11,826,359.6,21,4669,light,0D000100BA3C057119010B3A0315003D12D8,0.627,0
8,13,-118,-0.21,98,3731,59,1,0,0,50,1140,959.8,28,4647,medium,08000D008AFF627B3B013274041C0027125B,0.0965,0
6,13,-128,-11.7,78,3681,44,1,1,0,4,3791,3775.8,128,526,dense,06000D0080D14E762C1104CF0E80000E02D0,0.01,0
10,1,-87,15.0,14,3819,76,1,1,0,0,716,706.0,21,3625,light,0A000100A93C0E834C1100CC021500290E06,0.8702,1
7,11,-93,15.0,30,4049,93,1,1,0,12,331,325.1,19,3340,medium,07000B00A33C1E9A5D110C4B0113000C0D2D,0.5118,1
6,7,-96,15.0,28,3793,68,3,1,0,4,254,254.4,17,6203,medium,06000700A03C1C81441304FE0011003B182E,0.6148,1
11,16,-128,-9.28,77,3630,20,1,1,0,7,3929,3935.4,124,6254,medium,0B00100080DB4D71141107590F7C006E18D8,0.01,0
10,6,-128,-10.09,68,4145,96,1,1,0,5,3253,3250.3,25,1298,medium,0A00060080D844A4601105B50C19001205A5,0.01,0
16,11,-94,15.0,18,3767,65,1,1,0,4,309,304.7,10,6109,medium,10000B00A23C127E41110435010A00DD17B6,0.7367,1
13,14,-128,-11.53,76,4164,98,1,0,0,7,1647,1684.5,1,2101,dense,0D000E0080D24CA66201076F0601003508C1,0.01,0
11,7,-128,-12.9,73,3771,63,1,1,0,4,4025,4037.1,113,5913,medium,0B00070080CC497F3F1104B90F710019173C,0.01,0
2,14,-82,15.0,13,3830,76,1,1,0,6,159,143.5,2,3594,medium,02000E00AE3C0D854C11069F0002000A0E7B,0.71,1
5,16,-114,0.12,50,3779,73,1,1,0,4,590,580.9,18,4696,medium,050010008E00327F4911044E021200581283,0.578,0
10,13,-99,15.0,35,3582,14,2,0,0,5,172,105.9,15,1870,dense,0A000D009D3C236C0E0205AC000F004E07EE,0.5969,1
9,5,-128,-9.85,87,3701,41,1,1,0,12,2617,2621.4,17,4639,dense,0900050080D9577829110C390A11001F12B5,0.01,0
11,14,-115,4.81,90,3629,20,1,0,0,50,2663,1646.6,18,6980,medium,0B000E008D135A70140132670A1200441B2A,0.1078,0
7,14,-126,-10.66,71,3795,75,3,1,0,2,1867,1868.6,3,3724,medium,07000E0082D547814B13024B0703008C0ECC,0.01,0
14,16,-102,15.0,45,3591,15,1,1,0,6,300,282.8,28,2680,medium,0E0010009A3C2D6D0F11062C011C00780A36,0.5621,0
7,14,-128,-12.18,69,3929,87,2,1,0,2,1658,1638.3,6,6924,dense,07000E0080CF458E5712027A0606000C1BD5,0.01,0
12,2,-112,5.55,49,3621,25,1,1,0,4,671,669.2,30,1129,medium,0C000200901631701911049F021E006904E2,0.5831,0
4,15,-109,7.78,92,4065,93,1,1,0,43,3943,3947.4,225,765,light,04000F00931F5C9C5D112B670FE100FD02BD,0.105,0
4,3,-100,15.0,31,3854,82,2,1,0,3,2015,2015.2,3,4172,light,040003009C3C1F87521203DF0703004C10C8,0.6596,1
1,8,-125,-9.71,76,3790,70,4,0,0,6,1572,2448.5,1240,696,medium,0100080083D94C814604062406D804B8023D,0.02,0
16,1,-128,-14.2,80,3802,69,1,1,0,9,3977,3986.3,17,6249,medium,1000010080C75082451109890F110069187B,0.01,0
7,15,-98,15.0,40,4047,92,1,0,0,8,139,371.3,123,901,medium,07000F009E3C289A5C01088B007B0085035B,0.5457,1
7,5,-128,-13.47,89,3895,82,1,0,0,16,5623,3706.5,2,3093,medium,0700050080CA598B520110F7150200150CB3,0.01,0
6,3,-112,1.69,52,3657,33,1,0,0,7,378,424.0,256,6635,medium,06000300900734732101077A010001EB19E3,0.5116,1
16,15,-89,15.0,28,3779,71,2,1,0,7,1465,1480.7,27,1068,light,10000F00A73C1C7F471207B9051B002C04B7,0.5861,1
3,13,-128,-10.08,84,3748,59,1,1,0,10,2164,2168.2,23,4239,medium,03000D0080D8547C3B110A740817008F10E1,0.01,0
5,7,-105,8.44,42,4125,97,1,1,0,6,495,475.0,26,5203,medium,0500070097222AA2611106EF011A00531455,0.576,0
6,8,-98,15.0,35,3781,70,2,1,0,9,243,252.4,7,3608,medium,060008009E3C2380461209F3000700180E83,0.5189,1
11,6,-105,10.52,37,3709,50,3,1,0,1,3076,3084.1,11,2998,light,0B000600972A2578321301040C0B00B60B58,0.6386,1
5,2,-109,9.66,38,3700,38,1,1,0,4,481,515.0,18,6722,medium,0500020093272678261104E1011200421AA5,0.6376,0
7,3,-98,15.0,43,3557,13,1,1,0,2,2895,2897.6,299,2975,light,070003009E3C2B690D11024F0B2B019F0BA9,0.6572,0
6,7,-96,15.0,37,4047,93,1,1,0,11,270,263.4,20,3288,medium,06000700A03C259A5D110B0E011400D80C55,0.5029,0
14,16,-112,6.27,59,3763,68,1,1,0,10,718,729.0,65,1154,medium,0E00100090193B7E44110ACE0241008204A1,0.4325,0
8,7,-128,-10.15,100,3794,63,3,1,0,32,3532,3534.0,94,5512,medium,0800070080D764813F1320CC0D5E0088155D,0.01,0
9,14,-99,15.0,38,3824,78,3,1,0,3,874,885.6,94,3727,medium,09000E009D3C26844E13036A035E008F0EF2,0.5908,0
11,16,-128,-9.1,86,4097,95,1,1,0,9,2263,2274.8,23,4288,dense,0B00100080DC569F5F1109D7081700C01096,0.01,0
12,4,-128,-8.89,82,4168,98,1,1,0,12,3541,3530.5,24,2698,medium,0C00040080DC52A662110CD50D18008A0A60,0.01,0
12,2,-91,15.0,14,3863,81,1,1,0,4,229,234.9,25,4638,medium,0C000200A53C0E88511104E50019001E12F5,0.7565,1
13,1,-67,15.0,18,4126,97,2,1,0,30,98,92.9,246,331,medium,0D000100BD3C12A261121E6200F6004B01A5,0.2809,0
15,10,-101,15.0,26,4016,91,2,1,0,0,3031,3048.9,2883,814,light,0F000A009B3C1A975B1200D70B430B2E036E,0.7596,1
1,13,-128,-10.78,79,3919,85,1,1,0,4,1033,1034.5,2,5205,dense,01000D0080D54F8D55110409040200551463,0.01,0
7,10,-128,-12.07,82,3674,32,1,0,0,7,4570,3892.6,11,6600,medium,07000A0080D05275200107DA110B00C81941,0.01,0
10,2,-91,15.0,25,3877,82,2,1,0,3,2067,2067.5,23,3591,light,0A000200A53C198952120313081700070E14,0.6887,0
6,7,-98,15.0,37,3661,36,2,1,0,8,1826,1829.9,13,5834,light,060007009E3C257424120822070D00CA16D6,0.5292,0
13,15,-105,11.27,88,3784,72,4,1,0,33,478,480.0,3,339,medium,0D000F00972D5880481421DE01030053019C,0.119,0
9,1,-116,0.09,59,3795,66,1,1,0,3,196,185.2,155,3963,dense,090001008C003B81421103C4009B007B0FAB,0.5524,1
7,8,-95,15.0,24,3838,80,4,1,0,4,200,191.2,12,1927,medium,07000800A13C1885501404C8000C008707E5,0.5953,1
5,7,-128,-11.75,94,3660,37,1,0,0,12,3213,3653.5,23,6618,dense,0500070080D15E7425010C8D0C1700DA1925,0.01,0
12,13,-128,-10.7,76,3797,65,1,1,1,7,179,172.4,565,1408,dense,0C000D0080D54C81413107B30035028005CE,0.01,0
2,16,-115,1.06,56,3683,43,1,1,0,9,185,169.7,29,3534,dense,020010008D0438762B1109B9001D00CE0D17,0.4603,0
13,4,-110,5.46,49,3790,68,1,0,0,8,1227,1091.1,328,438,medium,0D00040092163181440108CB044801B6018D,0.5069,1
4,14,-115,1.71,69,3978,87,2,0,0,9,2263,1581.3,6,4059,medium,04000E008D074593570209D7080600DB0F6D,0.3849,1
4,8,-114,2.43,98,3818,73,2,1,0,36,153,152.7,212,2069,dense,040008008E0A62834912249900D400150815,0.1052,0
13,4,-128,-13.16,66,3796,70,3,0,1,0,97,405.8,2,1385,dense,0D00040080CB428146230061000200690547,0.01,0
1,2,-125,-8.75,89,3826,80,1,1,0,26,1281,1299.3,20,2833,medium,0100020083DD598450111A01051400110B18,0.0189,0
5,11,-80,15.0,8,4063,93,3,1,0,7,1101,1106.8,1577,887,light,05000B00B03C089C5D13074D0429067703D1,0.6334,1
6,16,-93,15.0,30,3666,40,1,1,0,10,2017,2017.9,13,541,light,06001000A33C1E7428110AE1070D001D0277,0.549,1
8,15,-128,-12.33,86,3055,2,5,1,0,10,589,590.6,27,5369,dense,08000F0080CF563702150A4D021B00F91472,0.01,0
13,14,-73,15.0,0,3644,34,1,1,0,6,395,387.9,13,859,light,0D000E00B73C00722211068B010D005B03FE,0.7701,1
13,5,-105,12.02,45,3675,43,1,0,0,3,39,93.9,10,397,dense,0D00050097302D752B010327000A008D0140,0.6244,1
10,7,-128,-10.39,85,3582,15,3,0,0,8,150,229.1,17,1762,dense,0A00070080D6556C0F030896001100E206C0,0.01,0
8,13,-121,-4.35,95,3851,80,2,1,0,39,1616,1616.3,23,1974,medium,08000D0087EF5F8750122750061700B6079E,0.0958,0
11,3,-128,-7.93,100,4061,92,1,1,0,30,1800,1787.9,9,7080,dense,0B00030080E0649C5C111E08070900A81B58,0.01,0
9,7,-128,-8.86,83,3795,67,4,1,0,7,3026,3018.9,1,3684,medium,0900070080DD5381431407D20B0100640E8B,0.01,0
3,12,-79,15.0,4,3729,57,2,1,0,11,546,543.3,22,2337,light,03000C00B13C047A39120B220216002109D5,0.5977,1
4,8,-128,-10.75,98,3845,79,2,1,0,17,1438,1432.5,4,3184,dense,0400080080D562864F12119E050400700C5F,0.01,0
3,5,-104,12.13,48,3791,74,3,0,1,8,498,488.2,7,4664,medium,03000500983130814A2308F2010700381268,0.4574,1
9,16,-109,7.17,59,3721,57,1,1,1,8,542,514.3,6,3600,medium,09001000931D3B7A3931081E020600100EFA,0.4638,1
8,11,-81,15.0,10,3716,53,1,1,0,6,101,113.6,3266,3039,medium,08000B00AF3C0A793511066500C20CDF0B9C,0.7239,0
8,1,-102,15.0,46,3982,89,1,1,0,10,382,382.7,18,3907,medium,080001009A3C2E9459110A7E011200430FA7,0.4847,0
10,12,-80,15.0,18,3917,85,2,1,0,10,148,117.4,30,2955,medium,0A000C00B03C128D55120A94001E008B0B5B,0.5657,1
6,8,-128,-9.17,93,3751,55,3,1,0,44,1717,1712.4,29,5137,dense,0600080080DB5D7D37132CB5061D001114EF,0.01,0
14,16,-90,15.0,21,3803,72,1,1,0,6,165,160.4,17,1569,medium,0E001000A63C1582481106A50011002106FD,0.673,0
12,16,-128,-11.86,83,3780,71,1,1,0,7,743,749.2,262,6350,dense,0C00100080D15380471107E7020601CE183D,0.01,0
7,4,-126,-11.2,69,4134,97,1,1,0,0,224,232.6,1420,5580,dense,0700040082D345A3611100E0008C05CC1544,0.01,0
13,10,-100,15.0,82,3811,76,3,1,0,46,4042,4043.6,30,540,light,0D000A009C3C52834C132ECA0F1E001C021F,0.1065,1
2,7,-124,-9.49,64,3760,64,1,1,0,1,2684,2689.5,192,3663,medium,0200070084DA407E4011017C0AC0004F0E49,0.0527,0
10,5,-96,15.0,39,3761,61,1,1,0,9,387,376.8,3167,5657,medium,0A000500A03C277E3D110983015F0C1916D5,0.5311,1
4,12,-128,-9.39,81,3031,2,3,1,0,7,1787,1771.1,1,1494,dense,04000C0080DA5135021307FB060100D60571,0.01,0
16,11,-128,-11.38,100,4062,94,1,1,0,34,1650,1654.9,755,6484,dense,10000B0080D2649C5E11227206F302541995,0.01,0
11,5,-128,-11.18,95,3452,11,3,0,0,41,1109,751.7,12,4268,dense,0B00050080D35F5F0B032955040C00AC10C7,0.01,0
11,16,-113,4.79,52,3786,66,5,1,0,4,689,686.6,25,4521,medium,0B0010008F133480421504B1021900A9112B,0.4486,0
1,13,-100,15.0,34,3652,35,1,1,0,4,510,485.1,11,6428,medium,01000D009C3C2273231104FE010B001C19B4,0.6574,0
5,7,-110,5.98,46,3788,67,4,0,0,1,1370,787.9,194,193,medium,0500070092182E804304015A05C200C10003,0.5593,0
4,5,-126,-6.76,75,3700,47,3,1,0,0,2697,2670.7,24,4778,medium,0400050082E54B782F1300890A1800AA1229,0.1377,0
15,11,-128,-8.6,83,3631,22,2,0,0,11,3840,3158.2,3242,36,dense,0F000B0080DE537116020B000FAA0C2400BA,0.01,0
7,1,-120,-2.0,72,3785,63,3,1,0,7,1232,1219.9,271,4853,medium,0700010088F848803F1307D0040F01F51289,0.377,1
6,10,-78,15.0,9,3619,23,2,1,0,11,435,447.8,25,2637,light,06000A00B23C096F17120BB30119004D0ADB,0.5793,1
13,11,-128,-10.41,82,3902,83,1,1,0,5,4057,4055.1,34,5604,medium,0D000B0080D6528C531105D90F2200E41599,0.01,0
3,1,-98,15.0,86,3867,82,3,1,0,43,321,322.6,24,2966,medium,030001009E3C568852132B41011800960B88,0.1014,0
3,11,-128,-11.79,75,3942,88,2,1,0,12,387,393.2,18,354,dense,03000B0080D14B9058120C830112006201D5,0.01,0
15,6,-128,-12.6,75,3823,75,3,1,0,2,2770,2772.8,245,6462,dense,0F00060080CE4B844B1302D20AF5003E1936,0.01,0
5,8,-120,-3.15,61,4133,95,1,1,1,3,951,915.7,13,1625,medium,0500080088F33DA35F3103B7030D005906FF,0.5378,1
10,15,-126,-10.71,69,3671,36,2,1,0,2,2277,2278.3,1748,553,medium,0A000F0082D54575241202E508D406290281,0.01,0
10,3,-112,7.91,50,3803,73,1,1,0,2,96,104.9,10,1065,dense,0A0003009020328249110260000A00290436,0.62,1
12,14,-63,15.0,3,3816,76,1,1,0,3,201,216.9,11,3905,light,0C000E00C13C03834C1103C9000B00410F67,0.8399,1
11,13,-89,15.0,23,3677,41,5,1,0,9,764,764.2,27,163,light,0B000D00A73C1775291509FC021B00A3003B,0.4718,0
13,14,-114,3.21,64,3810,75,4,1,0,11,877,884.0,15,6312,medium,0D000E008E0D40834B140B6D030F00A818F3,0.3353,1
2,9,-126,-10.4,99,3708,48,2,0,0,32,1395,1728.0,191,1643,medium,0200090082D663783002207305BF006B067A,0.01,0
4,6,-104,15.0,55,3707,47,1,1,0,6,472,487.4,28,1185,medium,04000600983C37782F1106D8011C00A10474,0.5159,1
14,2,-128,-11.88,85,3804,75,1,0,0,7,461,366.8,4,5790,dense,0E00020080D055824B0107CD0104009E1616,0.01,0
5,7,-106,9.75,56,3818,79,1,1,0,11,3965,3936.6,1,1463,light,05000700962738834F110B7D0F0100B7050F,0.4292,0
2,12,-66,15.0,10,4083,94,1,1,0,2,87,98.4,30,4287,medium,02000C00BE3C0A9E5E110257001E00BF105B,0.8326,1
3,14,-108,10.14,46,3271,7,1,1,0,0,633,621.0,21,6745,medium,03000E0094292E4D07110079021500591A9C,0.5203,1
6,2,-128,-9.8,90,3604,20,2,1,0,29,4177,4171.9,2,1255,dense,0600020080D95A6E14121D51100200E70417,0.01,0
11,6,-123,-5.64,93,3826,77,1,1,0,41,1458,1471.5,2,1885,medium,0B00060085E95D844D1129B20502005D07E2,0.0917,1
3,11,-127,-8.44,97,3810,72,1,1,0,33,2713,2736.3,12,1656,medium,03000B0081DE6183481121990A0C00780638,0.01,0
7,6,-128,-13.89,83,3786,75,1,1,0,10,3949,3946.2,13,3179,medium,0700060080C853804B110A6D0F0D006B0C4A,0.01,0
7,4,-111,7.03,56,3683,43,1,1,0,4,1393,1374.7,148,6915,medium,07000400911C38762B110471059400031BA3,0.5484,1
10,1,-95,15.0,33,3674,36,2,0,0,7,3739,1922.7,20,4893,light,0A000100A13C21752402079B0E14001D1374,0.565,0
8,2,-128,-11.16,69,3847,82,3,1,0,0,608,602.9,13,1768,dense,0800020080D3458652130060020D00E80603,0.01,0
12,2,-107,11.29,84,3602,19,1,0,0,44,371,510.3,135,6101,medium,0C000200952D546E13012C73018700D51719,0.1162,0
16,3,-88,15.0,17,3720,50,2,1,0,4,1606,1621.4,276,1260,light,10000300A83C117A32120446061401EC04E0,0.7026,1
13,1,-109,7.75,60,3747,62,1,1,0,10,839,833.1,25,3930,medium,0D000100931F3C7C3E110A470319005A0FBE,0.4285,1
9,15,-116,0.41,56,4179,99,1,1,0,6,760,757.8,23,6955,medium,09000F008C0238A7631106F80217002B1B8D,0.5112,1
3,11,-128,-8.47,80,3777,71,4,1,0,8,514,508.2,24,3296,dense,03000B0080DE507F47140802021800E00C45,0.01,0
10,3,-128,-9.68,74,3830,79,1,1,0,9,2469,2473.1,5,3697,dense,0A00030080D94A854F1109A5090500710E5A,0.01,0
6,16,-79,15.0,10,3864,83,2,1,0,11,96,97.0,26,5683,medium,06001000B13C0A8853120B60001A003316F6,0.5757,0
4,10,-87,15.0,24,3781,66,2,1,0,11,143,137.6,23,6000,medium,04000A00A93C188042120B8F001700701746,0.5242,1
13,9,-108,8.12,49,3985,88,2,1,0,3,1131,1123.2,110,1547,medium,0D000900942031945812036B046E000B0672,0.5721,0
4,9,-96,15.0,31,3763,65,1,1,0,8,2642,2648.0,27,2428,light,04000900A03C1F7E411108520A1B007C0923,0.5844,1
3,2,-128,-11.22,76,3805,71,1,1,0,4,1275,1277.8,12,4835,dense,0300020080D34C82471104FB040C00E3128D,0.01,0
2,12,-89,15.0,23,3600,19,2,0,0,6,785,799.3,25,5085,light,02000C00A73C176E13020611031900DD13BF,0.6289,0
16,1,-111,0.59,81,3719,58,1,1,0,30,124,138.5,23,2768,dense,10000100910251793A111E7C001700D00AC5,0.1709,0
2,7,-128,-9.41,100,3804,64,1,1,0,23,332,344.3,22,4117,dense,0200070080DA64824011174C01160015107F,0.01,0
13,14,-128,-9.21,83,3419,11,2,1,0,7,2952,2930.8,6,3500,medium,0D000E0080DB535B0B1207880B0600AC0DD7,0.01,0
3,5,-69,15.0,1,3998,88,2,1,0,6,388,397.5,145,4785,light,03000500BB3C019558120684019100B112C6,0.7251,1
15,13,-128,-11.38,78,3595,23,2,1,0,9,647,627.0,16,173,dense,0F000D0080D24E6D17120987021000AD004D,0.01,0
12,11,-114,4.62,67,3319,8,2,1,0,20,498,493.5,22,1997,medium,0C000B008E124351081214F2011600CD075D,0.2214,0
4,1,-96,15.0,30,3813,75,5,1,0,4,295,286.6,26,4589,medium,04000100A03C1E834B150427011A00ED11D9,0.5347,1
10,3,-115,1.84,64,3788,77,1,1,0,4,584,575.6,1,2001,medium,0A0003008D0740804D110448020100D107BF,0.5087,0
7,12,-102,14.08,48,3289,8,2,1,0,12,313,319.6,22,6235,medium,07000C009A38304E08120C390116005B18AA,0.3299,0
3,11,-82,15.0,12,3879,83,4,1,0,6,219,224.8,52,231,medium,03000B00AE3C0C89531406DB003400E70017,0.6018,0
12,7,-128,-11.75,84,3680,51,2,0,0,8,901,585.9,21,2361,dense,0C00070080D15476330208850315003909C6,0.01,0
1,8,-88,15.0,16,3743,61,2,1,0,6,634,607.6,205,4963,light,01000800A83C107C3D12067A02CD006313CC,0.6595,1
16,9,-128,-12.51,82,3855,81,2,1,0,9,338,348.1,19,5669,dense,1000090080CE528751120952011300251612,0.01,0
3,6,-128,-10.46,80,3852,81,1,0,0,5,1480,997.8,1728,1576,dense,0300060080D65087510105C805C00628062C,0.01,0
14,5,-126,-10.26,95,3991,89,3,1,0,33,1546,1552.8,22,2635,medium,0E00050082D75F955913210A0616004B0A67,0.01,0
6,2,-128,-9.52,72,3741,64,3,0,0,2,339,257.8,26,3972,dense,0600020080DA487C40030253011A00840F27,0.01,0
15,9,-111,6.45,56,3077,3,1,1,0,6,464,459.0,7,4515,medium,0F000900911A3839031106D0010700A31190,0.1023,0
14,4,-128,-10.35,73,3801,77,1,1,0,5,334,342.3,93,451,dense,0E00040080D749824D11054E015D00C30194,0.01,0
4,10,-56,15.0,6,3548,13,1,1,0,18,153,122.5,11,1893,light,04000A00C83C06680D111299000B006507DB,0.4877,0
9,16,-128,-13.0,80,3679,38,1,0,0,12,1016,772.6,13,1318,dense,0900100080CC507526010CF8030D0026057D,0.01,0
9,14,-60,15.0,5,3736,64,2,0,0,2,169,129.1,9,2532,light,09000E00C43C057B400202A9000900E4093E,0.814,0
13,8,-87,15.0,15,3528,13,1,0,0,6,806,616.4,25,2230,light,0D000800A93C0F660D010626031900B6088D,0.7008,1
14,13,-124,-6.15,77,3346,10,1,1,0,3,3434,3436.2,70,5602,medium,0E000D0084E74D540A11036A0D4600E21548,0.2608,0
7,4,-127,-11.58,74,3666,28,1,0,0,7,2054,1807.8,22,3709,medium,0700040081D24A741C0107060816007D0EF2,0.01,0
12,6,-103,15.0,34,4112,95,1,1,0,3,416,428.6,30,1800,medium,0C000600993C22A15F1103A0011E00080759,0.6808,1
7,15,-108,8.92,50,3205,5,2,1,0,9,1039,1041.7,2,2095,medium,07000F00942432460512090F0402002F0860,0.3023,1
14,5,-94,15.0,33,3778,62,1,1,0,9,1856,1870.8,21,3472,light,0E000500A23C217F3E110940071500900D7E,0.556,1
7,11,-91,15.0,75,3709,48,1,1,0,44,1931,1950.9,12,1535,light,07000B00A53C4B7830112C8B070C00FF05BE,0.1288,1
6,14,-128,-10.54,81,4086,95,1,1,0,7,624,610.5,154,4706,dense,06000E0080D6519E5F110770029A006212DC,0.01,0
15,3,-128,-10.47,72,3663,40,1,1,0,2,4731,4721.0,281,4513,medium,0F00030080D648742811027B121901A111F3,0.01,0
15,11,-128,-12.39,76,3943,87,2,0,0,8,4748,3917.3,6,303,medium,0F000B0080CE4C905702088C1206002F011B,0.01,0
12,15,-99,15.0,33,3807,71,1,0,0,3,414,445.2,7,1210,medium,0C000F009D3C21824701039E010700BA0479,0.686,1
5,12,-118,-1.47,67,3710,51,4,1,0,6,2650,2645.7,15,3411,medium,05000C008AFA43793314065A0A0F00530D28,0.3873,1
5,16,-96,15.0,32,3794,70,4,1,0,6,1885,1895.0,10,336,light,05001000A03C20814614065D070A005001B2,0.524,0
16,2,-68,15.0,41,3734,62,5,1,1,50,329,327.7,1,3046,light,10000200BC3C297B3E353249010100E60B25,0.1395,0
15,6,-85,15.0,14,3368,10,1,1,0,7,117,147.1,49,5974,medium,0F000600AB3C0E560A1107750031005617C1,0.6144,1
5,16,-128,-13.86,93,3945,87,2,1,0,27,3585,3599.1,13,365,medium,0500100080C95D9057121B010E0D006D01F2,0.01,0
7,8,-124,-6.79,67,3754,61,2,1,0,3,1044,1046.7,3,3958,medium,0700080084E5437D3D120314040300760FB9,0.2991,1
6,16,-83,15.0,8,4057,91,1,0,0,5,421,557.5,9,4319,light,06001000AD3C089B5B0105A5010900DF101F,0.7592,1
9,14,-128,-11.04,77,3610,18,2,1,0,8,807,812.7,511,2465,dense,09000E0080D44D6F1212082703FF01A10967,0.01,0
5,10,-128,-7.08,81,3756,66,4,1,0,11,709,707.4,12,4646,dense,05000A0080E4517D42140BC5020C00261252,0.01,0
6,11,-120,-4.3,66,3253,7,3,1,0,6,239,247.2,1668,973,dense,06000B0088EF424B071306EF008406CD035C,0.2949,0
16,15,-124,-8.04,63,4063,93,1,1,0,2,3922,3927.0,20,683,medium,10000F0084E03F9C5D1102520F1400AB0226,0.1715,1
1,4,-113,3.67,45,3595,17,3,1,0,0,651,640.9,6,6915,medium,010004008F0F2D6D1113008B020600031B77,0.6205,0
12,11,-76,15.0,0,3778,69,1,1,0,0,461,450.7,27,3206,light,0C000B00B43C007F451100CD011B00860CFC,0.95,1
9,11,-128,-12.23,76,3436,11,1,1,0,4,1015,1027.5,25,1838,dense,09000B0080CF4C5D0B1104F70319002E070B,0.01,0
11,12,-112,4.66,55,4137,97,1,1,0,6,551,543.7,3554,2538,medium,0B000C00901337A36111062702E20DEA097C,0.5159,1
15,3,-78,15.0,4,3568,16,1,1,0,2,524,519.9,3,2626,light,0F000300B23C046A1011020C020300420AD8,0.8645,1
14,7,-108,8.74,43,3826,79,2,0,0,3,382,508.9,21,1573,medium,0E00070094232B844F02037E0115002506C4,0.6012,1
9,7,-93,15.0,26,3789,72,2,0,0,2,413,304.3,24,6161,medium,09000700A33C1A804802029D0118001118F1,0.7082,1
1,15,-128,-8.47,97,3808,76,5,1,0,23,1346,1345.4,284,5909,dense,01000F0080DE61824C151742051C01151774,0.01,0
1,12,-109,10.33,58,3806,70,1,1,0,8,413,415.3,5,6038,medium,01000C0093293A824611089D01050096175F,0.4681,1
13,16,-88,15.0,18,3750,63,3,1,0,0,160,169.6,2507,3744,medium,0D001000A83C127D3F1300A000CB09A00E3F,0.7582,1
14,10,-128,-11.7,86,4098,94,4,1,0,9,528,527.9,30,2173,dense,0E000A0080D1569F5E140910021E007D0821,0.01,0
2,15,-128,-10.1,99,3624,27,2,1,0,43,1036,1016.6,496,6578,dense,02000F0080D863701B122B0C04F001B21921,0.01,0
14,1,-126,-11.45,74,3899,83,1,1,0,0,465,464.8,19,2360,dense,0E00010082D24A8B531100D1011300380903,0.01,0
13,9,-78,15.0,0,3742,55,1,0,0,3,346,411.7,832,5993,light,0D000900B23C007C3701035A0140036917C0,0.8553,1
9,7,-112,6.86,57,3811,71,3,1,0,8,1274,1281.6,613,7158,medium,09000700901B3983471308FA046502F61B24,0.4227,0
8,2,-128,-13.88,76,4156,98,1,1,0,1,2446,2440.0,27,5477,dense,0800020080C84CA56211018E091B00651556,0.01,0
12,14,-88,15.0,38,3831,79,1,0,0,20,782,1038.8,6,6683,light,0C000E00A83C26854F01140E0306001B1A33,0.3642,1
12,1,-104,12.44,41,3721,59,2,1,0,3,502,493.5,20,5717,medium,0C0001009832297A3B1203F6011400551641,0.611,0
8,15,-128,-10.24,76,3992,89,1,0,1,3,969,794.8,2,2916,dense,08000F0080D74C95592103C9030200640B5A,0.01,0
12,11,-109,10.28,65,3231,7,2,1,0,21,1018,1026.2,18,4054,medium,0C000B0093294149071215FA031200D60FB7,0.1834,0
11,2,-76,15.0,0,3773,69,1,1,0,4,262,267.4,4,1126,light,0B000200B43C007F451104060104006604C5,0.8259,1
5,6,-89,15.0,25,3397,10,1,1,0,4,135,133.2,1,767,medium,05000600A73C19590A110487000100FF02DF,0.6637,0
4,7,-128,-9.96,82,3790,69,1,0,0,9,2138,2165.7,8,6236,dense,0400070080D852814501095A0808005C1833,0.01,0
3,14,-115,-0.05,62,3821,79,4,0,0,1,397,187.3,51,3447,dense,03000E008D003E844F04018D013300770D0B,0.485,1
2,4,-128,-14.06,66,3741,59,2,1,0,5,477,463.6,4,4602,dense,0200040080C8427C3B1205DD010400FA1128,0.01,0
11,3,-128,-11.73,84,3757,59,3,1,0,11,414,406.4,1278,48,dense,0B00030080D1547D3B130B9E01FE043000ED,0.01,0
7,9,-86,15.0,16,3702,42,1,1,0,5,907,929.9,19,2045,light,07000900AA3C10782A11058B031300FD074D,0.7209,0
14,5,-84,15.0,9,3750,73,1,1,0,2,171,162.9,27,5830,medium,0E000500AC3C097D491102AB001B00C6164F,0.8379,0
2,13,-114,2.88,86,3769,67,1,1,0,28,800,814.8,27,1695,medium,02000D008E0C567E43111C20031B009F0679,0.1726,1
4,15,-121,-0.84,70,3815,78,1,1,0,10,213,211.3,211,7034,dense,04000F0087FD46834E110AD500D3007A1B61,0.388,1
16,5,-100,15.0,53,3761,62,3,1,0,11,525,535.4,10,2357,medium,100005009C3C357E3E130B0D020A00350953,0.3945,1
14,13,-128,-6.07,86,3865,81,1,1,0,7,1040,1021.6,2254,2213,dense,0E000D0080E856885111071004CE08A5085A,0.01,0
5,1,-128,-10.39,69,4174,99,2,1,0,2,2143,2129.5,24,814,medium,0500010080D645A76312025F0818002E03EA,0.01,0
10,13,-61,15.0,0,3753,59,3,0,1,3,134,109.0,22,4333,light,0A000D00C33C007D3B230386001600ED1093,0.7653,0
11,14,-96,15.0,62,3738,55,1,1,0,34,275,277.2,159,4807,medium,0B000E00A03C3E7B37112213019F00C71223,0.1815,0
12,2,-99,15.0,47,3795,69,3,1,1,12,239,218.0,11,4612,medium,0C0002009D3C2F8145330CEF000B00041258,0.401,1
5,4,-89,15.0,78,3819,79,2,1,0,50,1617,1627.1,5,3043,light,05000400A73C4E834F123251060500E30B72,0.1181,0
14,2,-127,-10.62,81,4095,95,1,1,0,9,2013,2034.4,26,6119,medium,0E00020081D6519F5F1109DD071A00E7173A,0.01,0
2,9,-106,9.94,44,3934,86,1,0,0,3,1569,803.2,29,4779,medium,0200090096282C8F56010321061D00AB12EF,0.6295,1
1,8,-113,2.01,62,3838,80,1,1,0,10,171,167.7,22,1290,dense,010008008F083E8550110AAB0016000A0595,0.4204,1
6,4,-96,15.0,27,3601,20,1,1,0,0,3457,3461.4,30,6239,light,06000400A03C1B6E141100810D1E005F181C,0.7961,1
5,13,-128,-13.45,87,3740,55,1,0,0,10,549,1204.7,86,1739,dense,05000D0080CA577C37010A25025600CB067C,0.01,0
14,4,-82,15.0,19,3976,87,3,0,0,9,436,930.8,30,4873,light,0E000400AE3C1393570309B4011E000913EC,0.5496,0
15,7,-128,-10.92,93,3778,69,2,0,0,12,192,259.9,1,6333,dense,0F00070080D45D7F45020CC0000100BD183D,0.01,0
4,14,-112,5.89,100,3694,43,4,1,0,45,127,146.2,21,4420,dense,04000E00901864772B142D7F0015004411F8,0.0789,0
8,16,-128,-12.29,91,3743,58,2,1,0,48,438,422.5,9,6788,dense,0800100080CF5B7C3A1230B6010900841A18,0.01,0
7,3,-107,7.29,82,3833,78,2,1,0,49,2711,2705.8,25,2268,light,07000300951D52854E1231970A1900DC0853,0.1127,0
2,14,-83,15.0,42,3728,56,3,1,0,35,583,587.2,24,3943,light,02000E00AD3C2A7A38132347021800670F6A,0.1868,1
12,1,-125,-5.82,73,3945,87,5,1,0,10,2752,2755.2,30,2398,medium,0C00010083E9499057150AC00A1E005E0913,0.1347,1
5,11,-94,15.0,37,3688,37,3,1,0,12,189,201.7,20,335,medium,05000B00A23C257625130CBD0014004F0199,0.4345,0
2,11,-110,7.92,98,3797,72,2,1,0,48,629,622.2,5,1936,medium,02000B009220628148123075020500900739,0.0914,0
8,6,-97,15.0,35,3615,24,2,1,0,8,2402,2405.4,21,1974,light,080006009F3C236F18120862091500B607F2,0.5374,0
15,10,-105,7.46,44,3972,90,4,1,0,8,115,110.7,62,1007,dense,0F000A00971E2C935A140873003E00EF03B1,0.445,1
4,16,-105,13.6,44,3468,12,1,1,0,2,454,450.0,16,3102,medium,0400100097362C600C1102C60110001E0CDA,0.6519,1
3,8,-70,15.0,1,3510,13,2,1,0,2,192,195.6,21,174,light,03000800BA3C01650D1202C0001500AE00B6,0.8341,1
5,7,-128,-14.1,76,3757,59,4,0,0,7,459,602.4,1495,5179,dense,0500070080C84C7D3B0407CB01D7053B1450,0.01,0
12,14,-128,-8.54,76,3698,47,2,1,0,8,801,800.5,10,698,dense,0C000E0080DE4C772F120821030A00BA023B,0.01,0
9,15,-80,15.0,11,3818,77,4,1,0,11,92,95.4,8,2261,medium,09000F00B03C0B834D140B5C000800D5085B,0.5084,0
15,10,-109,9.5,86,3756,56,2,1,0,33,3512,3475.2,1156,6754,light,0F000A009326567D381221B80D8404621A77,0.1372,0
9,11,-96,15.0,50,3771,64,1,1,0,21,284,296.7,300,6455,medium,09000B00A03C327F4011151C012C01371994,0.3189,1
7,4,-91,15.0,22,3592,26,1,1,0,3,174,193.9,14,692,medium,07000400A53C166D1A1103AE000E00B402E7,0.7424,1
16,13,-128,-12.54,85,3587,17,3,0,0,11,4874,3863.3,35,1714,dense,10000D0080CE556C11030B0A132300B20608,0.01,0
1,11,-128,-9.69,85,3605,22,2,1,0,3,296,314.9,272,2166,dense,01000B0080D9556E1612032801100176088C,0.01,0
4,13,-128,-9.5,79,3965,85,1,1,0,5,3292,3308.6,2,6628,dense,04000D0080DA4F92551105DC0C0200E419D5,0.01,0
10,2,-72,15.0,0,3776,76,3,0,0,12,322,237.5,7,1771,light,0A000200B83C007F4C030C42010700EB06D3,0.5585,1
3,5,-102,10.67,38,3747,59,4,1,0,11,409,408.0,17,3010,medium,030005009A2B267C3B140B99011100C20B86,0.4202,0
11,4,-104,13.23,39,4040,90,1,1,0,1,474,474.5,473,7171,medium,0B0004009835279A5A1101DA01D901031C8A,0.7027,1
7,6,-128,-9.83,81,3581,15,1,1,0,7,588,591.1,710,6293,dense,0700060080D9516C0F11074C02C6029518E2,0.01,0
12,1,-120,-3.45,74,3702,39,2,0,0,6,3132,3313.5,21,4301,medium,0C00010088F24A782702063C0C1500CD1098,0.401,1
2,3,-128,-13.6,77,3351,10,1,1,0,4,632,642.5,28,1919,dense,0200030080CA4D550A110478021C007F0792,0.01,0
4,1,-83,15.0,7,3735,55,3,1,0,9,162,163.8,3,134,medium,04000100AD3C077B371309A20003008600C0,0.5943,1
9,11,-123,-7.12,70,3823,80,4,1,0,9,1738,1724.4,13,6226,medium,09000B0085E44684501409CA060D00521892,0.2042,0
15,2,-116,4.01,59,3818,71,1,1,0,3,1487,1484.2,19,4104,medium,0F0002008C103B83471103CF05130008104E,0.5525,0
7,3,-96,15.0,29,4035,91,1,0,0,12,3734,1949.7,13,193,light,07000300A03C1D995B010C960E0D00C100E8,0.5156,1
13,11,-128,-8.38,86,3746,56,1,1,0,4,354,373.8,24,2673,dense,0D000B0080DE567C38110462011800710A1D,0.01,0
12,11,-128,-9.21,72,3712,51,3,0,0,4,940,1213.4,207,970,dense,0C000B0080DB4879330304AC03CF00CA034B,0.01,0
14,6,-114,4.09,62,3784,73,3,1,0,2,127,138.4,9,4698,dense,0E0006008E103E804913027F0009005A1230,0.4977,1
3,16,-96,15.0,32,3763,74,2,0,0,2,4002,2303.1,26,6152,light,03001000A03C207E4A0202A20F1A0008188B,0.678,0
9,7,-73,15.0,1,3761,68,2,0,1,0,213,299.2,115,13,light,09000700B73C017E442200D50073000D0029,0.8946,1
14,10,-114,2.23,63,3041,2,3,1,0,8,157,168.6,3,6749,dense,0E000A008E093F360213089D0003005D1A43,0.0799,1
3,8,-111,4.59,46,3643,28,2,1,0,5,350,349.8,14,7147,medium,0300080091122E721C12055E010E00EB1BC0,0.547,1
14,11,-108,11.11,43,3619,28,1,1,0,7,473,453.6,114,3683,medium,0E000B00942C2B6F1C1107D9017200630E86,0.5517,0
14,11,-65,15.0,0,3574,14,2,0,0,10,131,245.9,496,4636,light,0E000B00BF3C006B0E020A8300F0011C12C2,0.6342,1
9,1,-105,9.76,33,3720,58,1,1,0,3,407,394.4,191,1407,medium,090001009727217A3A11039701BF007F053B,0.686,0
13,2,-128,-14.76,83,3727,64,5,1,0,10,1163,1187.1,20,1797,dense,0D00020080C5537A40150A8B0414000507EB,0.01,0
11,3,-89,15.0,33,3782,71,1,1,0,10,165,176.7,10,1386,medium,0B000300A73C218047110AA5000A006A054A,0.5369,1
5,15,-106,10.32,44,3748,59,1,1,0,3,415,435.1,22,4381,medium,05000F0096292C7C3B11039F0116001D11FC,0.6295,1
15,12,-128,-9.02,79,3606,24,1,0,0,1,3127,2908.4,29,2143,medium,0F000C0080DC4F6E180101370C1D005F08D2,0.01,0
6,11,-82,15.0,13,3966,87,2,0,0,6,261,166.9,155,1456,medium,06000B00AE3C0D9257020605019B00B0056D,0.6726,0
14,1,-128,-11.73,76,3946,88,2,1,0,8,1803,1812.7,3089,979,medium,0E00010080D14C905812080B07110CD30319,0.01,0
13,15,-100,11.72,37,4001,90,1,0,0,5,2440,3560.9,13,1405,light,0D000F009C2F25965A010588090D007D05F8,0.6204,0
11,12,-128,-15.02,73,3925,84,1,0,0,7,985,696.5,22,6005,dense,0B000C0080C4498E540107D903160075174B,0.01,0
6,2,-90,15.0,25,4152,98,3,1,0,8,1465,1453.9,25,4993,light,06000200A63C19A5621308B905190081135C,0.5461,0
1,4,-125,-5.71,72,4028,90,4,1,0,3,361,361.0,18,5669,dense,0100040083E948985A14036901120025169F,0.2333,0
5,6,-120,-3.82,65,3825,78,2,1,0,4,1721,1700.5,2176,6158,medium,0500060088F141844E1204B90680080E1871,0.4691,0
15,2,-76,15.0,9,3782,73,1,0,0,12,261,486.4,6,3121,light,0F000200B43C098049010C05010600310CC0,0.5905,0
3,13,-128,-9.61,100,3826,78,1,1,0,42,568,568.8,23,4730,dense,03000D0080DA64844E112A380217007A12C5,0.01,0
2,14,-125,-4.77,74,3823,72,1,1,0,3,1531,1539.4,23,7113,medium,02000E0083ED4A84481103FB051700C91B37,0.2718,0
13,12,-65,15.0,1,3740,56,1,1,0,8,97,85.5,24,1500,medium,0D000C00BF3C017C38110861001800DC05A6,0.7137,1
13,4,-128,-11.71,91,3779,63,1,1,0,10,399,405.9,19,7102,dense,0D00040080D15B7F3F110A8F011300BE1B03,0.01,0
4,7,-112,3.35,55,4121,96,1,0,0,11,642,559.6,16,4719,medium,04000700900D37A260010B820210006F129D,0.4331,0
8,15,-128,-8.81,83,3909,85,1,1,0,8,1589,1603.5,23,5295,medium,08000F0080DD538C55110835061700AF1427,0.01,0
13,15,-71,15.0,0,3652,36,2,1,0,3,323,346.6,92,6757,light,0D000F00B93C007324120343015C00651A3F,0.8103,0
4,16,-115,1.11,58,3374,10,2,0,0,4,1581,966.7,3,727,medium,040010008D043A570A02042D060300D70289,0.4647,1
11,15,-76,15.0,5,3792,71,3,1,0,7,202,191.2,80,3669,light,0B000F00B43C0581471307CA005000550ECA,0.6453,1
9,15,-128,-10.5,98,3775,67,3,1,0,37,984,982.8,13,3878,dense,09000F0080D6627F431325D8030D00260F86,0.01,0
5,14,-101,15.0,36,3702,49,2,1,0,5,328,337.0,29,6635,medium,05000E009B3C247831120548011D00EB194C,0.5923,1
11,15,-128,-9.4,67,3775,75,1,1,0,2,1988,1988.1,23,6073,medium,0B000F0080DA437F4B1102C4071700B917C7,0.01,0
11,13,-128,-12.06,78,3772,69,2,1,0,2,340,330.3,91,3512,dense,0B000D0080D04E7F45120254015B00B80D91,0.01,0
1,16,-94,15.0,23,3697,41,2,0,0,1,662,799.4,5,2604,light,01001000A23C1777290201960205002C0AE4,0.7491,1
11,8,-88,15.0,46,3788,79,1,1,0,34,1066,1057.9,17,4809,light,0B000800A83C2E804F11222A041100C9120B,0.2092,0
5,9,-128,-13.7,85,3805,74,3,0,0,11,3533,2227.0,242,1067,medium,0500090080C955824A030BCD0DF2002B043E,0.01,0
6,16,-83,15.0,17,3839,78,3,0,0,8,368,553.9,99,1039,light,06001000AD3C11854E0308700163000F044C,0.5769,1
1,12,-84,15.0,16,3732,55,1,1,0,4,1023,1029.9,7,1357,light,01000C00AC3C107B371104FF0307004D05C7,0.7466,1
3,12,-111,4.82,53,3804,76,1,1,0,5,118,128.8,9,7072,dense,03000C00911335824C110576000900A01B00,0.5439,1
5,11,-128,-9.39,68,3999,88,1,1,0,3,856,840.3,58,5889,dense,05000B0080DA449558110358033A00011774,0.01,0
16,3,-76,15.0,13,3703,47,2,1,0,10,97,112.8,6,1276,medium,10000300B43C0D782F120A61000600FC04FE,0.5848,1
7,13,-80,15.0,5,3644,33,1,1,0,1,466,465.4,104,2668,light,07000D00B03C0572211101D20168006C0A6C,0.8898,1
8,14,-93,15.0,28,3677,38,1,1,0,7,103,83.5,15,3225,dense,08000E00A33C1C7526110767000F00990C57,0.6186,0
11,5,-123,-5.6,97,3850,77,2,1,0,43,1626,1623.4,28,1433,medium,0B00050085EA61874D122B5A061C0099052F,0.0826,0
11,4,-106,11.06,43,4117,95,2,0,0,11,402,681.7,2674,4256,medium,0B000400962C2BA15F020B9201720AA0109B,0.4544,1
4,3,-128,-8.72,74,4076,93,2,1,0,0,3414,3424.9,281,5624,medium,0400030080DD4A9D5D1200560D1901F815B4,0.01,0
15,6,-86,15.0,17,4060,94,2,1,0,3,174,169.2,62,6153,medium,0F000600AA3C119C5E1203AE003E00091868,0.7276,0
2,5,-121,-2.85,82,3630,32,1,1,0,12,157,139.7,4,7146,dense,0200050087F5527120110C9D000400EA1B21,0.3152,1
3,1,-124,-7.51,87,3709,52,4,1,0,10,2035,2047.6,10,7114,medium,0300010084E2577834140AF3070A00CA1B11,0.1206,0
7,16,-106,11.36,66,3778,64,2,1,0,22,346,334.9,2,1702,medium,07001000962D427F4012165A010200A6067C,0.2517,0
15,7,-104,9.88,74,3409,11,2,1,0,22,470,475.1,4,5063,medium,0F00070098284A5A0B1216D6010400C71330,0.2317,0
11,12,-107,10.63,49,3750,66,4,1,0,3,771,766.6,19,1712,medium,0B000C00952B317D42140303031300B00687,0.5085,0
15,11,-128,-7.98,73,3725,59,3,1,0,1,1947,1970.9,1,2766,dense,0F000B0080E0497A3B13019B070100CE0A09,0.01,0
11,3,-111,6.55,58,3723,49,2,0,0,5,365,391.9,12,6084,medium,0B000300911A3A7A3102056D010C00C41725,0.4926,1
7,13,-114,4.8,75,3701,43,2,1,0,21,1981,1954.7,15,3477,medium,07000D008E134B782B1215BD070F00950D88,0.2374,0
12,7,-128,-10.45,77,3586,19,4,1,0,12,868,845.2,5,2969,dense,0C00070080D64D6C13140C64030500990B95,0.01,0
16,5,-80,15.0,13,3540,13,4,1,0,9,112,125.2,97,4355,medium,10000500B03C0D680D14097000610003114A,0.5383,0
11,6,-101,15.0,42,3926,85,2,0,0,11,136,88.9,2,5052,dense,0B0006009B3C2A8E55020B88000200BC13E4,0.4581,0
16,10,-120,-2.99,98,4068,95,1,1,0,43,2669,2687.0,25,6914,medium,10000A0088F4629C5F112B6D0A1900021B00,0.0958,0
16,14,-128,-9.03,97,3670,34,1,1,0,12,2453,2431.2,26,223,dense,10000E0080DC617522110C95091A00DF007D,0.01,0
14,9,-105,7.54,29,3747,52,2,1,0,0,763,769.4,17,3673,medium,0E000900971E1D7C341200FB021100590EF7,0.7434,1
4,7,-98,15.0,36,3611,19,2,1,0,7,391,405.7,71,2362,medium,040007009E3C246F131207870147003A09F0,0.5523,1
9,8,-128,-11.84,78,3684,44,1,1,0,2,1111,1131.5,28,3523,dense,0900080080D14E762C110257041C00C30D5E,0.01,0
7,2,-113,2.76,56,4022,91,3,0,0,2,1117,1485.4,256,3229,medium,070002008F0B38985B03025D0400019D0CE4,0.5262,1
12,10,-65,15.0,16,3704,49,1,1,0,32,121,109.3,1573,5140,light,0C000A00BF3C10783111207900250614146A,0.2802,0
4,1,-74,15.0,0,4077,96,1,1,0,4,101,112.9,18,5738,medium,04000100B63C009D601104650012006A1603,0.8259,1
9,11,-87,15.0,64,3729,57,3,1,0,47,762,758.4,183,6736,light,09000B00A93C407A39132FFA02B700501A7A,0.1291,0
16,11,-71,15.0,0,3810,74,1,1,0,9,212,200.2,83,820,light,10000B00B93C00834A1109D40053003403D2,0.6933,1
2,9,-92,15.0,37,3621,24,1,1,0,11,251,277.9,17,938,medium,02000900A43C257018110BFB001100AA03FC,0.5029,1
1,3,-128,-10.4,79,3649,33,5,1,0,0,755,745.9,294,4433,dense,0100030080D64F72211500F302260151113E,0.01,0
14,1,-128,-14.66,83,3885,83,2,0,0,8,3524,3995.7,26,5754,medium,0E00010080C5538A530208C40D1A007A16EC,0.01,0
15,16,-58,15.0,0,4156,98,2,1,0,10,92,105.6,291,6979,light,0F001000C63C00A562120A5C002301431BF1,0.6342,1
13,16,-107,11.01,53,3612,22,4,1,0,8,673,672.8,2640,4157,medium,0D001000952C356F161408A102500A3D100D,0.4124,0
6,1,-123,-6.89,100,3362,9,2,0,0,26,2627,1661.2,13,754,medium,0600010085E4645609021A430A0D00F202C4,0.0856,0
6,10,-118,-0.87,59,4023,90,2,1,0,8,1809,1801.0,2670,5495,medium,06000A008AFD3B985A120811076E0A771588,0.4391,0
2,6,-108,7.97,43,3783,66,3,1,0,6,480,472.5,53,5266,medium,0200060094202B80421306E00135009214F3,0.5112,1
8,6,-96,15.0,33,3795,75,3,1,0,10,298,288.1,6,4959,medium,08000600A03C21814B130A2A0106005F1392,0.4804,0
10,15,-91,15.0,58,3631,27,2,1,0,43,163,151.7,5,4599,medium,0A000F00A53C3A711B122BA3000500F71189,0.1447,0
6,16,-128,-14.73,96,3810,73,2,0,0,47,1362,998.3,26,4368,dense,0600100080C5608349022F52051A001011AD,0.01,0
2,16,-128,-10.05,87,3739,61,5,1,0,9,1040,1041.7,42,735,dense,0200100080D8577B3D150910042A00DF020D,0.01,0
4,11,-128,-8.43,72,3691,42,5,0,0,2,4613,2693.6,28,1910,dense,04000B0080DE48772A050205121C00760709,0.01,0
1,7,-77,15.0,17,3778,69,2,0,0,12,134,247.9,115,2285,light,01000700B33C117F45020C86007300ED08F8,0.531,1
9,2,-96,15.0,35,4082,94,2,1,0,12,258,263.2,63,3971,medium,09000200A03C239E5E120C02013F00830F15,0.4672,0
3,14,-123,-5.92,99,3849,80,2,0,0,49,2254,2428.8,24,4520,medium,03000E0085E86386500231CE081800A811ED,0.0766,0
15,5,-128,-8.02,74,3642,26,1,1,0,6,2175,2176.6,9,5062,dense,0F00050080E04A721A11067F080900C61346,0.01,0
13,12,-101,14.3,22,3769,72,1,1,0,1,598,601.7,164,408,medium,0D000C009B39167E4811015602A400980128,0.7962,1
6,1,-128,-13.83,69,3745,66,4,1,0,0,2558,2547.4,3,5970,dense,0600010080C9457C421400FE09030052170C,0.01,0
13,4,-78,15.0,2,3904,84,1,1,0,5,239,267.0,2,207,light,0D000400B23C028C541105EF000200CF0091,0.7879,1
10,14,-97,15.0,30,3754,63,1,1,0,6,329,324.8,9,414,medium,0A000E009F3C1E7D3F1106490109009E0161,0.6314,1
6,1,-128,-12.98,83,3715,50,2,0,0,8,3488,3389.0,3506,6296,dense,0600010080CC5379320208A00DB20D9818FE,0.01,0
1,8,-128,-13.26,85,4015,90,3,1,0,10,558,574.0,14,893,dense,0100080080CB55975A130A2E020E007D035F,0.01,0
12,4,-102,13.24,52,3807,74,3,1,0,24,2684,2684.5,2054,3923,light,0C0004009A3534824A13187C0A0608530F09,0.2525,0
13,3,-128,-12.75,68,3733,59,1,1,0,1,4113,4121.2,30,4240,medium,0D00030080CD447B3B110111101E009010E9,0.01,0
1,14,-128,-8.42,82,3668,39,5,0,0,7,1933,2789.5,5,4883,medium,01000E0080DE52742705078D07050013134D,0.01,0
1,16,-122,-5.62,77,3808,73,1,1,0,12,2067,2049.9,5,4336,medium,0100100086EA4D8249110C13080500F01090,0.2981,0
16,6,-82,15.0,55,3778,72,3,1,0,50,126,122.7,1810,4216,medium,10000600AE3C377F4813327E0012077810E7,0.1404,1
8,10,-95,15.0,72,4180,99,1,1,0,42,160,163.3,21,2778,medium,08000A00A13C48A863112AA0001500DA0A8B,0.1331,0
3,2,-78,15.0,9,4178,99,1,1,0,12,275,268.9,16,6341,light,03000200B23C09A763110C13011000C5189B,0.5905,1
10,12,-105,12.32,39,3715,56,3,1,0,6,861,889.1,27,108,medium,0A000C00973127793813065D031B006C00E4,0.5278,1
3,11,-128,-10.41,72,3767,66,2,1,0,6,2286,2289.6,148,4125,dense,03000B0080D6487E421206EE0894001D10F5,0.01,0
8,6,-128,-12.72,78,3588,15,3,1,0,11,3636,3648.1,3,2352,dense,0800060080CD4E6C0F130B340E03003009FD,0.01,0
14,6,-128,-10.17,60,3675,42,1,0,0,0,3945,3391.5,7,4942,medium,0E00060080D73C752A0100690F07004E1320,0.01,0
4,1,-115,2.87,47,3935,87,1,1,0,1,1437,1423.3,15,7165,medium,040001008D0B2F8F5711019D050F00FD1BA2,0.6586,1
14,10,-128,-11.22,76,3973,89,2,1,0,5,287,302.2,23,6884,dense,0E000A0080D34C935912051F011700E41A6B,0.01,0
13,4,-90,15.0,18,3879,81,2,1,0,4,1874,1876.5,5,4857,light,0D000400A63C128951120452070500F912C1,0.6979,1
8,11,-95,15.0,53,3678,41,2,0,0,25,1452,1673.0,19,4221,light,08000B00A13C3575290219AC0513007D10C8,0.2559,0
7,3,-78,15.0,15,3665,24,1,1,0,19,397,390.2,13,376,light,07000300B23C0F741811138D010D007801FD,0.4446,0
16,12,-73,15.0,0,3229,6,1,1,0,4,215,219.0,24,2620,light,10000C00B73C0048061104D70018003C0AA3,0.5728,0
3,11,-83,15.0,16,3778,73,3,1,0,10,648,658.5,189,4827,light,03000B00AD3C107F49130A8802BD00DB1238,0.5415,0
4,1,-114,1.84,45,3808,75,3,1,0,0,600,596.2,1650,4824,medium,040001008E072D824B130058027206D81235,0.6205,0
11,1,-97,15.0,31,4072,95,1,1,0,1,3340,3330.5,21,713,light,0B0001009F3C1F9D5F11010C0D1500C902A0,0.7467,1
8,5,-123,-5.84,76,3653,32,3,0,0,4,1395,1119.0,16,3013,medium,0800050085E94C7320030473051000C50B8D,0.3462,0
14,7,-79,15.0,0,3677,37,2,1,0,2,125,138.2,15,3555,medium,0E000700B13C00752512027D000F00E30DE6,0.8392,1
4,9,-87,15.0,69,4024,90,1,1,1,42,155,154.3,15,3093,medium,04000900A93C45985A312A9B000F00150C85,0.1373,0
5,1,-93,15.0,23,3963,89,1,1,0,10,2726,2729.2,18,649,light,05000100A33C179259110AA60A120089027E,0.5771,1
12,16,-57,15.0,2,3803,70,1,1,0,7,97,91.8,77,4004,light,0C001000C73C028246110761004D00A40F37,0.7346,1
3,2,-128,-11.87,81,3751,61,1,0,0,6,1046,705.0,14,4946,dense,0300020080D1517D3D010616040E0052134B,0.01,0
3,9,-93,15.0,23,4073,94,2,1,0,2,205,237.2,18,3987,medium,03000900A33C179D5E1202CD001200930F5A,0.7234,1
14,13,-86,15.0,7,3728,60,3,1,0,0,508,501.0,1,1803,light,0E000D00AA3C077A3C1300FC0101000B0762,0.8143,0
14,5,-128,-9.65,72,3622,23,3,1,1,2,2668,2684.9,198,2298,medium,0E00050080D948701733026C0AC600FA083C,0.01,0
6,3,-81,15.0,10,3613,23,1,0,0,8,213,123.7,26,487,medium,06000300AF3C0A6F170108D5001A00E701D9,0.6749,0
2,3,-103,10.71,47,3148,4,2,1,0,10,455,447.4,249,362,medium,02000300992B2F4004120AC701F9006A01AB,0.0911,0
15,1,-100,15.0,44,3349,9,3,1,0,10,2593,2587.9,162,5359,light,0F0001009C3C2C5409130A210AA200EF144B,0.3851,0
10,9,-127,-9.67,79,3683,41,3,1,0,6,1002,988.9,19,4880,medium,0A00090081D94F76291306EA0313001013F2,0.01,0
4,8,-90,15.0,19,3938,87,4,0,0,3,2120,1791.9,73,5947,light,04000800A63C138F570403480849003B17FD,0.6382,1
11,1,-118,1.75,100,3790,73,2,1,0,33,173,172.5,29,6263,dense,0B0001008A076481491221AD001D00771845,0.1134,0
5,8,-112,8.44,45,3678,38,1,1,0,3,471,465.4,1528,4128,medium,0500080090222D75261103D701F805201020,0.6244,1
6,7,-125,-6.97,61,4130,95,4,1,0,2,2385,2364.4,11,3644,medium,0600070083E43DA35F140251090B003C0E98,0.22,0
13,6,-102,15.0,49,3602,17,1,0,0,11,672,550.2,2516,6277,medium,0D0006009A3C316E11010BA002D409851819,0.4564,1
10,13,-128,-11.34,76,3628,26,4,0,0,7,376,343.5,2762,161,dense,0A000D0080D34C701A04077801CA0AA1000F,0.01,0
15,11,-128,-12.3,83,3696,41,1,1,0,3,2173,2160.0,3162,5596,medium,0F000B0080CF53772911037D085A0CDC157E,0.01,1
3,12,-128,-11.0,77,3701,47,2,1,0,0,2151,2122.8,244,420,medium,03000C0080D44D782F12006708F400A40183,0.01,0
7,15,-73,15.0,0,4156,98,2,1,0,4,460,473.9,29,364,light,07000F00B73C00A5621204CC011D006C01A4,0.7824,1
15,12,-62,15.0,0,3737,57,1,1,0,10,117,111.9,149,543,light,0F000C00C23C007B39110A750095001F0244,0.6695,0
10,12,-128,-9.73,70,3720,55,2,1,0,0,628,631.4,5,4154,dense,0A000C0080D9467A371200740205003A1015,0.01,0
10,2,-107,9.24,47,3741,59,1,1,0,9,677,655.9,214,2000,medium,0A00020095252F7C3B1109A502D600D007F4,0.4978,0
11,3,-92,15.0,16,3311,8,2,1,0,0,292,284.6,13,4483,medium,0B000300A43C105108120024010D00831142,0.6643,1
9,1,-128,-10.38,96,3839,77,2,1,0,28,3780,3776.0,19,3076,dense,0900010080D660854D121CC40E1300040C75,0.01,0
13,8,-128,-11.68,73,3795,70,1,0,0,5,1050,851.5,1171,2569,dense,0D00080080D149814601051A049304090AD9,0.01,0
6,5,-105,12.65,55,3603,20,1,0,0,11,100,340.3,8,785,medium,060005009733376E14010B6400080011036E,0.4331,0
2,11,-122,-5.49,99,3913,85,1,1,0,49,301,307.1,14,1245,dense,02000B0086EA638D5511312D010E00DD04DE,0.0857,0
13,7,-128,-11.22,85,3736,55,3,1,0,7,771,762.6,261,7055,dense,0D00070080D3557B371307030305018F1B8C,0.01,0
14,5,-64,15.0,0,3746,65,2,1,0,12,141,142.4,23,4270,light,0E000500C03C007C41120C8D001700AE109F,0.5913,1
15,16,-124,-8.1,67,3311,9,1,1,0,2,1882,1893.5,25,5742,medium,0F00100084E043510911025A0719006E165B,0.1179,1
6,2,-128,-12.39,84,3799,78,4,1,0,10,428,439.1,253,4126,dense,0600020080CE54814E140AAC01FD001E10F2,0.01,0
11,9,-117,-2.68,53,3823,80,2,1,0,2,755,765.5,4,5811,medium,0B0009008BF53584501202F3020400B31622,0.5695,0
11,16,-128,-10.71,85,3859,82,1,1,0,6,2095,2109.1,5,1417,medium,0B00100080D555875211062F0805008905C3,0.01,0
10,15,-77,15.0,7,3754,62,3,1,0,0,437,441.3,7,6875,light,0A000F00B33C077D3E1300B5010700DB1A00,0.8143,1
5,1,-114,2.47,98,3787,67,1,1,0,48,823,820.7,3,5825,medium,050001008E0A628043113037030300C116D6,0.0965,1
5,13,-79,15.0,21,3184,5,1,1,0,11,344,334.4,98,4084,light,05000D00B13C154405110B58016200F40F57,0.113,0
4,5,-96,15.0,24,3971,89,2,1,0,0,1123,1140.1,13,6762,light,04000500A03C189359120063040D006A1A7E,0.7704,1
8,16,-115,-1.86,64,4080,95,1,0,0,2,999,1487.1,22,4905,medium,080010008DF9409E5F0102E70316002913D0,0.5445,0
3,9,-109,8.19,49,3615,17,2,1,0,3,128,125.1,26,6082,dense,030009009321316F11120380001A00C217E1,0.5721,1
13,7,-128,-9.15,73,3775,64,1,1,0,8,1463,1468.3,219,3226,medium,0D00070080DB497F401108B705DB009A0C2C,0.01,0
2,8,-98,15.0,26,3651,39,3,1,0,0,407,404.7,10,3617,medium,020008009E3C1A7327130097010A00210EF8,0.7174,1
7,12,-124,-6.72,81,3824,80,1,1,0,9,194,203.3,128,3161,dense,07000C0084E55184501109C2008000590CC8,0.2502,0
4,2,-86,15.0,15,3649,33,1,0,0,5,1540,1485.9,18,835,light,04000200AA3C0F7221010504061200430380,0.7257,0
2,10,-128,-10.65,80,3952,85,1,1,0,6,822,802.1,8,4926,dense,02000A0080D55091551106360308003E1313,0.01,0
8,4,-128,-9.29,89,3959,87,4,0,0,7,788,570.3,6,4360,dense,0800040080DB5991570407140306000811D2,0.01,0
7,15,-79,15.0,2,3518,13,1,1,0,7,199,189.2,167,6381,medium,07000F00B13C02650D1107C700A700ED1872,0.7346,0
9,8,-117,0.21,68,4093,95,3,0,0,12,748,744.5,30,1970,medium,090008008B01449F5F030CEC021E00B20746,0.3306,0
9,7,-119,-2.43,68,3773,72,3,1,0,4,1301,1306.3,6,4391,medium,0900070089F6447F481304150506002711C5,0.4358,1
11,16,-128,-8.08,75,3830,77,3,1,0,6,2056,2050.4,11,2479,medium,0B00100080E04B854D130608080B00AF09F4,0.01,0
8,1,-128,-13.83,75,3654,31,2,1,0,4,491,476.9,516,2174,dense,0800010080C94B731F1204EB0104027E08DE,0.01,0
8,14,-128,-7.27,76,3784,68,1,0,0,11,2276,2026.3,15,3756,dense,08000E0080E34C8044010BE4080F00AC0E27,0.01,0
1,2,-93,15.0,25,3715,52,3,0,0,2,123,236.3,3,761,medium,01000200A33C19793403027B000300F90243,0.6737,1
11,3,-121,-3.86,70,3996,88,1,0,0,8,353,381.8,9,5565,dense,0B00030087F1469558010861010900BD154A,0.409,1
7,12,-128,-10.02,87,3935,85,2,0,0,5,5560,2436.3,106,3796,dense,07000C0080D8578F550205B8156A00D40E08,0.01,0
13,11,-83,15.0,0,3741,60,4,0,0,0,595,878.0,213,4404,light,0D000B00AD3C007C3C04005302D50034116A,0.8,0
12,6,-107,8.97,46,3027,2,1,1,0,2,870,884.5,3,5432,medium,0C00060095242E340211026603030038156E,0.1283,0
14,1,-79,15.0,5,3987,90,3,1,0,6,343,347.1,2325,292,light,0E000100B13C05945A1306570115092401C9,0.6683,1
12,6,-125,-9.6,79,4087,95,1,1,0,9,783,778.0,28,1052,medium,0C00060083DA4F9E5F11090F031C001C0434,0.0181,0
12,15,-128,-10.08,91,3639,26,1,0,1,12,1833,2613.5,8,1432,medium,0C000F0080D85B711A210C290708009805EC,0.01,0
16,12,-128,-14.05,79,3992,90,1,1,0,6,532,536.3,12,406,dense,10000C0080C84F955A110614020C0096019A,0.01,0
6,8,-128,-12.71,78,3679,36,1,1,0,6,1146,1145.8,1,822,dense,0600080080CD4E752411067A040100360349,0.01,0
8,16,-128,-12.86,89,3779,63,1,0,0,10,2278,3274.5,253,4380,medium,0800100080CD597F3F010AE608FD001C112D,0.01,0
16,4,-128,-9.8,92,3640,25,4,0,0,11,184,241.6,5,5204,dense,1000040080D95C7219040BB80005005414D4,0.01,0
9,3,-128,-9.68,82,3812,80,2,1,0,10,277,297.2,3308,3322,dense,0900030080D9528350120A1501EC0CFA0C08,0.01,0
11,4,-78,15.0,19,4046,92,2,1,0,12,377,396.9,28,3255,light,0B000400B23C139A5C120C79011C00B70C12,0.5239,1
4,15,-84,15.0,12,3683,49,4,1,0,10,121,116.0,5,6351,medium,04000F00AC3C0C7631140A79000500CF18EB,0.5232,1
2,10,-128,-9.06,69,3702,48,2,1,0,1,1949,1954.3,9,2064,medium,02000A0080DC45783012019D07090010081C,0.01,0
3,7,-128,-11.1,80,3607,20,3,1,0,5,797,803.3,77,4858,dense,0300070080D4506E1413051D034D00FA12F6,0.01,0
15,9,-128,-10.05,96,3576,14,3,1,0,25,1105,1100.5,6,5346,dense,0F00090080D8606B0E131951040600E2144C,0.01,0
3,4,-128,-13.09,84,3956,88,1,1,0,6,409,424.5,19,4291,dense,0300040080CC549158110699011300C310D4,0.01,0
14,8,-86,15.0,18,4162,99,1,1,0,6,2907,2899.3,1,4350,light,0E000800AA3C12A66311065B0B0100FE1016,0.6869,1
14,6,-82,15.0,6,3686,41,2,1,0,11,102,118.7,77,2698,medium,0E000600AE3C067629120B66004D008A0AD8,0.5904,1
11,3,-67,15.0,25,3659,39,1,1,0,37,174,175.7,13,3741,light,0B000300BD3C1973271125AE000D009D0ED4,0.2212,0
1,13,-104,11.54,58,3781,75,1,1,0,12,3214,3219.7,13,3692,light,01000D00982E3A804B110C8E0C0D006C0EFF,0.407,0
3,8,-118,-3.0,55,3686,43,1,1,0,0,1337,1321.5,8,3857,medium,030008008AF437762B110039050800110FD4,0.632,1
13,5,-104,10.77,39,3783,74,1,1,0,10,893,883.1,19,410,medium,0D000500982B27804A110A7D0313009A0163,0.5128,0
1,4,-58,15.0,0,3821,75,2,0,0,3,94,136.9,28,4301,light,01000400C63C00844B02035E001C00CD10F1,0.8103,1
11,10,-128,-14.25,90,3783,74,1,0,0,4,442,423.7,30,5813,dense,0B000A0080C75A804A0104BA011E00B51668,0.01,0
10,11,-120,-2.41,68,3772,66,2,1,0,4,1726,1723.3,15,2213,medium,0A000B0088F6447F421204BE060F00A5083A,0.4615,1
6,3,-109,7.97,47,3754,60,2,0,0,3,1125,775.9,298,2213,medium,0600030093202F7D3C020365042A01A50898,0.5818,1
1,16,-128,-10.48,78,3135,4,3,1,0,7,1288,1287.0,29,5168,medium,0100100080D64E3F04130708051D00301427,0.01,0
11,8,-105,11.03,51,3726,56,1,1,0,9,3078,3066.1,10,5009,light,0B000800972C337A381109060C0A009113C6,0.4811,1
1,4,-128,-14.49,82,3690,46,1,0,0,5,1661,1238.3,213,3213,dense,0100040080C652772E01057D06D5008D0CB1,0.01,0
16,1,-87,15.0,10,4116,96,2,1,0,4,166,173.5,18,2685,medium,10000100A93C0AA1601204A60012007D0AD8,0.7355,1
3,5,-128,-12.79,76,3152,5,3,1,0,6,2968,2955.4,100,1601,medium,0300050080CD4C41051306980B64004106D3,0.01,0
9,7,-83,15.0,22,3700,42,2,1,1,11,852,858.5,233,6814,light,09000700AD3C16782A320B5403E9009E1A55,0.5316,0
11,13,-98,15.0,48,3789,72,2,1,0,20,2629,2638.3,16,2163,light,0B000D009E3C3080481214450A1000730828,0.3182,1
7,15,-98,15.0,60,4015,90,1,0,0,25,2760,1946.1,20,1489,light,07000F009E3C3C975A0119C80A1400D10556,0.2535,0
6,4,-118,-2.59,100,3725,47,1,1,1,36,691,686.6,141,1886,medium,060004008AF6647A2F3124B3028D005E0782,0.1073,0
14,8,-95,15.0,30,3722,51,3,1,0,0,238,237.9,14,5001,medium,0E000800A13C1E7A331300EE000E0089133F,0.697,0
8,16,-89,15.0,15,3780,64,1,1,0,3,457,461.3,18,242,light,08001000A73C0F80401103C9011200F200AE,0.7783,1
5,1,-103,12.54,43,3600,17,2,1,0,12,660,666.4,15,1089,medium,0500010099322B6E11120C94020F0041044E,0.4388,0
2,9,-128,-9.74,87,3789,66,3,0,0,12,1536,1714.0,27,4061,medium,0200090080D9578042030C00061B00DD0F9D,0.01,0
4,11,-113,4.53,64,4135,96,1,1,0,8,2135,2140.1,256,3848,medium,04000B008F1240A360110857080001080F51,0.4423,1
3,4,-119,0.57,78,3821,81,2,1,0,12,1082,1068.7,161,1212,medium,0300040089024E8451120C3A04A100BC04F6,0.3146,0
7,9,-128,-11.58,73,3726,59,1,1,0,1,1298,1319.6,17,5644,dense,0700090080D2497A3B1101120511000C1668,0.01,0
2,12,-128,-12.77,93,3589,15,3,1,0,11,2557,2551.6,21,853,dense,02000C0080CD5D6C0F130BFD0915005503DD,0.01,0
9,13,-82,15.0,32,4123,95,1,1,0,26,122,124.9,16,1809,medium,09000D00AE3C20A25F111A7A001000110755,0.309,1
1,7,-100,14.8,42,3592,24,2,1,0,4,2502,2488.8,226,6067,light,010007009C3B2A6D181204C609E200B3179D,0.5853,0
7,4,-128,-14.71,84,4093,95,1,1,0,8,3144,3146.1,20,175,medium,0700040080C5549F5F1108480C1400AF00E5,0.01,0
12,10,-128,-9.93,80,3720,58,3,1,0,12,1164,1187.4,162,1493,dense,0C000A0080D8507A3A130C8C04A200D505F4,0.01,0
7,3,-128,-12.56,78,3625,26,1,1,0,7,2764,2744.8,6,148,medium,0700030080CE4E701A1107CC0A0600940037,0.01,0
12,9,-128,-10.88,88,3665,42,2,1,0,2,706,726.3,1622,6301,dense,0C00090080D458742A1202C20256069D18CD,0.01,0
11,6,-126,-9.02,72,3811,74,2,1,0,2,2297,2300.9,182,1478,medium,0B00060082DC48834A1202F908B600C60586,0.032,0
11,12,-104,12.18,28,3820,79,1,1,0,1,300,286.8,18,4383,medium,0B000C0098311C844F11012C0112001F1134,0.7632,1
6,2,-98,15.0,38,3716,59,3,1,0,5,1538,1543.6,17,1263,light,060002009E3C26793B130502061100EF0426,0.5509,1
16,7,-80,15.0,4,3740,59,1,1,0,0,468,473.7,10,6514,light,10000700B03C047C3B1100D4010A00721947,0.9272,1
16,8,-97,15.0,45,3810,78,3,1,0,10,303,327.1,28,6110,medium,100008009F3C2D834E130A2F011C00DE17D9,0.4373,1
5,4,-96,15.0,47,3971,87,1,1,0,19,2077,2069.2,1,2334,light,05000400A03C2F935711131D0801001E094D,0.3508,1
7,14,-128,-11.93,81,3787,77,3,0,0,11,3077,4051.8,3,6766,medium,07000E0080D051804D030B050C03006E1A76,0.01,0
9,11,-96,15.0,12,3697,43,1,1,0,0,1722,1742.4,14,5642,light,09000B00A03C0C772B1100BA060E000A16E1,0.8816,1
2,1,-82,15.0,7,3638,30,2,1,0,1,505,537.1,54,2218,light,02000100AE3C07711E1201F9013600AA08B9,0.8325,1
8,10,-128,-12.42,79,3770,62,1,1,0,2,373,380.3,19,4379,dense,08000A0080CE4F7F3E1102750113001B11DD,0.01,0
15,13,-84,15.0,12,3693,49,5,1,0,8,487,492.5,135,3343,light,0F000D00AC3C0C77311508E70187000F0D14,0.526,1
11,12,-114,2.58,55,4011,91,3,1,0,6,412,411.0,8,6369,medium,0B000C008E0A37975B13069C010800E11867,0.4616,0
7,3,-128,-10.56,99,3656,26,2,0,0,49,1858,1416.8,145,3782,dense,0700030080D663731A023142079100C60EF5,0.01,0
3,10,-115,2.78,63,4125,97,1,1,0,7,629,638.3,53,5930,medium,03000A008D0B3FA2611107750235002A17E3,0.4625,0
1,12,-128,-9.32,83,3678,42,1,1,0,9,3641,3633.7,20,4126,medium,01000C0080DB53752A1109390E14001E1078,0.01,0
14,10,-127,-15.22,80,3750,68,2,1,0,10,2845,2820.1,23,3024,medium,0E000A0081C3507D44120A1D0B1700D00BE2,0.01,0
13,14,-128,-10.81,91,3740,59,1,1,0,9,1527,1545.4,19,4939,dense,0D000E0080D55B7C3B1109F70513004B13ED,0.01,0
1,14,-123,-7.95,69,3714,49,1,1,0,7,907,884.2,20,2499,medium,01000E0085E045793111078B031400C309C5,0.165,0
13,8,-84,15.0,10,3815,75,2,1,0,8,328,333.5,20,4175,light,0D000800AC3C0A834B1208480114004F1002,0.6394,1
10,2,-97,15.0,33,3841,78,2,1,0,11,2180,2199.5,26,4791,light,0A0002009F3C21864E120B84081A00B712B3,0.4911,1
11,1,-98,12.57,30,4000,91,3,1,0,2,2819,2832.5,29,3762,light,0B0001009E321E965B1302030B1D00B20E2C,0.6499,1
2,1,-98,15.0,26,3796,66,2,1,0,0,1722,1707.3,128,2707,light,020001009E3C1A81421200BA068000930ACF,0.7596,1
8,11,-101,15.0,30,3983,88,1,1,0,3,366,378.8,30,109,medium,08000B009B3C1E945811036E011E006D009C,0.7014,1
12,13,-96,15.0,24,3713,50,3,1,0,3,288,285.4,12,2143,medium,0C000D00A03C187932130320010C005F08D5,0.6551,1
15,9,-78,15.0,12,3678,34,1,0,0,11,60,83.8,21,3400,dense,0F000900B23C0C7522010B3C001500480DA7,0.5999,0
1,3,-90,15.0,21,3943,85,1,1,0,4,870,867.1,9,359,light,01000300A63C15905511046603090067019B,0.7218,1
11,7,-128,-14.28,99,3785,71,1,0,0,24,2907,2170.9,90,5012,dense,0B00070080C763804701185B0B5A0094136C,0.01,0
5,7,-128,-11.0,95,3723,49,1,1,0,30,3010,2997.9,181,2123,dense,0500070080D45F7A31111EC20BB5004B088E,0.01,0
13,5,-109,9.13,49,3687,40,2,0,0,1,671,648.6,27,55,medium,0D000500932531762802019F021B0037004E,0.6135,1
5,6,-128,-11.86,70,3704,43,3,1,0,0,1296,1298.4,13,753,medium,0500060080D146782B130010050D00F10267,0.01,0
16,4,-128,-9.73,76,3817,75,1,1,0,8,3870,3870.9,24,2634,medium,1000040080D94C834B11081E0F18004A0A00,0.01,0
11,3,-122,-5.01,64,3735,49,1,1,0,1,1789,1789.6,17,693,medium,0B00030086EC407B311101FD061100B5024F,0.5308,1
2,10,-106,12.65,53,3595,21,1,1,0,7,3282,3269.9,140,2442,light,02000A009633356D151107D20C8C008A0924,0.5071,0
10,2,-128,-8.5,79,3674,39,2,1,0,7,2675,2677.6,10,4005,dense,0A00020080DE4F75271207730A0A00A50FC9,0.01,0
7,2,-107,11.89,46,3741,58,1,0,0,8,1213,732.5,6,4150,medium,0700020095302E7C3A0108BD0406003610D6,0.5198,1
3,7,-121,-4.47,63,3740,55,3,1,0,5,1950,1926.6,11,2509,medium,0300070087EE3F7C3713059E070B00CD096C,0.4285,0
7,16,-80,15.0,0,4008,90,1,1,0,1,722,732.1,22,7126,light,07001000B03C00965A1101D2021600D61BCE,0.9173,1
16,8,-128,-13.64,71,3827,72,4,1,0,3,305,321.0,13,2109,dense,1000080080C9478448140331010D003D082B,0.01,0
14,5,-128,-10.79,70,3822,80,3,1,0,1,2826,2823.6,20,143,medium,0E00050080D546845013010A0B14008F0056,0.01,0
11,3,-96,15.0,43,3919,84,1,1,0,10,1298,1297.4,9,5077,light,0B000300A03C2B8D54110A12050900D5134E,0.4967,0
15,10,-91,15.0,30,3768,71,3,1,0,10,600,597.4,818,6082,light,0F000A00A53C1E7E47130A58023203C217D0,0.4912,0
6,3,-122,-7.77,75,3814,79,2,0,0,10,4135,1947.0,27,1541,medium,0600030086E14B834F020A27101B00050649,0.1487,0
15,16,-71,15.0,0,3675,39,1,0,0,5,112,177.2,3556,3490,light,0F001000B93C00752701057000E40DA20D27,0.7975,0
13,9,-69,15.0,0,3621,19,2,0,0,6,537,280.0,4,4032,light,0D000900BB3C007013020619020400C00F4F,0.7295,1
11,10,-128,-10.58,79,3852,82,4,1,0,11,943,920.1,28,4732,dense,0B000A0080D64F8752140BAF031C007C1217,0.01,0
14,16,-65,15.0,4,3782,71,2,1,1,11,206,210.8,41,6140,light,0E001000BF3C048047320BCE002900FC1764,0.5977,0
11,4,-107,10.58,43,3773,60,2,1,0,1,899,899.3,2650,2523,medium,0B000400952A2B7F3C120183035A0ADB0900,0.6448,0
12,2,-97,15.0,28,3960,86,1,0,0,1,380,321.8,23,504,medium,0C0002009F3C1C925601017C011700F80126,0.7632,1
15,4,-128,-9.57,85,4029,90,2,1,0,12,1344,1341.0,30,2861,dense,0F00040080DA55985A120C40051E002D0BF3,0.01,0
8,4,-111,4.91,60,3029,2,1,0,0,12,146,133.0,14,2396,dense,0800040091143C3402010C92000E005C09D1,0.0799,0
11,15,-111,6.03,48,3861,80,1,1,0,1,1210,1232.7,1910,5030,medium,0B000F0091183088501101BA047607A613CF,0.6531,1
8,9,-111,3.06,56,3828,79,1,1,0,6,582,572.6,11,678,medium,08000900910C38844F110646020B00A602C9,0.5113,1
3,15,-101,13.9,29,3073,3,5,1,0,5,436,422.4,202,5205,medium,03000F009B381D39031505B401CA005514BB,0.104,0
9,1,-128,-12.14,100,3481,12,2,1,0,28,2795,2804.6,5,1105,dense,0900010080CF64620C121CEB0A05005104AE,0.01,0
4,6,-72,15.0,0,3838,78,2,1,0,12,85,85.3,241,3432,medium,04000600B83C00854E120C5500F100680D85,0.5913,1
1,11,-103,14.9,37,3784,67,2,0,0,4,439,834.9,210,1947,medium,01000B00993C2580430204B701D2009B07BE,0.6087,0
15,3,-99,15.0,41,3616,25,2,0,0,8,1850,2804.4,4,6821,light,0F0003009D3C296F1902083A070400A51AAF,0.5129,0
2,5,-83,15.0,11,3815,78,1,1,0,8,993,991.4,21,1922,light,02000500AD3C0B834E1108E10315008207A2,0.6706,1
16,8,-108,7.42,39,3572,18,1,1,0,5,571,553.7,27,1051,medium,10000800941E276B1211053B021B001B04DA,0.6109,1
6,1,-107,9.98,67,4059,93,1,1,0,17,4052,4047.2,12,2204,light,060001009528439B5D1111D40F0C009C0808,0.3133,1
2,13,-88,15.0,13,3781,67,2,0,0,5,134,216.1,8,5858,medium,02000D00A83C0D8043020586000800E21617,0.6966,1
5,3,-128,-10.55,83,3835,81,2,1,0,11,3371,3376.7,9,3062,medium,0500030080D6538551120B2B0D0900F60B4F,0.01,0
10,14,-71,15.0,10,3681,50,2,1,0,6,99,109.6,18,3139,medium,0A000E00B93C0A7632120663001200430C23,0.6858,1
13,4,-67,15.0,2,3809,75,2,0,0,24,215,182.9,202,3207,light,0D000400BD3C02824B0218D700CA00870C6C,0.3839,0
5,2,-75,15.0,0,3856,81,1,1,0,9,354,351.8,2,2737,light,05000200B53C008751110962010200B10A77,0.6933,1
1,2,-100,15.0,35,3772,63,3,1,0,2,2605,2595.1,135,4644,light,010002009C3C237F3F13022D0A87002412C0,0.6261,1
3,12,-90,15.0,27,3682,47,1,0,0,11,804,1140.3,24,4068,light,03000C00A63C1B762F010B24031800E40F8B,0.5417,1
3,9,-127,-11.54,94,3650,33,5,0,0,29,2236,2704.1,10,765,medium,0300090081D25E7321051DBC080A00FD02D4,0.01,0
11,3,-114,2.73,67,3706,61,2,1,0,11,443,442.8,187,6540,medium,0B0003008E0B43783D120BBB01BB008C198B,0.3662,0
13,10,-102,15.0,39,3865,83,1,1,0,2,390,388.6,269,5904,medium,0D000A009A3C278853110286010D0110176D,0.6785,0
5,6,-128,-10.16,91,3800,79,1,1,0,21,2802,2796.9,1610,4404,dense,0500060080D75B824F1115F20A4A06341119,0.01,0
6,14,-128,-8.08,74,3945,86,2,1,0,6,499,492.0,250,4213,dense,06000E0080E04A90561206F301FA0075105B,0.01,0
15,7,-128,-9.58,100,3777,67,2,1,0,29,3210,3215.2,22,271,dense,0F00070080DA647F43121D8A0C16000F0113,0.01,0
5,2,-74,15.0,8,3999,88,3,0,0,12,242,432.3,2791,5127,light,05000200B63C089558030CF200E70A0714A3,0.5317,1
11,4,-102,15.0,37,3784,75,4,1,0,1,491,491.5,17,1540,medium,0B0004009A3C25804B1401EB011100040658,0.601,0
6,2,-98,15.0,33,3948,85,2,0,1,5,2635,1547.0,1,504,light,060002009E3C21905522054B0A0100F801F8,0.6059,1
13,4,-122,-9.05,56,3809,75,2,1,0,0,1402,1416.8,19,3332,medium,0D00040086DC38824B12007A051300040DDF,0.0919,1
3,8,-116,1.07,69,3628,26,2,1,0,7,708,710.4,266,371,medium,030008008C0445701A1207C4020A017301A3,0.4128,0
11,5,-128,-12.57,78,3581,15,4,1,0,4,326,347.4,395,6689,dense,0B00050080CE4E6C0F140446018B01211A30,0.01,0
9,12,-93,15.0,15,3949,87,1,1,0,1,182,181.5,3,4553,medium,09000C00A33C0F90571101B6000300C91179,0.8348,1
11,9,-85,15.0,18,3777,61,1,0,0,12,89,168.9,1,6252,medium,0B000900AB3C127F3D010C590001006C184D,0.5568,1
1,9,-128,-10.54,78,3753,66,2,1,0,6,520,527.6,5,1135,dense,0100090080D64E7D421206080205006F0450,0.01,0
1,14,-109,6.49,78,3937,85,1,1,0,29,125,109.2,20,3208,dense,01000E00931A4E8F55111D7D001400880CBB,0.1832,0
3,9,-101,15.0,34,3641,26,4,1,1,3,234,229.4,1711,147,medium,030009009B3C22721A3403EA00AF06930055,0.5733,1
4,14,-91,15.0,14,3760,59,1,1,0,1,1894,1895.3,26,2354,light,04000E00A53C0E7E3B110166071A003209F9,0.8403,0
4,16,-111,4.22,62,3594,20,1,1,0,20,387,400.9,8,247,medium,0400100091113E6D14111483010800F7004C,0.2963,0
6,4,-102,15.0,31,4116,96,1,1,0,2,3278,3286.1,166,99,light,060004009A3C1FA1601102CE0CA6006300C7,0.721,1
11,4,-128,-10.97,69,4160,98,1,0,0,0,1607,4009.1,892,3437,dense,0B00040080D445A662010047067C036D0DBC,0.01,0
10,7,-99,15.0,42,3785,69,1,0,0,11,3128,1596.5,189,2130,light,0A0007009D3C2A8045010B380CBD005208E1,0.4835,0
14,2,-105,12.78,36,3713,52,3,0,0,2,692,659.3,22,36,medium,0E00020097332479340302B402160024008B,0.6213,0
13,16,-115,0.87,55,3733,61,1,0,0,9,737,617.6,29,7019,medium,0D0010008D03377B3D0109E1021D006B1B01,0.4645,0
10,8,-69,15.0,40,3616,20,1,0,0,41,187,278.0,4,3964,light,0A000800BB3C286F140129BB0004007C0FF2,0.178,0
5,4,-100,15.0,34,3627,19,2,1,0,12,194,193.3,5,6481,medium,050004009C3C227013120CC200050051193F,0.4707,0
12,3,-114,5.69,54,3730,53,2,1,0,4,530,541.4,3,5022,medium,0C0003008E17367B351204120203009E13A3,0.5289,1
3,10,-90,15.0,31,3778,74,1,0,0,9,1078,1253.4,288,4332,light,03000A00A63C1F7F4A010936042001EC1037,0.5643,0
14,9,-106,10.46,72,3678,46,1,0,0,21,571,441.9,77,3044,medium,0E000900962A48752E01153B024D00E40BD4,0.2587,0
9,2,-98,15.0,35,3759,60,1,0,0,11,1483,1845.0,14,828,light,090002009E3C237D3C010BCB050E003C0398,0.5107,0
13,1,-87,15.0,22,3476,13,1,1,0,9,1202,1207.9,30,2266,light,0D000100A93C16610D1109B2041E00DA08DE,0.6018,1
10,16,-128,-4.52,96,3707,45,2,0,0,44,1267,1879.3,243,864,dense,0A00100080EE60782D022CF304F3006003EF,0.01,0
5,14,-127,-13.74,74,4178,98,5,1,0,4,1701,1709.1,21,4296,medium,05000E0081C94AA7621504A5061500C810D5,0.01,0
1,12,-95,15.0,21,3773,65,2,1,0,0,2278,2281.3,258,3868,light,01000C00A13C157F411200E60802011C0FFB,0.7866,1
2,13,-74,15.0,9,3797,74,2,1,0,12,196,176.8,110,5549,light,02000D00B63C09814A120CC4006E00AD159F,0.5594,0
13,5,-102,15.0,84,3823,76,3,1,1,41,102,92.0,34,4486,dense,0D0005009A3C54844C3329660022008611A8,0.104,0
12,14,-128,-10.65,79,3748,55,2,1,0,4,280,280.5,100,1530,dense,0C000E0080D54F7C37120418016400FA05E9,0.01,0
13,10,-128,-9.42,78,3975,89,2,1,0,4,1014,1031.0,41,5593,dense,0D000A0080DA4E93591204F6032900D91570,0.01,0
4,5,-128,-11.99,69,3945,86,4,1,0,1,1753,1766.0,90,6750,dense,0400050080D04590561401D9065A005E1A55,0.01,0
16,15,-77,15.0,2,3586,17,3,0,0,4,438,435.6,175,5697,light,10000F00B33C026C110304B601AF00411680,0.7301,1
8,11,-110,3.36,43,3583,20,1,1,0,1,411,411.1,20,1877,medium,08000B00920D2B6C1411019B011400550717,0.6807,1
3,8,-114,2.92,64,3831,79,1,0,0,11,485,1030.8,8,748,medium,030008008E0C40854F010BE5010800EC02FD,0.3982,1
4,16,-128,-12.36,87,3996,89,1,1,0,12,1232,1244.9,14,4525,dense,0400100080CF579559110CD0040E00AD114E,0.01,0
4,3,-92,15.0,65,3838,77,3,0,0,38,1258,1811.8,16,2131,light,04000300A43C41854D0326EA0410005308B1,0.1371,0
2,14,-113,5.17,55,3705,45,1,1,0,4,607,613.5,24,6338,medium,02000E008F1537782D11045F021800C2184B,0.5533,1
12,2,-88,15.0,22,3718,48,2,1,0,12,1084,1056.3,2478,6170,light,0C000200A83C167930120C3C04AE091A1861,0.5133,0
2,5,-94,15.0,32,3837,78,3,0,0,4,369,374.6,185,5785,medium,02000500A23C20854E03047101B900991624,0.5971,1
2,4,-128,-7.9,83,3774,72,2,1,0,7,1113,1099.5,17,3516,medium,0200040080E0537F48120759041100BC0D52,0.01,0
13,11,-98,15.0,43,3600,15,1,1,0,11,414,422.2,30,1138,medium,0D000B009E3C2B6E0F110B9E011E00720455,0.4796,1
14,12,-101,13.49,42,3596,16,2,0,0,8,1355,419.5,17,1449,medium,0E000C009B362A6D1002084B051100A905C2,0.5088,1
12,14,-85,15.0,10,3944,85,4,1,0,2,731,754.9,19,2686,light,0C000E00AB3C0A90551402DB0213007E0A7F,0.7012,1
9,14,-69,15.0,0,3793,69,2,1,0,8,185,189.4,15,2091,light,09000E00BB3C0081451208B9000F002B08A1,0.6802,0
1,5,-128,-7.9,75,3613,24,1,1,0,2,3937,3932.4,123,1442,medium,0100050080E04B6F181102610F7B00A2054D,0.01,0
4,2,-128,-10.0,82,3879,84,2,1,0,7,1487,1466.8,6,5057,dense,0400020080D85289541207CF050600C1133B,0.01,0
10,5,-128,-12.3,100,3706,56,1,0,0,42,1951,2468.6,137,1472,medium,0A00050080CF647838012A9F078900C00513,0.01,0
14,10,-94,15.0,32,4101,95,1,0,0,7,3065,2087.8,2,590,light,0E000A00A23C20A05F0107F90B02004E025C,0.6008,0
1,16,-128,-12.68,100,3767,63,3,1,0,36,917,930.1,2,1518,dense,0100100080CD647E3F132495030200EE05BC,0.01,0
9,16,-108,7.69,59,4065,93,1,1,0,12,608,611.3,8,4615,medium,09001000941F3B9C5D110C60020800071212,0.4032,1
11,5,-127,-7.82,82,3853,82,5,1,0,11,149,146.3,24,1299,dense,0B00050081E1528752150B95001800130596,0.01,0
3,4,-96,15.0,32,3802,70,1,0,0,9,2626,3042.3,95,3712,light,03000400A03C2082460109420A5F00800EDB,0.5602,1
6,9,-128,-8.73,90,3739,54,2,1,0,11,2608,2618.4,42,4147,medium,0600090080DD5A7B36120B300A2A003310C5,0.01,0
1,8,-113,2.84,78,4040,93,1,1,0,15,286,284.4,2615,6922,dense,010008008F0B4E9A5D110F1E01370A0A1B2F,0.299,1
6,14,-100,14.44,31,3769,68,3,1,0,4,407,398.2,19,1290,medium,06000E009C3A1F7E441304970113000A0554,0.6015,1
7,3,-78,15.0,26,3755,56,3,1,0,12,242,253.3,28,5980,light,07000300B23C1A7D38130CF2001C005C1781,0.4714,1
11,14,-128,-11.54,79,3677,32,2,1,0,8,518,520.0,26,6360,dense,0B000E0080D24F7520120806021A00D818A4,0.01,0
10,15,-128,-10.9,100,3742,60,3,0,0,49,264,214.0,93,6465,dense,0A000F0080D4647C3C033108015D004119BE,0.01,0
6,16,-106,13.7,53,3653,40,1,1,0,9,361,363.9,2,4071,medium,060010009637357328110969010200E70FFB,0.4728,1
15,5,-108,9.19,40,3046,2,1,1,0,4,329,335.6,19,6532,medium,0F00050094252836021104490113008419AC,0.1255,0
13,8,-75,15.0,12,3754,65,1,1,0,4,399,384.1,291,2068,light,0D000800B53C0C7D4111048F0123011408FD,0.7664,0
5,13,-117,-1.83,85,3715,47,1,1,0,25,1012,1006.2,168,2220,medium,05000D008BF955792F1119F403A800AC08CD,0.1937,1
4,2,-79,15.0,11,3593,18,1,1,0,12,538,534.7,19,6897,light,04000200B13C0B6D12110C1A021300F11AD5,0.583,0
16,15,-106,8.72,42,3689,40,1,0,0,4,1054,805.0,5,5806,medium,10000F0096232A762801041E040500AE1697,0.6178,0
11,13,-128,-13.76,83,3962,88,4,1,0,8,2872,2888.1,2,6800,dense,0B000D0080C95392581408380B0200901A47,0.01,0
8,14,-70,15.0,0,3797,70,1,1,0,0,90,80.6,15,4262,medium,08000E00BA3C00814611005A000F00A610A2,0.95,1
12,13,-76,15.0,15,3718,62,3,0,0,11,339,563.8,5,6064,light,0C000D00B43C0F793E030B53010500B01772,0.5263,1
5,12,-53,15.0,2,3613,26,3,1,0,11,93,105.0,26,1419,light,05000C00CB3C026F1A130B5D001A008B0543,0.5714,1
4,10,-122,-6.19,74,3887,83,1,1,0,4,812,823.1,18,2068,medium,04000A0086E74A8A5311042C031200140849,0.3713,0
3,15,-128,-14.78,82,3624,28,1,1,0,9,2552,2526.5,1,5687,dense,03000F0080C552701C1109F80901003716A3,0.01,0
13,1,-103,10.55,36,3732,49,4,1,0,3,92,101.2,16,5880,dense,0D000100992A247B3114035C001000F8165D,0.5647,1
3,11,-98,15.0,33,3669,40,1,1,0,7,208,194.4,144,5697,medium,03000B009E3C2174281107D00090004116D6,0.5963,0
5,9,-86,15.0,9,3782,73,4,1,0,0,673,658.1,14,5810,light,05000900AA3C0980491400A1020E00B21628,0.7568,0
1,2,-72,15.0,0,3618,28,1,1,0,10,237,243.7,1143,1628,light,01000200B83C006F1C110AED0077045C06F9,0.6695,1
9,5,-128,-9.56,77,3709,52,2,0,0,4,342,278.3,10,1468,dense,0900050080DA4D7834020456010A00BC0598,0.01,0
13,9,-128,-10.96,94,3976,88,1,1,0,12,914,904.0,2855,6712,dense,0D00090080D45E9358110C9203270B381A6C,0.01,0
3,9,-125,-7.44,76,3812,74,5,1,0,7,3363,3353.5,19,1502,medium,0300090083E24C834A1507230D1300DE05B3,0.1072,0
8,9,-128,-10.09,85,3393,9,1,1,0,12,612,604.0,7,3680,dense,0800090080D8555909110C64020700600EE2,0.01,0
6,7,-128,-13.07,100,3778,65,3,1,0,50,3085,3074.8,9,3559,dense,0600070080CC647F4113320D0C0900E70D9F,0.01,0
1,2,-72,15.0,0,3875,83,1,1,0,4,274,258.6,13,4838,light,01000200B83C008953110412010D00E6129B,0.8259,0
2,11,-123,-6.92,83,3492,12,1,1,0,10,1881,1887.3,24,4143,medium,02000B0085E453630C110A590718002F1027,0.2199,0
9,4,-93,15.0,10,3854,79,2,0,0,5,378,403.1,9,7188,medium,09000400A33C0A874F02057A010900141CE8,0.7102,1
3,7,-128,-9.74,69,3278,7,2,0,0,0,1321,555.6,2248,1372,dense,0300070080D9454D0702002905C8085C05D6,0.01,0
10,6,-113,0.42,47,3810,80,1,1,0,5,908,925.3,29,304,medium,0A0006008F022F835011058C031D00300166,0.5725,1
9,16,-111,5.44,47,3668,32,2,0,0,0,868,744.2,2545,1504,medium,0900100091162F742002006403F109E00508,0.6462,1
16,15,-105,10.6,43,3013,2,2,1,0,8,304,313.0,7,4902,medium,10000F00972A2B33021208300107002613CB,0.1009,1
16,13,-102,15.0,41,3698,48,2,0,0,8,736,558.8,43,6548,medium,10000D009A3C2977300208E0022B00941997,0.5129,1
1,15,-93,15.0,81,3698,48,2,1,0,50,187,198.9,70,5598,medium,01000F00A33C5177301232BB004600DE15D6,0.1141,1
13,4,-98,15.0,17,3560,14,2,1,0,0,1622,1619.4,121,6880,light,0D0004009E3C116A0E120056067900E01A01,0.8082,1
6,9,-87,15.0,18,4145,98,3,1,0,3,927,919.4,15,6808,light,06000900A93C12A46213039F030F00981A13,0.6826,1
13,10,-63,15.0,0,3852,81,2,1,0,1,237,220.0,8,5245,light,0D000A00C13C0087511201ED0008007D1486,0.869,1
10,6,-127,-12.09,78,3733,56,1,1,0,9,2951,2941.9,18,2122,medium,0A00060081D04E7B381109870B12004A080D,0.01,0
9,4,-100,15.0,55,3903,84,1,0,0,24,798,593.4,69,919,medium,090004009C3C378C5401181E0345009703A7,0.2748,0
1,8,-93,15.0,36,3624,26,1,1,0,8,101,87.7,25,6975,dense,01000800A33C24701A1108650019003F1BA6,0.5629,0
5,16,-128,-8.09,95,3623,25,1,1,0,45,3181,3207.2,20,353,medium,0500100080E05F7019112D6D0C1400610111,0.01,0
1,10,-78,15.0,10,4060,93,3,1,0,6,453,448.0,6,7133,light,01000A00B23C0A9C5D1306C5010600DD1B6F,0.6477,0
11,14,-119,-3.39,63,3090,4,2,0,0,5,2110,2281.4,6,621,medium,0B000E0089F23F3B0402053E0806006D02C7,0.093,1
4,13,-105,10.64,37,3745,62,2,1,0,0,147,147.5,17,988,dense,04000D00972B257C3E120093001100DC03F2,0.7002,1
6,16,-111,6.26,53,3774,67,1,1,0,6,325,327.4,1669,5579,medium,060010009119357F43110645018506CB1500,0.5252,1
1,3,-128,-9.3,83,3688,42,2,0,0,10,4644,4092.5,7,742,medium,0100030080DB53762A020A24120700E60272,0.01,0
8,9,-92,15.0,45,3776,66,2,1,0,11,1641,1632.7,223,11,light,08000900A43C2D7F42120B6906DF000B00A6,0.4471,0
8,7,-117,-1.02,67,3766,68,1,1,0,12,208,217.6,17,3606,dense,080007008BFC437E44110CD0001100160E2D,0.373,0
9,12,-72,15.0,3,3939,86,3,1,0,8,417,427.5,12,3031,light,09000C00B83C038F561308A1010C00D70B1D,0.6309,0
14,3,-128,-10.02,83,3605,19,1,1,0,12,3263,3282.0,17,1064,dense,0E00030080D8536E13110CBF0C11002804F6,0.01,0
16,15,-128,-12.0,83,3680,45,4,1,0,8,2245,2251.4,6,95,medium,10000F0080D053762D1408C50806005F00F5,0.01,0
15,16,-114,-2.59,70,3601,30,2,1,0,9,1793,1785.0,5,4533,medium,0F0010008EF6466E1E120901070500B51171,0.3792,0
13,9,-93,15.0,23,3757,63,4,1,0,4,163,153.5,9,7106,medium,0D000900A33C177D3F1404A3000900C21B43,0.5995,0
8,2,-118,-3.96,68,4167,98,2,1,0,2,1519,1501.6,1,411,medium,080002008AF044A6621202EF0501009B01CD,0.4869,0
15,16,-128,-11.18,83,4137,97,4,1,0,10,359,375.2,48,4625,dense,0F00100080D353A361140A670130001112BE,0.01,0
1,5,-110,5.28,49,3717,51,3,1,0,0,559,547.8,18,5504,medium,01000500921531793313002F02120080150A,0.6001,1
5,6,-123,-10.6,74,3892,84,1,0,0,5,1472,1962.7,1,6561,medium,0500060085D64A8B540105C0050100A1195F,0.0142,0
13,3,-128,-11.14,52,4002,89,4,1,0,0,3451,3436.5,28,40,medium,0D00030080D334965914007B0D1C002800E1,0.01,0
8,12,-120,-2.81,65,3736,59,2,1,0,7,1736,1715.4,25,6520,medium,08000C0088F5417B3B1207C8061900781959,0.4272,0
4,13,-71,15.0,0,3173,5,2,1,0,6,176,188.7,2,5267,light,04000D00B93C0043051206B000020093141D,0.1459,0
12,1,-98,15.0,67,3917,84,4,0,0,36,1041,1887.3,24,3972,light,0C0001009E3C438D54042411041800840F4B,0.1357,0
7,5,-128,-12.74,85,3785,68,3,1,0,9,471,466.5,9,6147,dense,0700050080CD5580441309D7010900031878,0.01,0
5,14,-128,-11.41,74,4085,94,2,1,0,5,344,334.1,25,284,dense,05000E0080D24A9E5E1205580119001C01B2,0.01,0
12,2,-76,15.0,29,4071,93,2,1,0,37,366,373.3,49,4578,light,0C000200B43C1D9D5D12256E013100E211D9,0.2036,0
12,6,-87,15.0,24,3755,59,3,1,0,4,845,849.2,20,4938,light,0C000600A93C187D3B13044D0314004A1351,0.6325,0
2,12,-128,-13.41,68,3054,2,1,1,0,0,3365,3381.3,11,155,medium,02000C0080CA4437021100250D0B009B00D8,0.01,0
5,3,-93,15.0,32,3859,81,1,1,0,11,80,93.3,294,4461,medium,05000300A33C208751110B500026016D11F3,0.5223,0
9,12,-128,-13.54,80,3789,79,1,1,0,2,2284,2281.6,11,3587,medium,09000C0080CA50804F1102EC080B00030E99,0.01,0
7,13,-113,6.2,52,3610,20,1,1,0,4,1145,1145.7,288,6248,medium,07000D008F19346F141104790420016818C2,0.5682,1
2,10,-106,12.43,62,4147,98,2,1,0,22,374,365.5,78,6741,medium,02000A0096323EA462121676014E00551A89,0.2617,0
10,15,-63,15.0,0,4112,95,3,1,0,1,116,113.0,9,1340,light,0A000F00C13C00A15F1301740009003C056F,0.8208,1
4,2,-106,8.79,38,3643,34,2,1,0,2,212,198.4,8,3915,medium,0400020096232672221202D40008004B0FF6,0.6478,1
9,5,-105,8.45,40,4048,93,2,0,0,2,847,1114.2,29,525,medium,090005009722289A5D02024F031D000D02A2,0.6378,0
11,13,-105,14.95,45,3804,76,1,1,0,6,634,607.8,11,116,medium,0B000D00973C2D824C11067A020B00740092,0.5621,1
10,1,-112,3.65,65,3829,75,1,1,0,6,718,709.4,30,3250,medium,0A000100900F41844B1106CE021E00B20C79,0.4697,1
1,7,-112,5.15,45,3751,58,2,1,0,0,449,448.0,92,4810,medium,0100070090152D7D3A1200C1015C00CA121A,0.657,1
6,1,-100,15.0,29,3274,7,1,1,0,2,3877,3876.3,25,3834,light,060001009C3C1D4D071102250F1900FA0E90,0.5568,1
4,11,-81,15.0,8,3726,57,2,0,0,2,712,503.9,2320,5424,light,04000B00AF3C087A390202C802100930152D,0.7989,0
5,1,-121,-4.17,76,3785,67,1,1,0,8,1609,1612.6,18,5889,medium,0500010087EF4C80431108490612000117F9,0.3808,0
12,9,-128,-13.95,74,3971,89,1,1,0,2,434,414.1,22,5055,dense,0C00090080C84A93591102B2011600BF13A6,0.01,0
14,7,-119,-4.22,69,4022,91,3,1,0,6,160,152.0,182,1268,dense,0E00070089EF45985B1306A000B600F4049E,0.3931,0
13,1,-115,0.52,81,3789,71,1,1,0,27,643,660.0,3,5205,medium,0D0001008D02518047111B8302030055143E,0.1898,0
4,7,-128,-10.97,74,3736,57,1,1,0,1,1633,1616.6,19,2178,medium,0400070080D44A7B39110161061300820814,0.01,0
9,13,-73,15.0,4,3821,69,4,1,0,9,347,332.3,24,6028,light,09000D00B73C04844514095B0118008C1727,0.5698,0
13,7,-128,-11.79,82,3806,73,1,1,0,1,2417,2427.4,7,2166,dense,0D00070080D1528249110171090700760852,0.01,0
13,9,-126,-8.1,85,4000,89,5,1,1,11,2624,2621.8,16,7013,medium,0D00090082E0559659350B400A1000651BDC,0.0383,0
6,3,-97,15.0,82,3775,64,3,1,0,45,417,416.1,22,7055,medium,060003009F3C527F40132DA10116008F1B1B,0.1065,0
6,15,-86,15.0,18,3635,24,1,1,0,7,956,986.0,28,3883,light,06000F00AA3C1271181107BC031C002B0F7C,0.6633,1
6,4,-128,-12.49,75,3731,57,1,1,0,9,1811,1800.0,23,1552,dense,0600040080CE4B7B391109130717001006E8,0.01,0
9,5,-128,-8.38,98,3749,58,2,0,0,15,666,564.2,200,2694,dense,0900050080DE627C3A020F9A02C800860A5B,0.01,0
5,16,-120,-3.7,67,3781,74,2,1,0,3,251,241.4,8,6823,dense,0500100088F143804A1203FB000800A71ADA,0.4773,1
8,4,-77,15.0,3,4189,99,2,1,0,2,280,280.6,15,622,light,08000400B33C03A863120218010F006E0211,0.824,1
2,8,-96,15.0,32,4128,96,1,1,0,5,213,236.9,13,1393,medium,02000800A03C20A2601105D5000D007105BB,0.6444,0
5,12,-128,-6.74,84,3365,9,2,0,0,2,859,1852.3,9,3563,medium,05000C0080E554560902025B030900EB0D8F,0.01,0
6,8,-74,15.0,0,3763,55,4,0,0,0,369,493.3,238,5431,light,06000800B63C007E3704007101EE003715FD,0.8,1
13,16,-125,-9.89,75,3733,58,2,1,0,9,1734,1744.5,19,1787,medium,0D00100083D84B7B3A1209C6061300FB0651,0.017,0
16,12,-115,2.34,57,3724,54,3,1,0,11,509,500.0,2,2315,medium,10000C008D09397A36130BFD0102000B092E,0.3806,0
7,3,-128,-11.35,82,3752,64,1,1,0,9,1411,1405.0,13,5891,dense,0700030080D3527D40110983050D000317F8,0.01,0
3,12,-99,15.0,28,3810,80,1,1,0,0,3403,3382.2,261,7178,light,03000C009D3C1C835011004B0D05010A1CF5,0.7904,0
10,8,-128,-11.6,72,3776,62,1,1,0,8,587,582.0,3,1162,dense,0A00080080D2487F3E11084B0203008A04BE,0.01,0
15,9,-118,-1.8,57,3489,12,5,1,0,6,1914,1910.6,13,5930,medium,0F0009008AF939620C15067A070D002A172A,0.3993,0
13,5,-128,-7.11,88,4170,98,4,1,0,12,392,406.2,17,2211,dense,0D00050080E458A762140C88011100A30891,0.01,0
7,16,-79,15.0,12,3458,11,4,0,0,6,501,374.3,61,3422,light,07001000B13C0C5F0B0406F5013D005E0DD2,0.6018,1
1,3,-103,15.0,42,3647,34,2,1,0,5,506,513.1,30,6162,medium,01000300993C2A72221205FA011E00121825,0.5651,0
12,2,-100,14.43,40,3736,67,1,1,0,7,1885,1887.0,243,2390,light,0C0002009C3A287B4311075D07F300560989,0.5651,1
14,7,-84,15.0,30,3733,50,3,1,0,12,99,90.1,20,6572,medium,0E000700AC3C1E7B32130C63001400AC197A,0.458,1
14,16,-94,15.0,27,3752,65,1,1,0,0,187,188.8,15,378,medium,0E001000A23C1B7D411100BB000F007A014A,0.7961,1
9,3,-122,-7.09,66,3760,62,3,1,0,0,2438,2423.6,425,6369,medium,0900030086E4427E3E13008609A901E1189E,0.3136,0
7,5,-74,15.0,12,3884,83,3,0,0,7,502,655.7,280,2762,light,07000500B63C0C8A530307F6011801CA0A66,0.6174,1
4,5,-101,15.0,34,3806,68,4,0,0,5,296,226.9,1526,121,medium,040005009B3C22824404052801F60579003B,0.5346,1
8,11,-96,15.0,80,3721,48,3,1,0,42,2170,2156.9,23,7147,light,08000B00A03C507A30132A7A081700EB1BA8,0.109,1
8,2,-100,15.0,27,3744,61,2,1,0,0,336,349.0,28,794,medium,080002009C3C1B7C3D120050011C001A0392,0.7542,1
15,8,-100,15.0,27,3809,71,4,1,0,1,418,421.3,14,1307,medium,0F0008009C3C1B82471401A2010E001B0516,0.6473,1
5,15,-128,-13.49,79,3788,72,2,1,0,1,391,382.8,156,1383,dense,05000F0080CA4F8048120187019C006705C6,0.01,0
12,13,-92,15.0,28,3766,62,1,1,0,8,150,161.6,28,3150,medium,0C000D00A43C1C7E3E110896001C004E0C84,0.5974,0
7,12,-128,-10.98,86,3090,3,3,0,0,12,5922,2489.2,15,1206,dense,07000C0080D4563B03030C22170F00B604E9,0.01,0
11,10,-76,15.0,0,3711,56,1,1,0,2,97,96.9,5,3693,medium,0B000A00B43C0079381102610005006D0E43,0.8858,0
1,4,-107,9.09,54,3810,80,1,0,0,12,10778,4099.2,170,5147,light,010004009524368350010C1A2AAA001B14FC,0.422,1
9,14,-119,-1.15,65,3648,27,2,1,0,7,1336,1333.4,618,7090,medium,09000E0089FB41721B120738056A02B21B8B,0.4293,0
2,15,-83,15.0,10,3804,70,1,1,0,0,1515,1509.4,2389,6248,light,02000F00AD3C0A82461100EB05550968184B,0.893,1
13,15,-101,15.0,59,3829,74,1,0,0,24,376,294.1,22,1953,medium,0D000F009B3C3B844A011878011600A107AB,0.2649,0
6,2,-128,-9.22,88,3885,83,1,1,0,49,2223,2218.6,30,5376,dense,0600020080DB588A531131AF081E000015D9,0.01,0
5,15,-128,-11.85,81,4132,96,1,1,0,9,1391,1397.5,4,1802,medium,05000F0080D151A36011096F0504000A075C,0.01,0
5,8,-128,-10.62,86,3690,51,2,1,0,6,570,590.1,20,2595,dense,0500080080D656773312063A021400230AAB,0.01,0
15,9,-128,-12.52,75,4068,93,5,1,0,5,563,548.5,1,836,dense,0F00090080CE4B9C5D15053302010044031D,0.01,0
7,2,-89,15.0,27,3564,15,1,1,0,0,192,187.8,21,4948,medium,07000200A73C1B6A0F1100C00015005413AF,0.7961,1
9,13,-128,-9.67,82,3745,54,2,1,0,19,3583,3569.6,10,5752,medium,09000D0080D9527C361213FF0D0A007816DB,0.01,0
8,12,-128,-10.7,86,3664,37,1,1,0,12,1878,1890.0,30,5238,dense,08000C0080D5567425110C56071E0076145A,0.01,0
15,9,-128,-7.96,82,3742,54,3,1,0,5,697,690.8,1988,4711,dense,0F00090080E0527C361305B902C407671288,0.01,0
8,15,-128,-11.38,72,3772,68,1,1,0,2,2472,2460.9,16,5427,medium,08000F0080D2487F441102A80910003315EF,0.01,0
16,6,-128,-11.09,72,3936,86,1,1,0,1,217,232.3,18,4632,dense,1000060080D4488F561101D900120018125B,0.01,0
12,16,-107,11.53,50,3723,48,1,0,0,6,250,330.7,24,5139,medium,0C001000952E327A300106FA00180013143B,0.539,1
14,13,-128,-11.91,94,3775,68,3,1,0,11,239,244.3,93,4693,dense,0E000D0080D05E7F44130BEF005D00551293,0.01,0
3,16,-95,15.0,42,4137,96,1,1,0,15,548,562.1,6,775,medium,03001000A13C2AA360110F24020600070398,0.4204,0
10,16,-96,15.0,28,4044,92,2,1,0,0,3180,3172.5,9,3689,light,0A001000A03C1C9A5C12006C0C0900690E61,0.7488,1
5,11,-128,-8.48,79,3776,67,2,0,0,3,7210,3410.0,2040,5202,dense,05000B0080DE4F7F4302032A1CF80752144A,0.01,0
1,11,-115,-0.73,67,3741,63,2,1,1,6,1463,1451.2,4,643,medium,01000B008DFD437C3F3206B70504008302C4,0.436,0
13,16,-78,15.0,1,3741,56,3,1,0,2,510,505.4,8,329,light,0D001000B23C017C381302FE0108004901F6,0.7878,0
15,7,-128,-11.48,75,3890,82,1,1,0,7,269,273.2,11,6675,dense,0F00070080D24B8B5211070D010B00131A98,0.01,0
1,11,-99,15.0,29,3739,57,1,1,0,5,2026,2010.0,102,906,light,01000B009D3C1D7B391105EA0766008A030F,0.6587,1
5,8,-108,8.03,50,3792,71,4,1,0,9,549,547.3,12,5619,medium,050008009420328147140925020C00F315E6,0.4087,0
9,14,-127,-9.91,80,3601,16,4,1,0,8,1831,1820.4,6,5919,medium,09000E0081D8506E101408270706001F1778,0.01,0
9,14,-106,7.82,49,3779,72,1,1,0,8,491,480.9,184,1917,medium,09000E00961F317F481108EB01B8007D0708,0.5069,0
9,7,-117,-1.5,70,3819,76,2,1,0,5,1975,1967.5,9,4835,medium,090007008BFA46834C1205B7070900E312D8,0.4376,1
5,15,-128,-8.47,70,3764,67,1,1,0,6,1762,1757.8,7,3068,medium,05000F0080DE467E431106E2060700FC0BD9,0.01,0
16,4,-91,15.0,28,3067,3,1,1,0,7,1124,1133.6,6,6545,light,10000400A53C1C38031107640406009119AE,0.1237,0
4,1,-104,15.0,37,3801,74,1,1,0,0,991,994.2,32,6738,medium,04000100983C25824A1100DF032000521A37,0.7391,1
3,7,-92,15.0,10,3744,55,1,1,0,0,1329,1336.7,1674,5668,light,03000700A43C0A7C37110031058A062416BC,0.893,0
1,12,-108,5.48,47,3680,45,1,1,0,0,181,171.5,16,2102,dense,01000C0094162F762D1100B5001000360817,0.6821,1
5,1,-128,-9.75,73,3768,66,3,1,0,2,610,613.6,5,2622,dense,0500010080D9497E421302620205003E0A49,0.01,0
5,3,-75,15.0,8,3919,84,1,0,0,9,573,493.3,69,2102,light,05000300B53C088D5401093D0245003608FA,0.66,1
4,5,-74,15.0,0,3655,32,5,1,0,2,389,372.3,161,3377,light,04000500B63C00732015028501A100310D2F,0.6993,1
7,5,-106,6.72,33,3798,68,1,1,0,2,324,304.7,17,1429,medium,07000500961B21814411024401110095057C,0.7104,0
12,4,-100,15.0,50,3880,83,3,1,0,10,439,456.1,21,6807,medium,0C0004009C3C328A53130AB7011500971A50,0.4193,1
3,7,-98,15.0,18,3808,73,3,1,0,1,96,91.9,25,2022,dense,030007009E3C128249130160001900E607D2,0.7321,1
14,7,-105,13.4,45,3799,71,1,1,0,11,303,300.9,3485,2223,medium,0E00070097362D8147110B2F019D0DAF08F1,0.4719,1
11,12,-77,15.0,66,3934,86,4,0,0,50,481,321.1,24,7192,light,0B000C00B33C428F560432E1011800181CA1,0.1192,0
13,8,-103,14.4,40,3655,35,1,1,0,10,3741,3762.8,14,1844,light,0D000800993A287323110A9D0E0E00340764,0.5088,1
10,7,-118,-1.97,59,3918,85,1,1,0,6,1225,1239.6,5,5238,medium,0A0007008AF83B8D551106C9040500761472,0.4963,0
3,8,-128,-12.14,83,3824,77,1,1,0,8,311,335.2,23,194,dense,0300080080CF53844D110837011700C20030,0.01,0
5,8,-72,15.0,0,3997,89,4,1,0,9,125,121.4,40,3172,medium,05000800B83C00955914097D002800640CD4,0.5838,1
4,3,-128,-11.12,79,3765,63,3,1,0,7,2864,2863.5,173,6815,dense,0400030080D44F7E3F1307300BAD009F1A30,0.01,0
10,6,-105,14.16,53,3882,81,2,0,0,9,5897,3371.4,19,6727,light,0A0006009739358A51020909171300471A9A,0.4479,0
3,12,-94,15.0,30,3817,72,1,1,0,9,181,188.3,22,4516,medium,03000C00A23C1E83481109B5001600A411CB,0.5685,1
4,1,-107,6.57,69,3700,47,2,1,0,30,1256,1252.1,48,1599,medium,04000100951A45782F121EE80430003F06F6,0.1846,0
9,4,-119,-3.55,68,3907,84,1,0,0,8,1481,1685.9,10,5668,medium,0900040089F2448C540108C9050A002416A9,0.4196,0
3,15,-97,15.0,66,3611,17,4,1,0,40,169,179.2,10,6955,medium,03000F009F3C426F111428A9000A002B1BFA,0.1192,0
6,16,-97,15.0,34,4114,94,3,0,0,6,2679,2523.9,2,2023,light,060010009F3C22A15E0306770A0200E7073B,0.5484,1
7,5,-100,14.0,32,3697,38,3,1,0,3,416,426.8,3,4637,medium,070005009C382077261303A00103001D12A3,0.6183,1
4,5,-128,-8.54,78,3572,14,1,0,0,1,3198,3083.2,135,805,medium,0400050080DE4E6B0E01017E0C8700250383,0.01,0
1,4,-101,15.0,44,3743,62,4,1,0,10,468,483.5,92,3768,medium,010004009B3C2C7C3E140AD4015C00B80E8D,0.4149,1
5,16,-104,13.04,51,3859,82,4,1,0,8,1040,1044.7,13,592,medium,050010009834338752140810040D005002F1,0.4196,0
3,1,-128,-10.48,100,3757,60,5,1,0,33,2871,2861.3,21,7189,medium,0300010080D6647D3C1521370B1500151C18,0.01,0
3,16,-93,15.0,15,3905,84,4,1,0,1,313,288.7,9,2652,medium,03001000A33C0F8C541401390109005C0AD6,0.703,1
10,16,-89,15.0,20,3815,76,3,1,0,7,924,923.3,20,2945,light,0A001000A73C14834C13079C031400810B2C,0.5855,0
8,1,-64,15.0,3,3926,86,1,0,0,10,79,158.5,218,2431,light,08000100C03C038E56010A4F00DA007F09B4,0.6574,0
6,9,-93,15.0,16,3639,32,3,1,0,5,1191,1183.0,13,355,light,06000900A33C1071201305A7040D00630120,0.645,0
9,2,-103,13.02,31,3838,77,4,1,0,2,2152,2153.8,293,845,light,0900020099341F854D1402680825014D0345,0.6072,1
14,7,-79,15.0,1,3722,53,3,1,0,8,794,789.6,16,5904,light,0E000700B13C017A3513081A031000101786,0.6386,1
6,3,-81,15.0,13,3660,38,1,1,0,7,125,125.7,5,4969,medium,06000300AF3C0D742611077D0005006913EB,0.6856,1
1,6,-128,-7.24,83,3812,75,3,1,0,12,1964,1963.3,4,6771,medium,0100060080E353834B130CAC070400731A3D,0.01,0
7,6,-128,-11.63,67,3766,62,2,0,0,0,2748,2937.2,14,5451,dense,0700060080D1437E3E0200BC0A0E004B15CA,0.01,0
2,11,-128,-7.74,100,3581,16,1,1,0,34,3714,3710.8,10,5028,medium,02000B0080E1646C101122820E0A00A41312,0.01,0
4,16,-97,15.0,33,4016,90,1,1,0,2,412,415.9,6,4555,medium,040010009F3C21975A11029C010600CB1105,0.7104,1
13,4,-125,-8.2,77,3888,83,4,1,0,3,2304,2289.4,19,1822,medium,0D00040083DF4D8A531403000913001E07E0,0.0705,0
15,5,-128,-13.69,76,3803,73,2,1,0,5,1617,1600.2,12,4692,dense,0F00050080C94C8249120551060C00541240,0.01,0
9,3,-112,5.77,69,3839,82,1,1,0,11,1012,1003.5,29,4455,medium,090003009017458552110BF4031D0067110A,0.3788,1
2,8,-104,11.31,36,3689,45,1,1,0,1,468,448.9,5,1829,medium,02000800982D24762D1101D401050025070A,0.7192,1
10,11,-89,15.0,34,3881,83,2,1,0,11,1869,1883.4,20,3263,light,0A000B00A73C228A53120B4D071400BF0C63,0.4875,1
16,14,-128,-11.18,91,3747,55,1,1,0,11,2663,2644.3,9,44,medium,10000E0080D35B7C37110B670A09002C0047,0.01,0
15,12,-85,15.0,20,3642,27,3,1,0,5,1073,1087.8,265,4796,light,0F000C00AB3C14721B130531040901BC123C,0.6279,1
16,10,-97,15.0,31,3649,31,1,1,0,3,2571,2557.7,5,2944,light,10000A009F3C1F721F11030B0A0500800B1D,0.6962,1
3,7,-128,-9.3,98,3652,32,1,1,0,23,209,218.5,13,747,dense,0300070080DB6273201117D1000D00EB02E9,0.01,0
10,3,-101,15.0,32,3075,3,2,0,0,2,199,147.6,12,3331,dense,0A0003009B3C2039030202C7000C00030D2E,0.1356,0
1,8,-89,15.0,24,3764,56,1,1,0,9,992,1001.9,185,6733,light,01000800A73C187E381109E003B9004D1ACB,0.5935,1
2,8,-112,4.58,55,3625,26,1,1,0,3,793,808.0,16,481,medium,02000800901237701A110319031000E10178,0.5731,1
11,7,-98,15.0,53,3812,71,2,1,1,7,2595,2604.2,1750,2537,light,0B0007009E3C3583473207230AD606E90923,0.4804,1
5,4,-128,-8.33,79,3719,47,1,0,0,1,575,591.9,270,4383,dense,0500040080DF4F792F01013F020E011F11B8,0.01,0
13,5,-121,-4.31,78,3594,18,2,1,0,12,1548,1551.4,22,4092,medium,0D00050087EF4E6D12120C0C061600FC0FB2,0.3055,0
14,6,-70,15.0,15,4099,95,1,1,0,25,410,411.5,27,3337,light,0E000600BA3C0F9F5F11199A011B00090DA8,0.3604,0
2,4,-79,15.0,3,3680,35,2,1,0,0,742,721.3,27,2751,light,02000400B13C0376231200E6021B00BF0A1F,0.8838,1
16,2,-102,13.23,43,3104,4,3,1,0,4,204,211.1,243,691,medium,100002009A352B3C041304CC00F300B30229,0.1097,0
10,4,-75,15.0,4,3821,75,1,0,0,9,317,681.2,107,604,light,0A000400B53C04844B01093D016B005C02C6,0.6767,1
12,10,-103,11.11,43,3852,82,1,1,0,8,416,413.0,4,6570,medium,0C000A00992C2B87521108A0010400AA190C,0.5328,1
3,16,-128,-9.83,84,3757,61,1,0,0,10,1234,2447.1,27,5742,dense,0300100080D9547D3D010AD2041B006E1654,0.01,0
14,8,-128,-10.37,71,3781,71,3,1,0,4,4213,4198.0,12,6840,dense,0E00080080D7478047130475100C00B81A02,0.01,0
13,10,-103,14.33,39,3807,78,2,0,1,4,952,589.8,19,990,medium,0D000A00993927824E2204B8031300DE0358,0.5993,1
5,7,-106,7.61,41,3677,38,1,0,0,5,336,392.4,58,6154,medium,05000700961E297526010550013A000A18C9,0.6013,1
16,3,-89,15.0,15,3606,18,1,1,0,4,877,883.1,9,908,light,10000300A73C0F6E1211046D0309008C0309,0.7516,0
12,16,-97,15.0,45,3721,51,2,0,0,11,1093,1264.5,34,4041,light,0C0010009F3C2D7A33020B45042200C90F6F,0.4471,0
5,7,-123,-8.03,78,3778,57,1,1,0,9,1620,1618.7,3,6893,medium,0500070085E04E7F39110954060300ED1ACF,0.1321,0
5,14,-94,15.0,38,3753,62,1,1,0,11,506,506.6,3,5983,medium,05000E00A23C267D3E110BFA0103005F1727,0.499,1
14,11,-84,15.0,15,4178,99,2,1,0,1,609,596.4,108,6894,light,0E000B00AC3C0FA763120161026C00EE1A94,0.7908,0
10,9,-96,15.0,38,4001,89,3,1,0,12,3677,3664.9,28,192,light,0A000900A03C269659130C5D0E1C00C000C8,0.4312,0
13,8,-117,0.67,66,3779,72,3,1,0,4,1143,1153.9,10,4611,medium,0D0008008B03427F48130477040A0003125C,0.4463,0
9,11,-72,15.0,3,3753,61,2,0,0,1,332,299.6,30,5355,light,09000B00B83C037D3D02014C011E00EB1488,0.8534,0
3,2,-128,-11.8,83,3642,30,3,1,0,11,3250,3239.5,1188,6015,medium,0300020080D153721E130BB20CA4047F170D,0.01,0
2,6,-83,15.0,17,3654,28,1,1,0,8,801,788.5,22,5201,light,02000600AD3C11731C110821031600511401,0.6448,1
7,9,-110,5.71,91,3759,63,2,1,0,40,496,496.1,11,3994,medium,0700090092175B7D3F1228F0010B009A0FBA,0.1008,0
9,1,-124,-4.88,78,3612,16,3,0,0,6,144,171.1,135,3576,dense,0900010084EC4E6F10030690008700F80D91,0.3471,0
13,7,-128,-9.92,85,3737,58,2,1,0,6,4059,4049.9,19,1314,medium,0D00070080D8557B3A1206DB0F1300220514,0.01,0
2,13,-71,15.0,0,3815,79,1,1,0,10,262,257.5,19,5785,light,02000D00B93C00834F110A06011300991650,0.6695,1
12,4,-119,-3.73,65,3956,89,1,1,0,6,1398,1395.6,270,2750,medium,0C00040089F1419159110676050E01BE0A98,0.4624,1
11,9,-128,-8.25,100,3817,76,3,1,0,27,3871,3854.0,26,6769,dense,0B00090080DF64834C131B1F0F1A00711A66,0.01,0
13,7,-128,-10.54,91,3642,29,2,1,0,11,495,507.2,11,2461,dense,0D00070080D65B721D120BEF010B009D09A9,0.01,0
1,14,-105,14.75,45,3746,55,4,0,0,2,64,148.6,27,6793,dense,01000E00973B2D7C37040240001B00891A92,0.5445,0
6,9,-121,-5.87,69,4150,97,1,1,0,8,1429,1421.9,96,5350,medium,0600090087E945A561110895056000E61413,0.3607,0
1,14,-81,15.0,35,3764,61,1,1,0,32,360,365.4,10,5557,light,01000E00AF3C237E3D112068010A00B5155D,0.2449,0
16,14,-119,-3.31,83,3736,59,2,0,0,11,1478,1898.9,30,5173,medium,10000E0089F3537B3B020BC6051E00351474,0.3044,0
14,6,-115,1.81,59,3772,68,2,1,1,6,1918,1910.4,130,136,medium,0E0006008D073B7F4432067E07820088009C,0.4713,0
5,3,-128,-8.67,80,4158,99,1,0,0,3,2665,1376.4,20,6868,dense,0500030080DD50A5630103690A1400D41AB9,0.01,0
9,4,-128,-8.82,83,3795,71,1,1,0,6,3983,3984.0,202,4811,medium,0900040080DD53814711068F0FCA00CB123A,0.01,0
11,1,-93,15.0,17,3499,13,4,1,0,0,1591,1585.8,5,5884,light,0B000100A33C11630D140037060500FC164C,0.7184,1
15,16,-128,-7.98,77,4066,93,1,1,0,8,3820,3800.7,12,888,medium,0F00100080E04D9C5D1108EC0E0C00780373,0.01,0
3,15,-70,15.0,4,3802,77,1,1,0,4,221,230.1,110,755,light,03000F00BA3C04824D1104DD006E00F302CD,0.8061,0
5,15,-128,-10.55,67,3661,37,1,0,0,4,2702,1380.0,19,1057,medium,05000F0080D643742501048E0A130021043C,0.01,0
2,13,-125,-9.47,97,3662,38,2,0,0,39,1319,1777.6,11,6277,medium,02000D0083DA617426022727050B008518B5,0.01,0
5,9,-128,-10.22,83,3948,87,3,0,0,3,4667,2625.7,246,3129,medium,0500090080D753905703033B12F600390C38,0.01,0
7,14,-128,-7.74,79,3027,2,1,1,0,9,894,893.8,18,34,dense,07000E0080E14F340211097E0312002200FA,0.01,0
2,4,-128,-12.26,83,3675,43,1,0,0,9,433,1348.7,56,409,dense,0200040080CF53752B0109B1013800990130,0.01,0
15,7,-89,15.0,34,3788,62,4,1,0,20,1155,1160.2,5,6993,light,0F000700A73C22803E141483040500511BAD,0.3162,0
10,14,-107,10.89,54,3635,34,1,1,0,11,720,733.4,449,5582,medium,0A000E00952C367122110BD002C101CE15FB,0.437,1
8,1,-128,-14.11,76,3843,82,2,1,0,2,3784,3773.9,19,5471,medium,0800010080C84C86521202C80E13005F15AC,0.01,0
14,12,-128,-12.86,94,3766,59,3,0,0,11,2482,3812.4,17,1031,medium,0E000C0080CD5E7E3B030BB2091100070427,0.01,0
7,8,-126,-8.94,100,3908,84,1,0,0,40,2223,3654.6,2184,1413,medium,0700080082DC648C540128AF088808850512,0.01,0
14,7,-128,-9.02,76,3832,80,2,1,0,6,401,406.7,13,5254,dense,0E00070080DC4C8550120691010D008614A5,0.01,0
1,9,-100,15.0,37,3870,80,1,1,0,9,264,258.8,15,4946,medium,010009009C3C258950110908010F005213A2,0.5394,1
1,10,-128,-10.44,91,3969,88,1,0,0,19,4692,3170.2,179,900,dense,01000A0080D65B925801135412B300840372,0.01,0
11,8,-73,15.0,3,3586,15,2,0,0,5,360,349.8,12,662,light,0B000800B73C036C0F020568010C0096021D,0.7419,0
10,9,-70,15.0,0,4011,89,1,1,0,4,146,148.5,2442,4602,light,0A000900BA3C009759110492008A09FA1167,0.8259,1
15,1,-126,-10.47,100,3840,81,1,1,0,24,1496,1495.7,1,6850,medium,0F00010082D66486511118D8050100C21A2D,0.01,0
6,11,-99,15.0,31,3842,82,1,0,0,3,2609,2270.4,14,133,light,06000B009D3C1F86520103310A0E008500AB,0.6962,0
1,14,-120,-0.08,62,3112,4,1,1,0,6,1457,1443.8,102,4708,medium,01000E0088003E3D041106B10566006412AC,0.0967,0
10,1,-122,-8.24,73,3937,86,3,1,0,4,1879,1874.7,22,4068,medium,0A00010086DF498F56130457071600E40FA9,0.1275,0
16,13,-104,13.45,38,3638,31,1,1,0,4,524,518.5,1750,4216,medium,10000D00983626711F11040C02D606781045,0.6376,0
9,10,-101,15.0,41,3741,65,4,0,0,8,253,409.8,112,1773,medium,09000A009B3C297C410408FD007000ED0643,0.4559,1
10,9,-75,15.0,3,4023,91,2,0,0,0,741,347.1,29,5333,light,0A000900B53C03985B0200E5021D00D5147C,0.8838,1
7,12,-128,-13.73,76,3717,54,1,0,0,5,3420,3469.0,213,6480,medium,07000C0080C94C793601055C0DD5005019F6,0.01,0
12,13,-96,15.0,78,3640,35,2,1,0,44,1773,1777.3,6,3834,light,0C000D00A03C4E7223122CED060600FA0E55,0.1181,0
16,15,-128,-10.29,76,3679,41,4,1,0,10,2601,2604.2,18,2749,dense,10000F0080D74C7529140A290A1200BD0A3F,0.01,0
12,1,-114,3.52,55,3768,68,1,1,0,8,847,840.9,206,1145,medium,0C0001008E0E377E4411084F03CE0079047E,0.4811,0
8,15,-103,14.68,51,3977,89,1,0,1,11,358,429.7,4,4724,medium,08000F00993B339359210B6601040074127A,0.4486,0
6,8,-128,-11.66,65,3747,61,1,0,0,2,2619,1760.3,12,2982,dense,0600080080D1417C3D01023B0A0C00A60BC6,0.01,0
12,6,-128,-11.21,88,3706,45,5,1,0,10,1297,1297.5,8,5457,dense,0C00060080D358782D150A110508005115DC,0.01,0
12,6,-107,9.4,65,3729,56,3,1,0,26,4115,4103.4,4,3628,light,0C0006009526417A38131A131004002C0E7B,0.2087,1
5,15,-90,15.0,26,4150,98,2,1,1,11,140,148.5,14,3480,medium,05000F00A63C1AA562320B8C000E00980DD8,0.5169,1
4,10,-128,-10.71,100,3717,55,2,1,0,29,2360,2361.5,27,6919,medium,04000A0080D5647937121D38091B00071B3F,0.01,0
11,2,-93,15.0,37,3264,7,2,1,0,9,268,289.1,95,3435,medium,0B000200A33C254C0712090C015F006B0DFC,0.3812,0
4,3,-93,15.0,19,4050,92,2,1,0,0,2040,2027.1,12,1252,light,04000300A33C139B5C1200F8070C00E404B4,0.7974,1
8,7,-66,15.0,3,3801,79,3,1,0,3,134,134.2,16,3106,light,08000700BE3C03824F130386001000220C77,0.7515,1
3,2,-110,5.16,53,3214,6,1,0,0,8,369,444.0,7,5043,medium,030002009215354706010871010700B31304,0.3286,0
3,16,-119,1.22,80,3736,54,2,1,0,21,715,716.3,14,5519,medium,030010008905507B361215CB020E008F15E1,0.2244,0
13,16,-128,-11.04,69,3308,9,3,1,0,6,3461,3447.3,20,4129,medium,0D00100080D44550091306850D1400211074,0.01,0
5,3,-109,5.9,58,4089,95,3,1,0,10,585,590.3,278,2945,medium,0500030093183A9E5F130A49021601810B57,0.3905,0
15,8,-102,13.01,37,3684,40,2,0,0,5,1321,609.5,2,89,medium,0F0008009A342576280205290502005900BA,0.5878,1
5,14,-85,15.0,40,3820,80,2,1,0,28,149,145.3,10,2595,medium,05000E00AB3C288450121C95000A00230AC9,0.2567,0
13,1,-124,-8.66,77,3696,40,2,1,0,6,308,291.5,15,4399,dense,0D00010084DD4D7728120634010F002F112C,0.0814,0
14,9,-79,15.0,9,4045,92,2,1,0,1,465,453.5,25,2305,light,0E000900B13C099A5C1201D10119000109CE,0.8221,1
10,3,-91,15.0,7,3792,79,1,0,0,0,1101,1813.8,131,6167,light,0A000300A53C07814F01004D0483001718E3,0.9101,1
14,4,-100,15.0,44,3916,85,2,1,0,11,2121,2137.8,8,6141,light,0E0004009C3C2C8D55120B49080800FD17F3,0.4507,0
16,7,-64,15.0,0,3113,4,1,1,0,12,106,95.8,16,1982,light,10000700C03C003D04110C6A001000BE07F3,0.1248,0
1,14,-114,-1.45,92,3726,59,1,1,0,38,613,622.8,4,5269,medium,01000E008EFA5C7A3B11266502040095148C,0.1124,0
12,7,-71,15.0,0,3791,70,3,1,0,7,180,175.8,3,5611,light,0C000700B93C0081461307B4000300EB154B,0.6653,0
14,13,-104,14.04,47,3805,73,1,0,0,6,632,780.1,15,4055,medium,0E000D0098382F8249010678020F00D70F1D,0.5529,1
16,12,-128,-10.96,86,3606,23,2,0,0,12,652,1004.7,22,6455,dense,10000C0080D4566E17020C8C0216003719CD,0.01,0
16,7,-95,15.0,41,3702,43,1,1,0,12,1203,1194.8,10,3073,light,10000700A13C29782B110CB3040A00010CEA,0.4706,0
4,11,-95,15.0,29,4124,94,1,1,0,4,386,359.0,13,3962,medium,04000B00A13C1DA25E110482010D007A0F25,0.6822,1
8,1,-95,15.0,25,3849,82,2,1,0,3,277,286.8,2662,6122,medium,08000100A13C19865212031501660AEA1713,0.6887,0
4,12,-117,-0.92,98,3235,7,1,1,0,31,1016,1015.4,24,4455,medium,04000C008BFC624907111FF80318006711EC,0.0928,0
6,5,-105,11.96,43,3396,10,1,1,0,6,198,205.2,28,4312,medium,0600050097302B590A1106C6001C00D810E5,0.5394,0
9,15,-128,-12.68,82,3787,75,2,1,0,2,442,444.9,4,3357,dense,09000F0080CD52804B1202BA0104001D0D02,0.01,0
12,9,-99,15.0,29,3737,59,4,1,0,6,191,188.7,191,780,medium,0C0009009D3C1D7B3B1406BF00BF000C0300,0.5356,1
4,3,-128,-11.6,94,3803,70,3,1,0,12,337,353.9,14,4002,dense,0400030080D25E8246130C51010E00A20F25,0.01,0
3,11,-108,6.88,42,3926,86,2,1,0,0,3832,3838.3,55,5272,light,03000B00941C2A8E561200F80E3700981439,0.6732,1
14,8,-128,-11.22,80,3745,60,1,1,0,3,502,511.1,4,7058,dense,0E00080080D3507C3C1103F6010400921BFF,0.01,0
2,14,-128,-13.74,63,3738,57,2,1,0,5,3347,3342.4,12,1847,medium,02000E0080C93F7B391205130D0C00370775,0.01,0
8,12,-114,-0.04,63,3726,60,2,1,0,11,658,664.7,109,6371,medium,08000C008E003F7A3C120B92026D00E318BC,0.3808,1
15,13,-128,-9.83,85,3748,63,2,1,0,10,813,819.6,161,1475,dense,0F000D0080D9557C3F120A2D03A100C3052C,0.01,0
6,13,-113,2.55,49,3642,38,1,1,0,5,129,126.0,137,2066,dense,06000D008F0A3172261105810089001208AF,0.563,1
13,4,-128,-14.67,94,3558,14,2,1,0,10,4148,4149.6,25,5704,medium,0D00040080C55E690E120A34101900481601,0.01,0
15,3,-111,2.4,60,3588,17,2,1,0,11,124,149.6,16,6234,dense,0F000300910A3C6C11120B7C0010005A182D,0.3919,0
3,2,-85,15.0,36,3759,63,1,1,0,23,1447,1447.1,22,96,light,03000200AB3C247D3F1117A705160060009A,0.333,1
5,12,-59,15.0,3,3773,67,2,0,0,12,145,156.7,8,2017,light,05000C00C53C037F43020C91000800E10750,0.5807,1
11,5,-108,7.45,48,3894,84,1,0,0,4,8139,4110.2,18,5478,light,0B000500941E308B540104CB1F1200661547,0.588,0
8,14,-128,-13.43,85,3756,68,1,1,0,1,3609,3592.5,24,2760,medium,08000E0080CA557D441101190E1800C80A8A,0.01,0
10,2,-82,15.0,2,3866,82,1,1,0,0,143,148.3,99,769,medium,0A000200AE3C02885211008F0063000103B1,0.9386,1
6,8,-128,-13.62,74,3727,58,2,1,0,5,3051,3031.9,6,1434,medium,0600080080CA4A7A3A1205EB0B06009A050E,0.01,0
13,7,-128,-10.99,73,3774,62,1,1,0,3,383,400.4,159,5125,dense,0D00070080D4497F3E11037F019F00051463,0.01,0
7,11,-128,-10.16,82,4018,90,1,0,0,10,299,304.3,10,1460,dense,07000B0080D752975A010A2B010A00B40580,0.01,0
14,4,-103,12.64,46,3858,82,4,1,0,7,419,423.3,24,5020,medium,0E00040099332E87521407A30118009C132D,0.4533,1
14,13,-128,-12.01,82,3618,27,2,0,0,9,1213,2673.2,18,2208,dense,0E000D0080D0526F1B0209BD041200A00841,0.01,0
1,11,-99,15.0,43,3840,80,4,0,1,9,3086,3077.0,170,7096,light,01000B009D3C2B865024090E0CAA00B81BFB,0.4332,0
14,5,-101,15.0,92,3601,15,1,1,0,44,216,203.0,18,6247,medium,0E0005009B3C5C6E0F112CD80012006718E5,0.105,0
9,3,-121,-3.59,76,3617,28,1,1,0,10,237,237.8,13,4830,dense,0900030087F24C6F1C110AED000D00DE1200,0.3593,0
15,1,-69,15.0,3,4045,93,1,1,0,6,183,178.3,3,677,light,0F000100BB3C039A5D1106B7000300A50226,0.7562,0
7,14,-128,-10.46,80,4109,96,1,0,0,7,1528,2837.9,14,5351,dense,07000E0080D650A0600107F8050E00E71435,0.01,0
14,1,-112,6.94,45,3780,66,3,1,0,3,1099,1104.5,219,3568,medium,0E000100901C2D804213034B04DB00F00DFE,0.5587,1
9,6,-104,13.76,44,3683,33,3,1,0,3,3640,3636.1,54,6144,light,0900060098372C76211303380E36000018E5,0.5632,0
14,2,-86,15.0,27,4107,95,3,0,0,17,212,269.3,59,4419,medium,0E000200AA3C1BA05F0311D4003B00431174,0.3929,0
16,7,-128,-13.07,97,3786,68,5,0,0,41,517,485.1,8,2007,dense,1000070080CC618044052905020800D70749,0.01,0
2,12,-109,10.32,63,3738,55,3,0,0,20,329,689.9,5,4929,medium,02000C0093293F7B370314490105004113AF,0.2625,0
7,1,-127,-10.56,79,3771,71,4,1,0,7,2050,2054.4,17,1776,medium,0700010081D64F7F47140702081100F00660,0.01,0
2,5,-84,15.0,29,3630,28,2,0,0,8,145,567.0,13,594,light,02000500AC3C1D711C020891000D00520244,0.5618,1
8,6,-93,15.0,26,4043,92,4,0,0,3,247,229.6,29,2932,medium,08000600A33C1A9A5C0403F7001D00740B23,0.6079,0
6,12,-85,15.0,9,3651,32,2,1,0,8,789,787.9,30,4066,light,06000C00AB3C097320120815031E00E20F86,0.6435,0
9,12,-73,15.0,0,3646,36,1,1,0,3,243,250.2,413,6427,light,09000C00B73C0072241103F3009D011B19CE,0.8553,1
14,9,-106,8.4,46,3730,56,3,1,0,5,4400,4398.7,20,728,light,0E00090096222E7B38130530111400D802E4,0.5166,0
7,12,-97,15.0,69,4010,90,2,1,0,32,2509,2503.3,26,5952,light,07000C009F3C45975A1220CD091A00401716,0.1721,0
10,13,-82,15.0,8,3997,91,2,1,0,3,478,479.0,6,3376,light,0A000D00AE3C08955B1203DE010600300D47,0.7714,1
1,15,-123,-5.44,100,3606,17,2,0,0,30,3634,2195.1,19,4920,medium,01000F0085EA646E11021E320E13003813C2,0.1141,0
13,15,-92,15.0,25,3918,85,1,0,0,7,2318,1669.0,9,5986,light,0D000F00A43C198D5501070E0909006217A8,0.632,1
3,10,-112,5.45,58,3908,85,1,1,0,9,1050,1069.3,227,5806,medium,03000A0090163A8C5511091A04E300AE1610,0.452,0
5,7,-128,-9.7,100,3721,55,2,1,0,25,430,439.6,149,4709,dense,0500070080D9647A371219AE01950065123D,0.01,0
10,15,-101,13.45,40,3760,65,2,1,0,2,189,175.5,2,727,medium,0A000F009B36287E411202BD000200D702AC,0.6378,1
10,8,-126,-7.18,79,3694,39,1,1,0,11,287,304.8,6,2482,dense,0A00080082E34F7727110B1F010600B2090F,0.0848,1
11,10,-65,15.0,0,3964,88,2,0,0,3,190,140.1,1764,4406,light,0B000A00BF3C0092580203BE00E4063611CB,0.8103,1
14,7,-128,-9.89,72,3789,68,1,1,0,5,423,405.0,22,4216,dense,0E00070080D84880441105A7011600781030,0.01,0
14,13,-128,-9.07,78,3728,53,4,1,0,5,1271,1271.5,23,2690,dense,0E000D0080DC4E7A351405F7041700820A4A,0.01,0
2,14,-117,-2.78,65,4008,90,1,0,0,8,465,791.6,215,7093,medium,02000E008BF541965A0108D101D700B51BAC,0.4356,0
6,4,-128,-8.55,67,3133,5,2,1,0,1,2891,2871.4,23,1611,dense,0600040080DE433F0512014B0B17004B06E5,0.01,0
9,15,-73,15.0,0,4165,99,1,1,0,1,85,90.6,29,6895,medium,09000F00B73C00A663110155001D00EF1A10,0.9173,1
2,15,-128,-8.99,83,3668,37,1,1,0,4,335,324.4,3,1615,dense,02000F0080DC53742511044F0103004F06CC,0.01,0
12,6,-72,15.0,0,3182,5,1,1,0,4,274,271.5,76,393,light,0C000600B83C004405110412014C00890107,0.1652,0
14,6,-118,-1.93,59,3770,69,1,1,0,6,819,820.4,1634,2491,medium,0E0006008AF83B7F45110633036206BB09C7,0.4964,0
6,11,-80,15.0,2,4083,93,2,1,0,0,312,302.1,73,6588,light,06000B00B03C029E5D120038014900BC1972,0.8892,1
4,16,-106,9.55,99,3935,86,1,1,0,48,656,653.3,159,1016,medium,040010009626638F56113090029F00F80366,0.0951,0
5,3,-108,8.81,45,4134,96,1,0,0,6,386,396.8,19,1590,medium,0500030094232DA3600106820113003606F1,0.5621,1
3,13,-78,15.0,9,3686,42,2,1,0,10,158,164.4,5,407,medium,03000D00B23C09762A120A9E00050097014D,0.6,1
1,2,-128,-10.07,77,3777,67,1,1,0,2,2353,2363.5,7,2869,medium,0100020080D84D7F43110231090700350B2F,0.01,0
2,7,-116,0.27,100,3882,83,2,1,0,48,1031,1021.5,26,239,medium,020007008C01648A53123007041A00EF0059,0.0888,0
6,5,-128,-14.14,68,4078,94,1,1,0,6,378,398.8,205,195,dense,0600050080C7449D5E11067A01CD00C300FD,0.01,0
11,7,-93,15.0,25,3616,21,1,1,0,5,515,499.9,5,4353,medium,0B000700A33C196F1511050302050001113A,0.6779,1
13,6,-128,-11.85,82,3872,83,1,0,0,10,509,681.5,96,193,dense,0D00060080D1528953010AFD016000C1002E,0.01,0
7,10,-123,-4.37,69,3852,81,2,0,0,1,211,174.6,20,1703,dense,07000A0085EF4587510201D3001400A70658,0.4935,0
9,15,-128,-9.75,78,3774,69,1,1,0,11,4023,4021.9,68,1004,medium,09000F0080D94E7F45110BB70F4400EC0314,0.01,0
2,7,-112,4.51,56,3860,81,3,1,0,6,942,951.1,21,1815,medium,0200070090123888511306AE031500170722,0.4575,0
16,1,-127,-10.11,92,3825,78,3,1,0,12,3349,3356.4,26,1227,medium,1000010081D85C844E130C150D1A00CB04D2,0.01,0
6,15,-126,-6.46,77,3691,37,1,1,0,8,3229,3235.1,8,4182,medium,06000F0082E64D772511089D0C0800561017,0.1025,0
10,12,-128,-9.98,74,3886,83,2,1,0,6,3258,3280.2,2265,6018,medium,0A000C0080D84A8A531206BA0CD908821778,0.01,0
16,6,-78,15.0,12,3738,58,2,0,0,10,128,252.9,112,4007,light,10000600B23C0C7B3A020A80007000A70F0B,0.5886,0
9,2,-109,6.19,43,4148,98,1,1,0,2,3197,3206.7,11,6475,light,0900020093192BA46211027D0C0B004B1998,0.6572,1
9,6,-82,15.0,16,3799,69,3,1,0,6,141,150.7,4,3501,medium,09000600AE3C10814513068D000400AD0D3D,0.6229,0
2,11,-128,-12.48,71,3772,63,3,0,0,3,1587,2083.0,3,5242,medium,02000B0080CE477F3F0303330603007A147E,0.01,0
5,3,-128,-11.07,75,3788,64,3,1,0,7,239,233.6,18,6282,dense,0500030080D44B80401307EF0012008A1845,0.01,0
2,3,-128,-11.2,85,3804,67,3,1,0,4,3255,3248.3,3,1987,dense,0200030080D35582431304B70C0300C30770,0.01,0
13,7,-128,-10.54,69,3796,69,1,1,0,5,3044,3045.2,5,3588,medium,0D00070080D64581451105E40B0500040E0E,0.01,0
13,11,-118,-0.9,72,3239,7,1,1,0,12,990,993.0,19,1259,medium,0D000B008AFC484907110CDE031300EB04F8,0.251,0
12,7,-99,15.0,55,4043,91,1,0,0,20,827,338.6,195,6432,medium,0C0007009D3C379A5B01143B03C30020199F,0.3161,0
8,15,-93,15.0,24,3653,29,1,1,0,6,167,164.6,9,3918,medium,08000F00A33C18731D1106A70009004E0FC2,0.6592,1
13,1,-126,-10.14,85,4053,92,3,1,0,21,1781,1774.1,3,566,medium,0D00010082D7559B5C1315F506030036023F,0.01,0
9,5,-87,15.0,12,3802,70,2,1,0,4,220,239.7,6,2008,medium,09000500A93C0C82461204DC000600D807D2,0.7261,1
16,5,-110,5.75,56,3780,69,3,1,0,5,678,657.4,165,1727,medium,1000050092173880451305A602A500BF06F9,0.4738,1
14,9,-105,12.78,54,3647,33,2,1,0,11,511,515.1,19,445,medium,0E0009009733367221120BFF011300BD0127,0.414,0
8,5,-127,-11.77,98,3805,75,1,1,0,18,1607,1611.2,11,1878,medium,0800050081D162824B111247060B005607CC,0.01,0
9,4,-126,-7.72,85,3920,86,2,1,0,5,252,236.0,17,1833,dense,0900040082E1558E561205FC0011002907BC,0.0448,0
16,5,-111,4.77,45,3801,71,1,1,0,2,576,592.9,5,149,medium,1000050091132D8247110240020500950024,0.6466,0
12,8,-116,1.37,43,4106,96,1,1,0,0,887,902.1,29,6367,medium,0C0008008C052BA060110077031D00DF1868,0.7049,1
7,13,-128,-13.88,80,3798,74,1,1,0,4,1762,1758.8,258,2089,dense,07000D0080C850814A1104E20602012908E4,0.01,0
16,12,-128,-10.94,84,3640,28,2,1,0,9,1592,1608.5,2,2326,dense,10000C0080D454721C1209380602001609CE,0.01,0
2,3,-72,15.0,0,3733,59,1,1,0,10,220,204.5,28,6146,light,02000300B83C007B3B110ADC001C00021876,0.6695,1
9,11,-102,14.58,32,3786,63,2,1,0,1,802,808.6,110,2996,medium,09000B009A3A20803F120122036E00B40BF0,0.7022,0
14,8,-85,15.0,23,4022,90,2,0,0,10,162,334.2,23,4011,light,0E000800AB3C17985A020AA2001700AB0F26,0.5467,1
7,5,-128,-10.85,74,3645,30,1,1,0,0,2079,2093.4,7,7027,dense,0700050080D54A721E11001F080700731BD2,0.01,0
10,11,-110,8.29,52,3768,65,2,1,0,9,597,600.5,25,188,medium,0A000B009221347E41120955021900BC0055,0.4519,0
1,12,-95,15.0,26,4017,91,3,1,0,5,370,362.5,5,6966,medium,01000C00A13C1A975B130572010500361B15,0.6022,0
14,4,-124,-6.19,100,3777,66,3,0,0,47,3972,2401.8,2058,854,medium,0E00040084E7647F42032F840F0A085603E1,0.0559,0
5,4,-93,15.0,27,3682,42,1,1,0,6,2546,2565.0,4,4654,light,05000400A33C1B762A1106F20904002E12A7,0.6453,1
11,14,-104,10.73,43,3988,89,2,1,0,10,416,423.8,30,3075,medium,0B000E00982B2B9459120AA0011E00030C25,0.4706,1
10,16,-128,-9.82,79,3920,85,2,1,0,11,1127,1127.2,7,154,medium,0A00100080D94F8E55120B670407009A00A5,0.01,0
7,10,-128,-11.21,74,3685,39,1,1,0,6,2395,2402.1,82,2294,medium,07000A0080D34A762711065B095200F6087D,0.01,0
9,7,-86,15.0,20,3792,66,2,1,0,5,675,651.6,2,1389,light,09000700AA3C1481421205A30202006D0550,0.6648,0
1,5,-104,11.74,54,4101,96,2,1,0,11,800,793.4,14,4457,medium,01000500982F36A060120B20030E006911AF,0.414,0
5,13,-82,15.0,2,3794,76,3,0,0,2,672,603.3,16,4293,light,05000D00AE3C02814C0302A0021000C51021,0.783,1
2,12,-118,-4.98,55,3765,65,1,1,0,2,1071,1075.0,10,5041,medium,02000C008AEC377E4111022F040A00B11393,0.5585,1
3,8,-117,-1.19,63,3790,65,2,0,0,4,554,522.5,47,6154,medium,030008008BFB3F814102042A022F000A1838,0.4862,1
10,3,-127,-12.67,100,3740,53,2,1,0,50,2292,2310.2,28,1543,medium,0A00030081CD647C351232F4081C00070693,0.01,0
13,8,-120,-2.69,89,3742,53,4,1,0,30,1366,1367.9,101,1412,medium,0D00080088F5597C35141E560565008405F2,0.1298,1
6,2,-106,15.0,51,3830,79,2,1,0,4,374,368.4,149,3020,medium,06000200963C33854F120476019500CC0BAD,0.543,0
10,4,-112,2.01,48,3304,8,1,0,0,5,579,471.1,190,3096,medium,0A000400900830500801054302BE00180C22,0.4576,0
12,2,-59,15.0,32,3075,2,3,1,0,49,103,117.9,3,5205,light,0C000200C53C203902133167000300551487,0.0339,0
1,16,-101,15.0,30,3792,75,2,1,0,7,96,92.0,7,3706,dense,010010009B3C1E814B1207600007007A0EF7,0.5776,0
10,2,-118,-0.83,59,3728,55,1,0,0,8,201,138.0,25,3160,dense,0A0002008AFD3B7A370108C9001900580C93,0.4635,1
15,13,-128,-10.24,68,3797,74,1,1,0,3,2471,2462.3,21,6902,medium,0F000D0080D744814A1103A7091500F61A17,0.01,0
16,13,-75,15.0,3,3696,39,1,1,0,11,268,256.4,1382,2792,light,10000D00B53C037727110B0C016605E80AF8,0.6348,1
9,16,-99,15.0,33,3709,50,1,1,0,1,2690,2700.9,229,6928,light,090010009D3C2178321101820AE500101BBE,0.7357,1
15,10,-128,-10.53,78,4034,91,2,1,0,7,3962,3962.7,4,4724,medium,0F000A0080D64E995B12077A0F04007412B1,0.01,0
15,6,-122,-5.44,62,3794,75,2,1,0,2,1637,1635.8,22,2203,medium,0F00060086EA3E814B1202650616009B08A1,0.4775,0
7,11,-118,-0.93,56,3798,72,3,0,0,0,1750,1394.3,124,3345,medium,07000B008AFC3881480300D6067C00110D6D,0.564,1
14,13,-51,15.0,3,3807,74,1,1,0,9,98,86.6,2,6766,light,0E000D00CD3C03824A1109620002006E1A28,0.6808,1
16,8,-128,-10.89,77,4125,96,1,0,0,0,649,584.8,25,4542,dense,1000080080D44DA260010089021900BE1121,0.01,0
2,8,-128,-10.02,83,3786,67,1,1,0,12,2061,2071.5,26,1887,dense,0200080080D8538043110C0D081A005F0743,0.01,0
13,15,-73,15.0,3,4123,97,2,1,0,11,366,370.2,30,5365,light,0D000F00B73C03A261120B6E011E00F5140C,0.6014,1
13,6,-125,-8.07,74,3402,10,1,1,0,0,2817,2812.0,13,6788,medium,0D00060083E04A5A0A1100010B0D00841AC0,0.1103,0
16,13,-110,8.48,61,3676,39,3,1,0,12,3703,3718.9,1734,1177,light,10000D0092223D7527130C770EC60699044E,0.3541,1
8,9,-128,-10.04,79,3802,71,3,1,0,6,2648,2667.5,21,5565,dense,0800090080D84F82471306580A1500BD15CB,0.01,0
5,3,-94,15.0,31,3746,56,3,0,0,11,153,101.5,1999,4853,dense,05000300A23C1F7C38030B9900CF07F512EB,0.4708,0
16,10,-96,15.0,32,3814,78,1,1,0,1,230,220.4,6,3353,medium,10000A00A03C20834E1101E6000600190DF8,0.7412,0
16,15,-118,-1.15,68,3656,33,1,1,0,8,793,809.4,1,648,medium,10000F008AFB447321110819030100880203,0.4247,1
16,5,-97,15.0,43,3772,61,1,1,0,12,2033,2034.4,24,2229,light,100005009F3C2B7F3D110CF1071800B508B0,0.4632,1
16,10,-128,-10.73,81,3590,15,1,1,0,7,200,200.8,24,1406,dense,10000A0080D5516D0F1107C80018007E0568,0.01,0
15,5,-128,-9.11,84,3675,44,1,1,0,12,849,851.8,24,3056,dense,0F00050080DC54752C110C51031800F00B92,0.01,0
8,13,-102,15.0,73,3726,55,1,1,0,31,474,482.5,20,3981,medium,08000D009A3C497A37111FDA0114008D0FFA,0.1804,0
11,9,-122,-4.98,96,3727,59,1,1,0,42,879,890.4,28,5062,medium,0B00090086EC607A3B112A6F031C00C613D7,0.0935,1
5,1,-108,3.68,47,3956,87,1,0,0,2,184,452.8,15,6976,medium,05000100940F2F91570102B8000F00401B88,0.636,1
11,9,-128,-9.3,78,3735,53,2,0,0,5,4749,2153.1,250,5296,dense,0B00090080DB4E7B3502058D12FA00B014A3,0.01,0
6,1,-118,-2.49,91,3814,75,2,0,0,34,3999,1807.4,10,1303,medium,060001008AF65B834B02229F0F0A001705C7,0.1238,0
3,10,-95,15.0,37,3215,6,2,0,0,12,6246,3161.4,261,5295,light,03000A00A13C254706020C66180501AF14E1,0.3094,0
16,3,-128,-10.74,88,3650,29,2,1,0,4,3497,3485.9,15,7107,medium,1000030080D558731D1204A90D0F00C31B68,0.01,0
11,16,-105,12.28,37,3712,51,3,1,0,2,592,589.7,55,2218,medium,0B0010009731257933130250023700AA08CE,0.6166,0
10,3,-99,14.94,74,3719,57,1,1,0,33,842,847.2,3,1873,medium,0A0003009D3C4A793911214A0303005107D7,0.1664,1
6,8,-128,-7.95,68,3767,61,1,1,0,0,230,241.0,26,697,dense,0600080080E0447E3D1100E6001A00B9025F,0.01,0
2,16,-77,15.0,5,3747,59,2,0,0,2,111,110.6,13,7101,medium,02001000B33C057C3B02026F000D00BD1B9A,0.814,1
1,16,-71,15.0,9,3710,51,3,1,0,5,228,254.7,170,1345,light,01001000B93C0979331305E400AA00410551,0.675,1
8,15,-128,-10.65,86,3872,82,2,0,1,7,1938,1757.7,26,4880,dense,08000F0080D5568952220792071A0010139D,0.01,0
14,13,-128,-10.62,100,4006,90,1,1,0,27,2718,2713.7,19,5216,medium,0E000D0080D664965A111B9E0A1300601438,0.01,0
15,7,-127,-9.24,89,3629,23,2,1,0,11,186,201.3,2998,5857,dense,0F00070081DB597017120BBA00B60BE116BA,0.01,0
8,2,-108,8.53,53,3676,44,1,0,0,5,1023,1269.7,9,1898,medium,08000200942235752C0105FF0309006A07F8,0.5439,1
1,6,-85,15.0,13,3827,81,1,1,0,5,891,898.4,16,2037,light,01000600AB3C0D845111057B031000F507C0,0.7353,0
4,16,-93,15.0,39,3792,67,1,1,0,10,1225,1222.1,6,6928,light,04001000A33C278143110AC9040600101B85,0.5128,1
16,15,-104,9.83,33,3744,63,3,1,0,3,497,509.7,2,1033,medium,10000F009827217C3F1303F1010200090435,0.6138,1
4,15,-94,15.0,35,3782,71,2,1,0,12,241,234.4,9,5310,medium,04000F00A23C238047120CF1000900BE149B,0.4672,0
11,7,-80,15.0,45,3780,71,1,1,0,35,337,335.9,49,622,light,0B000700B03C2D80471123510131006E0281,0.2037,0
12,16,-75,15.0,5,3686,43,2,0,0,12,190,94.1,20,4078,medium,0C001000B53C05762B020CBE001400EE0F36,0.5736,1
16,2,-128,-11.71,82,3770,62,2,1,0,4,2148,2151.2,251,1103,medium,1000020080D1527F3E12046408FB004F04F9,0.01,0
12,16,-128,-11.6,65,3601,18,3,1,0,1,3495,3514.6,10,4611,medium,0C00100080D2416E121301A70D0A000312DC,0.01,0
12,11,-91,15.0,18,3732,58,1,1,0,6,245,253.6,289,4861,medium,0C000B00A53C127B3A1106F5002101FD1237,0.6869,1
10,14,-128,-11.07,77,3952,87,2,1,0,8,4115,4113.7,18,318,medium,0A000E0080D44D91571208131012003E01CE,0.01,0
13,11,-128,-13.4,85,3727,60,4,1,0,8,1253,1252.6,2023,379,dense,0D000B0080CA557A3C1408E504E7077B017A,0.01,0
13,6,-128,-8.58,71,3728,62,2,1,0,0,3995,3995.7,280,5936,dense,0D00060080DE477A3E12009B0F1801301772,0.01,0
10,8,-64,15.0,0,3687,33,1,1,0,11,162,150.9,25,6301,light,0A000800C03C007621110BA20019009D1842,0.6464,1
12,2,-102,10.51,35,3683,38,1,1,0,4,823,823.8,9,4224,medium,0C0002009A2A23762611043703090080104C,0.6525,1
3,15,-128,-10.84,75,3735,58,1,1,0,5,296,308.1,26,2492,dense,03000F0080D54B7B3A110528011A00BC0986,0.01,0
2,16,-113,2.64,100,3751,61,2,0,0,48,363,543.5,250,1757,medium,020010008F0B647D3D02306B01FA00DD06A7,0.0888,0
16,8,-101,15.0,33,3624,32,2,0,0,9,5261,2269.7,27,4490,light,100008009B3C21702002098D141B008A1137,0.5268,1
4,3,-76,15.0,6,4141,97,1,1,0,10,591,584.7,2717,4160,light,04000300B43C06A461110A4F029D0A401074,0.6454,0
7,11,-128,-12.28,69,3810,78,2,1,0,1,3115,3132.7,134,2315,medium,07000B0080CF45834E12012B0C86000B095F,0.01,0
2,1,-72,15.0,1,3596,23,1,1,0,0,370,366.2,23,4659,light,02000100B83C016D171100720117003312C1,0.9443,1
11,5,-103,12.05,82,3817,77,1,1,0,39,498,500.7,110,5181,medium,0B000500993052834D1127F2016E003D14EC,0.1232,1
5,4,-80,15.0,2,3751,56,1,1,0,1,475,478.0,3,361,light,05000400B03C027D381101DB010300690189,0.9063,1
6,14,-128,-13.93,90,3066,3,1,0,0,49,1330,1682.1,28,4001,dense,06000E0080C85A3803013132051C00A10FC4,0.01,0
9,8,-79,15.0,3,4026,90,1,1,0,7,689,687.7,11,126,light,09000800B13C03985A1107B1020B007E0051,0.7302,0
9,13,-103,15.0,39,3775,72,2,1,0,7,491,506.4,3,608,medium,09000D00993C277F481207EB010300600231,0.5396,0
2,13,-112,5.64,59,4028,91,4,0,0,9,979,760.6,22,205,medium,02000D0090173B985B0409D3031600CD00E3,0.3772,0
3,15,-128,-11.65,80,3604,21,2,1,0,2,833,841.3,28,1176,dense,03000F0080D1506E15120241031C00980446,0.01,0
14,9,-128,-10.71,97,3716,53,1,1,0,20,248,277.9,3,7032,dense,0E00090080D56179351114F8000300781B4D,0.01,0
4,6,-128,-9.79,72,3943,86,1,1,0,1,2184,2171.1,19,320,dense,0400060080D948905611018808130040019C,0.01,0
9,14,-128,-9.58,85,3752,59,2,1,0,8,385,388.8,1,6617,dense,09000E0080DA557D3B120881010100D91983,0.01,0
9,6,-128,-11.81,88,3654,30,5,1,0,12,654,638.1,24,7032,dense,0900060080D158731E150C8E021800781BFB,0.01,0
9,11,-115,2.74,57,3800,75,2,1,0,9,1543,1534.8,3363,5042,medium,09000B008D0B39824B12090706230DB213AF,0.4322,1
13,5,-128,-11.19,73,3152,4,3,0,0,3,324,645.6,23,3253,dense,0D00050080D3494104030344011700B50CA8,0.01,0
2,3,-95,15.0,54,3763,69,1,1,0,35,181,189.8,2,2306,medium,02000300A13C367E451123B500020002099B,0.1887,0
13,8,-128,-11.41,86,3913,83,2,1,0,4,1384,1380.6,17,5326,dense,0D00080080D2568D53120468051100CE14C9,0.01,0
1,2,-123,-5.86,76,3999,88,1,0,0,12,4219,1911.9,21,2544,medium,0100020085E94C9558010C7B101500F00998,0.2916,0
2,9,-82,15.0,7,3796,74,2,0,0,0,227,386.4,998,2200,light,02000900AE3C07814A0200E300E6039808A7,0.8622,1
12,6,-127,-9.24,88,3629,26,2,1,0,10,1690,1692.7,1833,1879,medium,0C00060081DB58701A120A9A0629075707CE,0.01,0
1,15,-99,15.0,60,3636,18,4,1,0,26,1966,1974.1,209,5883,light,01000F009D3C3C7112141AAE07D100FB167C,0.2061,0
16,11,-99,15.0,28,3764,64,2,1,0,6,2594,2601.0,5,5925,light,10000B009D3C1C7E401206220A05002517B1,0.607,0
12,15,-128,-11.32,81,3765,65,2,0,0,10,1933,1346.1,18,5750,dense,0C000F0080D3517E41020A8D07120076165B,0.01,0
8,5,-128,-10.33,62,3784,76,2,1,0,0,587,595.8,12,3918,dense,0800050080D73E804C12004B020C004E0F11,0.01,0
15,10,-128,-12.57,88,3595,23,1,1,0,9,1124,1126.0,7,2481,dense,0F000A0080CE586D17110964040700B10991,0.01,0
15,1,-80,15.0,44,3891,84,1,1,0,29,128,115.2,8,5703,medium,0F000100B03C2C8B54111D80000800471685,0.2534,1
13,7,-124,-3.67,63,3643,29,2,1,0,0,1512,1504.7,1896,63,medium,0D00070084F13F721D1200E80568073F001A,0.4965,1
4,12,-100,15.0,40,3781,74,1,1,0,7,3599,3608.8,160,5139,light,04000C009C3C28804A11070F0EA000131448,0.5651,1
3,15,-81,15.0,0,3814,78,2,1,0,4,343,366.5,13,5812,light,03000F00AF3C00834E120457010D00B41672,0.7824,0
16,3,-128,-10.87,100,3210,6,1,0,0,44,767,247.2,1787,5941,dense,1000030080D5644706012CFF02FB06351724,0.01,0
5,2,-128,-7.44,81,3642,23,1,1,0,8,3543,3542.2,13,522,medium,0500020080E25172171108D70D0D000A028A,0.01,0
8,15,-67,15.0,4,3608,22,2,1,0,6,179,188.5,64,3564,light,08000F00BD3C046E161206B3004000EC0D53,0.712,0
5,4,-115,3.17,48,3955,88,2,0,0,2,2869,2466.0,107,6599,medium,050004008D0D3091580202350B6B00C7198B,0.5975,1
13,16,-71,15.0,0,3708,49,2,0,0,2,97,114.8,11,2112,medium,0D001000B93C007831020261000B004008ED,0.8392,1
9,14,-128,-8.38,86,3785,74,2,1,0,8,3252,3251.2,29,1828,dense,09000E0080DE56804A1208B40C1D00240733,0.01,0
1,11,-71,15.0,1,3808,76,3,1,0,5,332,336.5,22,3188,light,01000B00B93C01824C13054C011600740C1F,0.7093,1
16,9,-65,15.0,1,3644,31,1,1,0,11,115,102.2,13,3383,medium,10000900BF3C01721F110B73000D00370D5B,0.6425,0
13,7,-69,15.0,6,3664,36,1,1,0,2,478,473.3,281,5915,light,0D000700BB3C0674241102DE0119011B174D,0.8539,0
7,11,-128,-12.68,68,3792,69,1,0,0,10,5187,2549.1,9,607,dense,07000B0080CD448145010A431409005F024D,0.01,0
13,16,-87,15.0,24,3785,61,1,0,0,7,864,753.3,4,4556,light,0D001000A93C18803D010760030400CC114A,0.6365,0
7,4,-79,15.0,10,3328,8,1,1,0,8,825,824.3,19,5227,light,07000400B13C0A52081108390313006B1420,0.5683,1
8,16,-95,15.0,19,3697,50,2,1,0,3,2280,2284.4,256,2897,light,08001000A13C1377321203E8080001510BC2,0.7179,1
12,3,-111,6.47,48,3478,11,3,1,0,2,1432,1438.7,9,1317,medium,0C000300911A30610B13029805090025057D,0.5643,0
7,12,-101,15.0,56,3933,87,1,1,0,16,2414,2410.2,12,5071,light,07000C009B3C388F5711106E090C00CF1309,0.3603,0
9,13,-119,-5.08,65,3687,43,1,1,0,7,1317,1311.0,8,5364,medium,09000D0089EC41762B110725050800F414ED,0.424,1
7,12,-88,15.0,10,3775,67,5,1,0,3,621,633.5,14,4970,light,07000C00A83C0A7F4315036D020E006A1346,0.6347,1
13,4,-119,-3.24,71,3856,82,3,1,0,10,190,169.9,8,2286,dense,0D00040089F3478752130ABE000800EE085D,0.3407,1
1,8,-100,15.0,52,3734,55,2,1,0,12,503,498.5,18,5378,medium,010008009C3C347B37120CF701120002159C,0.4068,0
5,11,-128,-9.93,100,3590,18,1,1,0,37,1569,1566.2,27,6608,dense,05000B0080D8646D12112521061B00D01954,0.01,0
14,2,-128,-9.54,88,3708,48,2,1,0,11,319,325.3,99,4532,dense,0E00020080DA587830120B3F016300B41115,0.01,0
7,9,-88,15.0,22,3728,52,2,1,0,11,241,234.9,120,5545,medium,07000900A83C167A34120BF1007800A91527,0.5316,1
4,2,-124,-6.99,72,3635,30,2,1,0,2,1644,1641.7,23,680,medium,0400020084E448711E12026C061700A8026E,0.2504,0
1,5,-128,-9.86,80,4093,95,3,0,0,11,1050,769.5,16,6552,dense,0100050080D9509F5F030B1A041000981907,0.01,0
5,3,-102,15.0,43,3926,86,4,1,0,10,111,133.3,20,6504,dense,050003009A3C2B8E56140A6F0014006819E8,0.4183,1
11,8,-117,1.86,66,3760,59,1,0,0,9,1031,1195.9,8,2719,medium,0B0008008B07427E3B0109070408009F0A81,0.4187,0
15,14,-103,10.88,43,3732,58,1,0,0,5,133,117.3,268,898,dense,0F000E00992C2B7B3A010585000C018203BF,0.5917,0
6,3,-92,15.0,82,3796,78,3,1,0,47,1150,1174.0,252,1069,light,06000300A43C52814E132F7E04FC002D045F,0.1065,0
8,1,-128,-12.31,80,3703,51,2,0,0,11,1200,1096.5,276,6932,dense,0800010080CF507833020BB0041401141BCC,0.01,0
11,13,-82,15.0,23,4054,93,1,1,0,11,856,848.5,17,6016,light,0B000D00AE3C179B5D110B58031100801739,0.5572,0
13,9,-121,-7.43,75,4013,89,4,1,0,11,1436,1439.4,23,1948,medium,0D00090087E24B9759140B9C0517009C07B4,0.1555,0
10,14,-94,15.0,18,3891,84,3,0,0,1,224,285.9,2,6790,medium,0A000E00A23C128B540301E0000200861AA6,0.7321,1
13,11,-126,-13.1,79,3766,68,2,1,0,9,2966,2967.1,46,2048,medium,0D000B0082CC4F7E441209960B2E00000864,0.01,0
7,16,-97,15.0,68,3946,86,2,1,0,42,271,264.5,28,1831,medium,070010009F3C449056122A0F011C00270724,0.1314,0
14,11,-125,-9.24,69,3781,78,5,1,0,4,2676,2671.4,533,5347,medium,0E000B0083DB45804E1504740A1502E31478,0.0307,0
15,8,-109,8.06,56,3889,83,1,1,0,10,3681,3694.6,16,4788,light,0F0008009320388A53110A610E1000B412E9,0.4445,1
11,5,-125,-9.04,70,3844,81,1,1,0,5,313,292.7,2,1137,dense,0B00050083DC468651110539010200710454,0.0485,0
13,6,-92,15.0,73,3650,42,1,1,0,43,178,182.9,20,1053,medium,0D000600A43C49732A112BB20014001D04A3,0.1317,0
3,6,-87,15.0,13,3846,81,2,1,0,5,116,128.8,2,935,medium,03000600A93C0D8651120574000200A70351,0.6966,1
14,5,-128,-13.18,83,3759,67,2,1,0,12,1494,1484.7,18,5205,dense,0E00050080CB537D43120CD60512005514BC,0.01,0
1,15,-83,15.0,7,3770,59,1,1,0,8,702,705.6,21,2325,light,01000F00AD3C077F3B1108BE0215001509CD,0.6878,0
8,12,-69,15.0,1,4043,91,1,0,0,2,132,124.8,7,4088,medium,08000C00BB3C019A5B010284000700F80FFD,0.8805,1
10,16,-97,15.0,34,3683,33,5,1,0,9,2659,2656.8,22,1462,light,0A0010009F3C2276211509630A1600B605B9,0.4357,0
13,10,-76,15.0,9,3763,61,4,1,0,9,94,88.8,22,3643,medium,0D000A00B43C097E3D14095E0016003B0ECC,0.5523,1
1,8,-128,-12.44,100,3469,12,4,0,0,19,259,304.6,22,1702,dense,0100080080CE64600C041303011600A6068C,0.01,0
10,11,-124,-7.76,55,3749,62,1,1,0,1,1175,1172.0,7,1899,medium,0A000B0084E1377C3E1101970407006B07C5,0.2571,0
3,13,-121,-4.59,94,3905,84,1,1,0,36,1736,1736.9,16,3428,medium,03000D0087EE5E8C541124C8061000640D06,0.1129,1
5,16,-90,15.0,20,3993,88,1,1,0,5,981,972.2,196,4391,light,05001000A63C1495581105D503C400271103,0.7018,0
5,1,-65,15.0,5,3818,78,2,0,0,1,208,203.6,6,2389,light,05000100BF3C05834E0201D0000600550903,0.843,1
12,9,-74,15.0,10,3814,77,1,0,0,11,192,211.7,21,5696,light,0C000900B63C0A834D010BC0001500401626,0.6076,0
11,3,-67,15.0,0,3927,86,2,1,0,8,199,186.2,15,2238,light,0B000300BD3C008E561208C7000F00BE0882,0.6802,1
15,13,-128,-9.65,67,3554,16,2,1,0,2,3911,3896.1,5,4909,dense,0F000D0080D94369101202470F05002D131C,0.01,0
5,16,-99,15.0,29,3994,89,1,1,0,0,306,287.6,28,3480,medium,050010009D3C1D9559110032011C00980DAE,0.7847,1
13,9,-128,-12.03,72,3592,15,2,0,0,7,2419,1549.1,19,3824,dense,0D00090080D0486D0F020773091300F00EF7,0.01,0
4,16,-91,15.0,32,3668,38,1,1,0,10,78,86.0,3,4730,dense,04001000A53C207426110A4E0003007A122A,0.5409,0
9,10,-86,15.0,20,3745,60,1,1,0,11,136,150.5,16,3933,medium,09000A00AA3C147C3C110B880010005D0F6F,0.5689,1
2,9,-102,15.0,41,3666,33,2,1,0,7,3783,3786.1,108,3382,light,020009009A3C2974211207C70E6C00360DEE,0.5311,1
3,2,-109,3.49,60,3741,57,2,1,0,7,120,140.9,12,3054,dense,03000200930E3C7C39120778000C00EE0B04,0.4508,1
10,11,-109,9.32,49,3765,65,2,1,0,1,535,531.5,119,3860,medium,0A000B009325317E41120117027700140F13,0.6135,0
16,5,-92,15.0,20,4063,93,1,1,0,9,301,289.9,20,6815,medium,10000500A43C149C5D11092D0114009F1A7F,0.6101,1
13,11,-107,9.43,48,3911,85,1,1,0,6,781,776.3,12,6504,medium,0D000B009526308D5511060D030C00681956,0.5483,0
3,16,-99,15.0,31,3981,90,2,0,0,7,3622,3505.1,26,6422,light,030010009D3C1F945A0207260E1A00161934,0.5734,1
4,13,-69,15.0,0,4056,92,1,0,0,1,195,97.1,15,6558,medium,04000D00BB3C009B5C0101C3000F009E1989,0.9173,1
13,9,-113,4.75,70,3721,56,1,1,0,12,657,657.5,118,5525,medium,0D0009008F13467A38110C910276009515DD,0.362,1
11,1,-106,7.39,41,3761,63,1,0,0,2,669,418.6,86,746,medium,0B000100961E297E3F01029D025600EA02B3,0.6679,1
12,14,-66,15.0,2,3788,73,1,1,0,8,231,233.8,24,1364,light,0C000E00BE3C0280491108E700180054050A,0.7094,1
14,2,-75,15.0,1,3823,75,2,0,0,11,101,182.7,18,1284,light,0E000200B53C01844B020B65001200040546,0.6087,0
9,3,-128,-8.59,72,4131,96,1,1,0,4,1139,1128.2,2284,4494,dense,0900030080DE48A36011047304EC088E114D,0.01,0
5,2,-128,-8.56,71,3934,85,2,1,0,7,1265,1259.6,1,3737,dense,0500020080DE478F551207F1040100990E8D,0.01,0
9,12,-128,-11.57,83,3658,27,1,1,0,5,2478,2467.7,169,5096,dense,09000C0080D253731B1105AE09A900E8132B,0.01,0
15,14,-122,-6.15,64,3830,78,2,1,0,8,2079,2071.2,16,4205,medium,0F000E0086E740854E12081F0810006D100F,0.3416,0
10,2,-67,15.0,0,4114,96,1,0,0,11,85,156.1,14,4937,light,0A000200BD3C00A160010B55000E004913B9,0.6464,0
11,12,-128,-11.11,71,3755,66,3,1,0,0,2064,2047.5,27,2418,dense,0B000C0080D4477D42130010081B007209E3,0.01,0
12,7,-128,-12.62,96,3778,73,3,1,0,23,370,366.3,8,3436,dense,0C00070080CE607F491317720108006C0D7F,0.01,0
1,15,-77,15.0,0,3729,60,1,1,0,4,762,775.3,2103,1448,light,01000F00B33C007A3C1104FA023708A805F9,0.8259,0
16,2,-83,15.0,15,3620,29,3,0,0,3,77,120.6,26,1722,medium,10000200AD3C0F701D03034D001A00BA0674,0.6964,1
6,10,-113,1.24,60,4123,95,1,1,0,4,2803,2812.1,28,3090,medium,06000A008F053CA25F1104F30A1C00120CB1,0.5285,1
10,2,-72,15.0,0,3814,79,2,0,0,1,164,190.7,30,3550,light,0A000200B83C00834F0201A4001E00DE0DE3,0.869,0
11,15,-128,-11.48,79,3966,87,2,1,0,8,3469,3469.8,177,2694,medium,0B000F0080D24F925712088D0DB100860A24,0.01,0
8,15,-128,-10.3,84,4062,94,2,0,0,12,310,496.0,7,3548,dense,08000F0080D7549C5E020C36010700DC0D6E,0.01,0
10,3,-128,-9.65,85,3814,79,1,1,0,11,3517,3522.5,11,3795,dense,0A00030080D955834F110BBD0D0B00D30E6E,0.01,0
8,3,-128,-12.53,63,3822,80,3,0,0,1,725,326.1,1,1869,dense,0800030080CE3F84500301D50201004D0700,0.01,0
12,15,-128,-10.97,75,3924,86,2,1,0,6,2586,2576.7,97,3715,dense,0C000F0080D44B8E5612061A0A6100830E8C,0.01,0
2,1,-86,15.0,40,3957,86,2,0,0,23,805,621.1,8,6688,light,02000100AA3C289156021725030800201ABD,0.3058,0
1,6,-128,-10.49,81,3517,13,1,0,0,4,945,1170.7,145,3758,dense,0100060080D651650D0104B1039100AE0EED,0.01,0
4,8,-111,10.57,75,3732,58,3,0,0,12,1013,515.8,13,6897,medium,04000800912A4B7B3A030CF5030D00F11AEA,0.3072,0
13,10,-128,-11.14,70,3673,42,3,1,0,6,559,554.0,137,5113,dense,0D000A0080D346752A13062F028900F9135D,0.01,0
6,5,-120,-5.43,98,4108,96,1,0,0,42,1667,1505.5,8,4861,medium,0600050088EA62A060012A83060800FD1210,0.0875,0
6,8,-85,15.0,41,3399,10,1,0,0,23,129,106.7,2,242,medium,06000800AB3C29590A011781000200F2009C,0.3038,1
16,2,-128,-10.83,84,3778,66,1,0,0,5,3515,3948.0,18,143,medium,1000020080D5547F420105BB0D12008F00EF,0.01,0
7,4,-128,-11.0,70,3659,32,1,1,0,7,482,496.9,591,3125,dense,0700040080D44673201107E2014F02350CA6,0.01,0
12,8,-99,15.0,39,3784,70,2,1,0,9,351,368.2,12,5317,medium,0C0008009D3C27804612095F010C00C514E9,0.5031,0
5,11,-89,15.0,24,3680,37,3,0,0,4,857,1119.4,18,1319,light,05000B00A73C18762503045903120027059D,0.6325,1
12,3,-98,15.0,33,3943,85,2,0,0,2,4633,3268.0,3,7162,light,0C0003009E3C219055020219120300FA1B8D,0.673,1
6,2,-128,-9.55,100,3947,86,1,1,0,28,1164,1172.0,26,6272,dense,0600020080DA649056111C8C041A00801875,0.01,0
7,1,-128,-10.39,82,3728,53,1,0,0,10,179,210.0,6,2335,dense,0700010080D6527A35010AB30006001F09CE,0.01,0
6,11,-124,-10.38,94,3672,41,3,1,0,31,246,228.7,76,2968,dense,06000B0084D65E7529131FF6004C00980B72,0.01,0
12,8,-121,-7.28,57,3030,2,4,1,1,4,890,905.7,26,3336,medium,0C00080087E339350234047A031A00080DFB,0.0513,0
3,14,-127,-10.24,86,3951,87,1,1,0,11,285,308.9,3,5621,dense,03000E0081D7569157110B1D010300F51530,0.01,0
15,7,-69,15.0,0,3771,68,1,1,0,2,197,211.3,75,4121,light,0F000700BB3C007F441102C5004B001910B9,0.8858,1
3,6,-87,15.0,67,3424,11,4,1,0,49,173,169.8,23,3381,medium,03000600A93C435C0B1431AD001700350D94,0.118,0
7,2,-100,15.0,63,3849,81,2,1,0,28,2176,2186.5,13,1246,light,070002009C3C3F8651121C80080D00DE0464,0.2101,0
13,8,-128,-12.8,77,4091,94,5,1,0,1,3036,3026.7,21,4618,medium,0D00080080CD4D9F5E1501DC0B15000A12D8,0.01,0
16,5,-128,-12.64,87,3184,5,1,0,0,12,1644,1213.1,8,3018,dense,1000050080CD574405010C6C060800CA0B52,0.01,0
3,6,-124,-8.29,83,3744,57,2,1,0,12,2078,2094.4,12,6767,medium,0300060084DF537C39120C1E080C006F1ADE,0.0746,0
4,8,-75,15.0,32,3913,83,2,1,0,18,321,315.6,427,6228,light,04000800B53C208D5312124101AB01541841,0.3873,0
7,1,-128,-11.27,90,3248,7,2,0,0,9,3089,1778.7,13,7060,dense,0700010080D35A4A070209110C0D00941B46,0.01,0
8,4,-84,15.0,14,3979,88,1,1,0,12,460,454.3,16,4587,light,08000400AC3C0E9358110CCC011000EB11A6,0.5718,1
7,5,-86,15.0,15,3807,70,2,0,0,4,1709,697.2,18,7175,light,07000500AA3C0F82460204AD061200071C9D,0.712,1
11,10,-122,-4.26,68,3761,61,3,0,0,8,154,148.1,2555,6089,dense,0B000A0086EF447E3D03089A00FB09C91735,0.3698,1
4,5,-98,14.52,29,3819,73,1,1,0,4,3630,3646.0,6,4599,light,040005009E3A1D834911042E0E0600F71115,0.6822,1
16,4,-105,11.71,70,3737,61,1,1,0,31,418,439.1,14,2554,medium,10000400972F467B3D111FA2010E00FA0974,0.1862,0
9,10,-120,-3.38,56,3793,59,1,1,0,2,1538,1539.1,8,1386,medium,09000A0088F238813B1102020608006A05FA,0.5819,1
2,3,-101,15.0,50,3093,3,2,1,0,12,391,381.9,15,2557,medium,020003009B3C323B03120C87010F00FD09A6,0.0828,0
3,2,-128,-8.69,73,3638,32,1,1,0,6,2340,2338.2,116,186,medium,0300020080DD497120110624097400BA00E9,0.01,0
9,7,-128,-6.7,82,3663,32,4,1,0,12,1836,1844.6,28,2191,dense,0900070080E5527420140C2C071C008F08C3,0.01,0
9,12,-83,15.0,3,3669,38,2,1,0,0,128,134.6,1,3393,medium,09000C00AD3C037426120080000100410D4A,0.8838,1
16,13,-87,15.0,16,4018,90,2,1,0,2,1258,1252.0,258,1706,light,10000D00A93C10975A1202EA040201AA06DA,0.7586,1
12,11,-93,15.0,49,4053,92,2,1,0,27,1833,1857.1,25,2959,light,0C000B00A33C319B5C121B290719008F0BB4,0.247,1
7,8,-128,-11.45,81,3971,88,4,1,0,8,2545,2553.6,170,3886,dense,0700080080D25193581408F109AA002E0F79,0.01,0
14,3,-128,-12.06,75,3701,42,1,0,0,4,1700,1298.5,20,6139,dense,0E00030080D04B782A0104A4061400FB17D2,0.01,0
10,3,-128,-10.38,73,3811,76,2,1,0,6,3467,3471.5,11,103,dense,0A00030080D649834C12068B0D0B006700F3,0.01,0
3,12,-98,15.0,32,3684,39,3,1,0,5,2684,2684.7,8,3357,light,03000C009E3C20762713057C0A08001D0D9B,0.5765,1
6,8,-92,15.0,17,3931,87,2,1,0,0,373,357.8,15,852,medium,06000800A43C118F57120075010F00540362,0.8082,1
10,12,-107,8.89,50,3992,88,1,0,0,12,712,562.1,19,5729,medium,0A000C009524329558010CC802130061164E,0.4369,1
8,6,-128,-7.99,72,4085,94,3,1,0,3,327,337.5,22,3325,dense,0800060080E0489E5E130347011600FD0CEF,0.01,0
4,12,-124,-10.15,90,3789,69,1,1,0,11,414,430.3,27,1069,dense,04000C0084D75A8045110B9E011B002D0491,0.0122,0
3,15,-122,-6.55,66,3753,56,3,1,0,4,149,167.9,32,994,dense,03000F0086E6427D38130495002000E203E1,0.3302,0
3,6,-128,-10.91,78,3929,84,4,1,0,8,2693,2695.7,265,1417,medium,0300060080D44E8E541408850A09018905D2,0.01,0
16,4,-128,-13.56,91,4134,96,3,1,0,11,1648,1647.3,16,6876,dense,1000040080CA5BA360130B70061000DC1A72,0.01,0
1,2,-101,15.0,26,3599,23,1,1,0,1,351,352.2,2556,6189,medium,010002009B3C1A6D1711015F01FC092D1825,0.7742,1
2,11,-100,14.03,30,3746,61,1,1,0,3,435,432.9,7,2523,medium,02000B009C381E7C3D1103B3010700DB0942,0.7014,0
5,2,-113,4.6,67,3483,12,2,1,0,16,3412,3401.6,26,502,light,050002008F1243620C1210540D1A00F6010D,0.3074,0
14,16,-128,-13.27,100,4121,97,1,1,0,17,1327,1325.9,29,2227,dense,0E00100080CB64A26111112F051D00B30844,0.01,0
14,8,-108,8.16,51,4135,97,1,0,0,0,348,402.2,177,6657,medium,0E000800942133A36101005C01B100011A12,0.6593,1
5,8,-102,11.6,40,3708,46,2,0,0,7,558,391.9,9,33,medium,050008009A2E28782E02072E02090021003A,0.5354,0
7,5,-80,15.0,5,3620,24,5,1,0,3,390,379.6,3017,2099,light,07000500B03C05701815038601C90B330842,0.655,0
12,8,-67,15.0,2,3967,89,5,0,0,12,106,163.0,25,2749,light,0C000800BD3C029259050C6A001900BD0A24,0.4869,0
5,12,-106,7.99,38,3782,71,1,1,0,3,685,679.9,43,2939,medium,05000C0096202680471103AD022B007B0BB7,0.6603,0
13,12,-128,-13.47,73,3795,63,2,1,0,4,3518,3505.2,18,6340,medium,0D000C0080CA49813F1204BE0D1200C418C0,0.01,0
15,3,-128,-8.34,84,3829,77,1,1,0,9,3817,3843.7,150,6759,dense,0F00030080DF54844D1109E90E9600671AEF,0.01,0
2,1,-120,-3.47,100,3635,25,4,1,0,43,870,857.2,128,1615,medium,0200010088F2647119142B660380004F0679,0.078,0
7,10,-102,15.0,43,3735,58,1,1,0,8,225,239.1,1,832,medium,07000A009A3C2B7B3A1108E10001004003A9,0.5328,0
12,14,-124,-9.85,83,3801,73,2,1,0,10,2859,2859.1,10,2482,medium,0C000E0084D9538249120A2B0B0A00B20935,0.0223,0
4,7,-88,15.0,20,3798,75,2,1,0,0,155,154.7,105,1628,medium,04000700A83C14814B12009B0069005C063F,0.792,0
14,9,-71,15.0,0,3742,53,2,0,0,10,116,94.6,2,4979,medium,0E000900B93C007C35020A74000200731304,0.6342,0
7,12,-99,15.0,36,3148,4,2,0,0,9,218,355.5,14,666,medium,07000C009D3C2440040209DA000E009A02E7,0.103,0
5,7,-98,15.0,44,3976,88,2,1,0,12,300,314.2,1215,4053,medium,050007009E3C2C9358120C2C01BF04D50F26,0.4352,1
10,15,-128,-12.47,73,3754,61,2,0,0,1,13891,3462.6,1,2547,medium,0A000F0080CE497D3D020143360100F30917,0.01,0
6,3,-102,14.36,35,3777,65,2,1,0,9,500,494.7,14,5043,medium,060003009A39237F411209F4010E00B3131A,0.5189,0
1,5,-99,15.0,37,3794,67,1,1,0,10,579,575.8,3,1784,medium,010005009D3C258143110A43020300F80683,0.5208,1
3,1,-123,-11.11,79,4131,97,1,1,0,10,1313,1324.1,6,6515,medium,0300010085D44FA361110A2105060073196C,0.01,0
6,3,-98,15.0,30,3816,75,2,1,0,1,2812,2824.3,13,1019,light,060003009E3C1E834B1201FC0A0D00FB03EA,0.7126,1
14,7,-116,3.54,56,3762,64,3,1,0,4,442,449.6,260,4682,medium,0E0007008C0E387E401304BA0104014A128A,0.4907,1
16,9,-116,0.76,76,3710,59,5,0,0,12,1111,566.4,22,797,medium,100009008C034C793B050C570416001D038B,0.268,0
12,11,-94,15.0,28,3709,45,3,1,0,6,1272,1275.1,184,6499,light,0C000B00A23C1C782D1306F804B8006319CB,0.5732,0
8,10,-112,4.84,56,3548,14,3,1,0,2,1789,1774.4,19,3582,medium,08000A00901338680E1302FD061300FE0DA7,0.5262,0
7,9,-128,-10.88,82,3804,74,2,1,0,8,963,952.0,171,2911,dense,0700090080D452824A1208C303AB005F0B54,0.01,0
11,10,-82,15.0,51,3651,29,1,1,0,39,461,462.2,1387,2447,light,0B000A00AE3C33731D1127CD016B058F09E6,0.1684,0
9,10,-110,4.78,48,3773,63,1,0,0,0,305,373.5,17,4477,medium,09000A009213307F3F0100310111007D1103,0.6764,1
10,7,-92,15.0,28,3221,6,3,1,0,6,308,302.6,266,4779,medium,0A000700A43C1C4806130634010A01AB1236,0.3907,0
3,8,-97,15.0,29,3753,56,3,1,0,10,2375,2375.2,210,5822,light,030008009F3C1D7D38130A4709D200BE1674,0.4948,0
3,12,-99,15.0,33,3559,15,1,1,0,3,650,659.7,12,5863,medium,03000C009D3C21690F11038A020C00E71682,0.686,1
8,10,-99,15.0,44,3712,56,2,1,0,7,177,171.9,734,260,medium,08000A009D3C2C79381207B100DE02040185,0.5185,0
12,15,-128,-14.12,80,3299,7,1,0,0,10,195,471.0,20,4743,dense,0C000F0080C8504F07010AC30014008712E6,0.01,0
12,1,-128,-9.18,79,3892,85,2,1,0,9,3465,3480.6,15,5413,medium,0C00010080DB4F8B551209890D0F002515AD,0.01,0
1,12,-128,-9.96,87,3784,64,1,0,0,8,253,250.2,26,5755,dense,01000C0080D85780400108FD001A007B1695,0.01,0
5,11,-128,-12.35,70,3154,5,2,1,0,2,418,411.4,28,6778,dense,05000B0080CF4641051202A2011C007A1A34,0.01,0
3,16,-128,-12.48,90,3788,70,1,1,0,8,2599,2605.0,13,1490,medium,0300100080CE5A80461108270A0D00D20523,0.01,0
5,13,-84,15.0,3,3300,8,5,1,0,1,657,636.9,16,4546,light,05000D00AC3C035008150191021000C21103,0.5689,0
3,10,-65,15.0,0,4052,93,2,1,0,10,176,166.1,20,2663,light,03000A00BF3C009B5D120AB0001400670A9D,0.6342,0
16,10,-81,15.0,9,3766,61,1,1,0,10,716,687.1,14,6937,light,10000A00AF3C097E3D110ACC020E00191BF7,0.6333,0
13,11,-128,-11.42,100,3736,57,1,1,0,25,423,433.9,56,53,dense,0D000B0080D2647B391119A70138003500BD,0.01,0
9,14,-110,6.33,52,3732,55,1,0,0,6,1040,1096.7,29,842,medium,09000E009219347B37010610041D004A03A8,0.5298,0
8,5,-84,15.0,24,3724,50,1,1,0,9,169,175.9,28,6785,medium,08000500AC3C187A321109A9001C00811AEC,0.5935,0
9,6,-83,15.0,18,3680,40,2,1,0,9,144,126.7,16,2251,medium,09000600AD3C127628120990001000CB0889,0.5859,1
1,6,-101,13.36,31,3902,84,4,1,0,3,424,403.6,21,3204,medium,010006009B351F8C541403A8011500840C00,0.5863,0
12,4,-123,-7.48,63,3779,67,1,1,0,6,1626,1625.9,10,122,medium,0C00040085E23F7F4311065A060A007A008C,0.2421,0
13,3,-123,-5.01,99,3734,60,1,1,0,49,1899,1864.7,1,1049,medium,0D00030085EC637B3C11316B070100190446,0.0893,0
14,8,-78,15.0,15,3758,62,2,1,0,10,339,347.9,63,4078,light,0E000800B23C0F7D3E120A53013F00EE0F8B,0.5771,1
5,7,-79,15.0,0,3612,23,3,1,0,0,491,511.8,11,3203,light,05000700B13C006F171300EB010B00830C13,0.85,1
4,7,-91,15.0,17,3700,55,1,1,0,3,2115,2101.9,75,4224,light,04000700A53C117837110343084B00801007,0.7681,0
1,7,-128,-11.65,100,3695,42,1,1,0,22,662,661.7,3,2119,dense,0100070080D164772A1116960203004708DB,0.01,0
4,14,-128,-10.01,72,3706,58,3,0,0,8,2490,3506.2,16,6561,dense,04000E0080D848783A0308BA091000A11972,0.01,0
15,16,-128,-14.01,84,3908,86,1,0,0,1,3261,2434.0,14,4036,medium,0F00100080C8548C560101BD0C0E00C40F70,0.01,0
3,10,-84,15.0,7,3479,12,1,0,0,2,1940,958.4,268,6188,light,03000A00AC3C07610C010294070C012C1850,0.8486,1
11,6,-123,-3.9,100,3734,52,1,0,0,28,2101,1104.9,2441,1182,medium,0B00060085F0647B34011C350889099E041E,0.14,0
16,14,-106,9.53,48,3613,24,2,1,0,1,764,764.0,15,1533,medium,10000E009626306F181201FC020F00FD05C0,0.6188,1
8,5,-79,15.0,17,3750,63,4,1,0,4,630,617.6,253,5809,light,08000500B13C117D3F14047602FD00B116A6,0.6245,1
16,5,-128,-11.19,100,3742,58,2,1,0,45,1296,1307.7,141,4555,medium,1000050080D3647C3A122D10058D00CB119E,0.01,0
12,14,-96,15.0,41,3680,42,1,0,1,11,1864,2017.2,3538,1806,light,0C000E00A03C29762A210B4807D20D0E076E,0.4874,0
1,14,-104,11.84,48,3648,23,3,1,0,4,381,376.5,1411,1754,medium,01000E00982F30721713047D018305DA06EA,0.5261,0
16,2,-127,-12.07,69,3784,65,1,0,1,9,4331,2351.6,6,760,medium,1000020081D04580412109EB100600F8023C,0.01,0
7,14,-82,15.0,16,3690,40,1,1,0,11,621,647.9,18,4352,light,07000E00AE3C107728110B6D02120000112F,0.5844,1
16,9,-128,-10.87,87,4026,91,1,1,0,9,1400,1407.8,20,1803,dense,1000090080D557985B1109780514000B07BD,0.01,0
10,11,-128,-8.25,81,3619,22,1,1,0,9,3208,3212.2,18,3695,dense,0A000B0080DF516F161109880C12006F0EC9,0.01,0
10,13,-123,-7.32,66,3751,64,1,1,0,7,1492,1500.1,28,152,medium,0A000D0085E3427D401107D4051C009800AE,0.2467,0
12,7,-100,15.0,38,4152,98,1,0,0,8,879,352.6,4,4418,medium,0C0007009C3C26A56201086F03040042111B,0.5543,0
7,15,-125,-8.55,70,3753,62,2,1,1,7,2337,2351.2,9,6972,medium,07000F0083DE467D3E3207210909003C1B03,0.071,0
12,11,-128,-9.24,82,3898,84,1,0,0,10,2373,743.1,2,1902,dense,0C000B0080DB528B54010A450902006E07B0,0.01,0
9,4,-128,-10.94,97,3868,81,5,1,0,48,2123,2110.5,28,2146,medium,0900040080D461885115304B081C006208AB,0.01,0
13,12,-120,-2.23,68,3550,14,1,0,0,11,1656,1473.5,26,4338,medium,0D000C0088F744690E010B78061A00F21003,0.3815,0
11,10,-117,-1.49,66,3827,79,2,1,0,4,1039,1022.5,20,1621,medium,0B000A008BFA42844F12040F04140055064B,0.4719,1
14,4,-128,-11.54,77,3789,62,1,1,0,7,1297,1307.0,138,3487,medium,0E00040080D24D803E110711058A009F0D3A,0.01,0
10,2,-128,-8.74,67,3276,7,3,0,0,0,487,744.7,21,4030,dense,0A00020080DD434D070300E7011500BE0F74,0.01,0
1,12,-128,-13.99,100,3699,50,1,1,0,29,3667,3658.0,2454,2526,dense,01000C0080C8647732111D530E9609DE09F0,0.01,0
14,5,-92,15.0,68,3602,17,2,0,0,48,1140,1891.2,227,6749,light,0E000500A43C446E1102307404E3005D1AFA,0.1314,0
1,6,-128,-8.84,86,3846,80,1,1,0,7,2970,3001.4,22,4693,dense,0100060080DD56865011079A0B16005512E7,0.01,0
13,8,-79,15.0,0,3721,60,3,1,0,7,461,467.8,10,2985,light,0D000800B13C007A3C1307CD010A00A90B39,0.6653,1
15,3,-128,-12.92,78,3814,76,2,1,0,5,1526,1525.7,22,6298,dense,0F00030080CC4E834C1205F60516009A184D,0.01,0
4,2,-90,15.0,24,4050,92,2,0,0,10,295,337.2,242,4807,medium,04000200A63C189B5C020A2701F200C7129D,0.5429,1
14,13,-128,-6.13,82,3917,85,2,1,0,8,790,807.6,1171,1598,dense,0E000D0080E7528D551208160393043E06CF,0.01,0
9,16,-97,15.0,35,3660,36,3,0,0,12,4372,2595.9,12,2747,light,090010009F3C237424030C14110C00BB0AB7,0.4412,0
13,7,-128,-8.46,85,4153,98,2,0,0,10,4559,1666.1,171,7079,dense,0D00070080DE55A562020ACF11AB00A71B92,0.01,0
5,6,-97,15.0,28,3758,62,2,1,0,4,443,450.0,24,1864,medium,050006009F3C1C7D3E1204BB011800480789,0.651,1
1,5,-111,4.15,69,3719,50,1,1,0,8,160,140.2,141,3051,dense,0100050091114579321108A0008D00EB0BC4,0.4207,0
6,13,-90,15.0,52,3777,68,2,0,0,32,2163,1361.2,1,458,light,06000D00A63C347F44022073080100CA013B,0.202,0
3,7,-128,-8.87,77,3698,47,2,1,0,5,1540,1530.6,26,1892,dense,0300070080DD4D772F120504061A00640794,0.01,0
14,4,-81,15.0,26,3744,67,1,0,0,12,74,151.0,13,1794,medium,0E000400AF3C1A7C43010C4A000D00020788,0.5268,0
16,4,-128,-10.27,82,3788,60,2,0,1,11,5792,4063.9,19,732,medium,1000040080D752803C220BA0161300DC02BE,0.01,0
14,1,-117,-2.19,72,3833,81,1,1,0,8,1129,1123.6,29,3849,medium,0E0001008BF7488551110869041D00090F5D,0.4066,1
8,15,-128,-11.88,72,3618,25,1,1,0,5,3154,3125.2,16,6628,medium,08000F0080D0486F191105520C1000E4192A,0.01,0
6,8,-128,-8.57,89,3285,8,2,1,0,12,718,738.0,74,5736,dense,0600080080DE594E08120CCE024A006816C0,0.01,0
6,11,-128,-6.8,100,3765,59,1,1,0,27,974,987.1,9,4272,dense,06000B0080E5647E3B111BCE030900B01042,0.01,0
4,13,-67,15.0,5,3837,77,4,0,0,5,423,366.2,17,6218,light,04000D00BD3C05854D0405A70111004A1820,0.6514,0
13,15,-107,10.0,99,3325,8,1,1,0,44,4096,4083.1,25,2207,light,0D000F009528635208112C001019009F08EF,0.0797,0
1,5,-128,-12.02,70,3769,64,4,1,0,4,317,336.3,1,3930,dense,0100050080D0467E4014043D0101005A0FCE,0.01,0
1,5,-99,15.0,47,3811,77,3,0,0,12,422,392.7,8,4258,medium,010005009D3C2F834D030CA6010800A21074,0.401,0
9,5,-128,-12.37,78,3892,84,4,1,0,9,3767,3751.1,7,5135,dense,0900050080CF4E8B541409B70E07000F14D4,0.01,0
11,3,-117,2.62,62,3544,13,1,1,0,10,976,971.2,5,179,medium,0B0003008B0A3E680D110AD0030500B30028,0.4204,0
6,16,-128,-11.24,83,3763,66,1,1,0,7,2513,2510.6,19,6600,dense,0600100080D3537E421107D1091300C819E3,0.01,0
6,12,-128,-10.9,71,3147,4,5,1,0,3,1268,1250.1,30,1053,dense,06000C0080D44740041503F4041E001D045D,0.01,0
5,13,-128,-8.33,78,4122,96,1,1,0,4,313,286.9,4,463,dense,05000D0080DF4EA260110439010400CF014B,0.01,0
10,13,-128,-9.92,79,3982,89,2,1,0,3,1709,1707.2,107,2704,dense,0A000D0080D84F94591203AD066B00900ACC,0.01,0
4,7,-126,-8.97,71,4079,93,1,1,0,2,2380,2395.1,9,811,medium,0400070082DC479D5D11024C0909002B03EC,0.0379,0
12,6,-110,2.89,89,4000,90,2,1,0,36,712,716.5,8,3472,medium,0C000600920C59965A1224C8020800900D6D,0.119,0
11,15,-122,-5.63,99,3760,59,3,1,0,33,1265,1279.5,89,6043,medium,0B000F0086E9637E3B1321F10459009B17AC,0.0964,0
9,5,-102,14.34,46,3652,30,1,0,0,9,233,268.5,12,6342,medium,090005009A392E731E0109E9000C00C61876,0.5019,1
11,9,-127,-10.26,91,3919,87,2,1,0,12,315,303.8,15,4044,dense,0B00090081D75B8D57120C3B010F00CC0FA4,0.01,0
6,7,-89,15.0,24,3688,37,1,0,1,9,194,187.9,8,320,medium,06000700A73C1876252109C2000800400177,0.5935,1
10,15,-108,6.37,46,3805,79,1,1,0,6,952,940.5,9,1622,medium,0A000F0094192E824F1106B803090056064F,0.5575,1
14,11,-100,14.86,59,3678,39,1,0,1,25,1298,2122.1,14,6486,light,0E000B009C3B3B7527211912050E005619D1,0.2558,0
5,16,-94,15.0,29,3641,35,1,0,0,4,3082,2648.5,4,5223,light,05001000A23C1D722301040A0C0400671432,0.6822,1
10,6,-79,15.0,3,3647,31,4,0,0,5,853,621.4,26,4578,light,0A000600B13C03721F040555031A00E2111A,0.6595,0
7,6,-128,-10.25,80,4159,98,3,1,0,0,3045,3045.2,26,6587,dense,0700060080D750A5621300E50B1A00BB1906,0.01,0
14,13,-99,15.0,28,3060,3,4,1,0,8,667,671.0,78,3747,medium,0E000D009D3C1C380314089B024E00A30EFE,0.1006,0
13,16,-127,-7.67,70,3784,65,1,1,0,0,468,454.7,29,5298,dense,0D00100081E14680411100D4011D00B214EF,0.05,0
2,7,-99,14.05,33,3606,20,1,1,0,2,89,94.3,13,5806,dense,020007009D38216E14110259000D00AE16D0,0.7104,1
8,13,-99,15.0,66,3688,39,1,1,0,30,395,379.2,21,5369,medium,08000D009D3C427627111E8B011500F91412,0.2008,1
7,10,-128,-11.31,74,3758,59,3,1,0,6,1257,1256.9,24,69,dense,07000A0080D34A7D3B1306E90418004500AD,0.01,0
3,4,-115,0.83,54,3787,68,1,1,0,6,951,945.5,28,4582,medium,030004008D033680441106B7031C00E6119C,0.5205,0
6,14,-128,-12.06,79,3783,74,3,1,0,1,900,913.6,273,2481,dense,06000E0080D04F804A130184031101B109EC,0.01,0
10,7,-99,15.0,36,3728,53,1,1,0,12,524,528.7,23,2684,medium,0A0007009D3C247A35110C0C0217007C0A49,0.4894,1
10,12,-75,15.0,10,3142,4,1,1,0,12,95,97.4,223,4831,medium,0A000C00B53C0A4004110C5F00DF00DF12C8,0.1173,0
3,16,-128,-10.26,87,3622,23,3,1,0,23,779,786.6,18,434,dense,0300100080D757701713170B031200B201AE,0.01,0
16,12,-118,-2.35,61,3905,85,1,0,0,7,1024,1058.7,23,2008,medium,10000C008AF73D8C55010700041700D80725,0.4698,1
11,6,-67,15.0,5,3774,69,3,0,0,10,134,118.1,30,3161,medium,0B000600BD3C057F45030A86001E00590C14,0.581,1
12,6,-122,-11.06,77,3882,83,2,1,0,10,876,884.2,1180,1841,medium,0C00060086D44D8A53120A6C039C04310749,0.01,0
14,2,-120,-3.02,100,3627,27,1,1,0,33,1659,1654.2,22,3739,medium,0E00020088F464701B11217B0616009B0EF3,0.1189,0
5,1,-76,15.0,10,3866,80,2,1,0,10,683,669.6,11,1933,light,05000100B43C0A8850120AAB020B008D075B,0.5962,0
11,1,-119,-1.39,67,4110,96,3,0,0,8,691,750.7,247,1682,medium,0B00010089FA43A1600308B302F7009206D2,0.3837,0
2,14,-83,15.0,16,3723,55,1,1,0,12,1149,1141.7,3,1242,light,02000E00AD3C107A37110C7D040300DA04EC,0.5643,1
9,6,-121,-3.32,66,4117,96,2,1,0,5,294,282.1,1,5766,dense,0900060087F342A16012052601010086169C,0.4518,0
14,2,-128,-11.48,78,3716,51,2,0,0,4,1693,2911.7,278,6083,dense,0E00020080D24E793302049D061601C3170B,0.01,0
2,8,-109,10.22,52,3733,50,1,1,0,9,472,484.5,11,3666,medium,020008009329347B321109D8010B00520E10,0.477,0
2,6,-96,15.0,37,3773,66,1,1,0,6,320,301.6,28,3295,medium,02000600A03C257F42110640011C00DF0C86,0.5991,1
12,6,-115,2.35,98,3646,34,1,0,0,44,1092,881.0,29,5158,medium,0C0006008D09627222012C44041D0026144C,0.0965,0
5,9,-72,15.0,6,3605,17,4,0,0,10,271,226.3,18,27,light,05000900B83C066E11040A0F0112001B00B0,0.5435,0
3,4,-94,15.0,30,3814,75,2,0,0,2,709,279.8,127,6232,medium,03000400A23C1E834B0202C5027F0058184E,0.6881,1
12,5,-110,8.88,52,4182,98,3,0,0,7,1326,944.9,29,1195,medium,0C000500922434A86203072E051D00AB0446,0.4577,0
8,1,-75,15.0,6,3769,73,2,1,0,10,590,593.7,43,2500,light,08000100B53C067E49120A4E022B00C40912,0.6114,0
3,7,-105,10.62,37,3263,7,1,1,0,4,305,334.5,1219,1668,medium,03000700972A254C0711043101C304840688,0.4784,1
16,12,-128,-11.1,79,3677,43,1,0,0,8,3687,4132.8,3459,1916,medium,10000C0080D44F752B0108670E830D7C0748,0.01,0
5,2,-97,15.0,33,3799,67,1,1,0,5,2493,2487.6,117,6842,light,050002009F3C2181431105BD097500BA1A49,0.6396,0
16,2,-123,-8.34,69,3804,72,1,1,0,7,213,221.1,2322,1944,dense,1000020085DF4582481107D50012099807C2,0.1238,0
8,1,-101,15.0,29,3238,7,1,0,0,1,3576,4149.5,127,608,light,080001009B3C1D49070101F80D7F006002B3,0.5357,1
13,5,-76,15.0,46,4056,91,2,1,0,37,518,517.5,182,6067,light,0D000500B43C2E9B5B12250602B600B31770,0.1785,0
12,8,-87,15.0,21,3788,72,1,1,0,6,111,117.0,271,2629,medium,0C000800A93C15804811066F000F01450A70,0.673,1
6,9,-128,-12.43,84,3592,18,1,1,0,10,1664,1653.0,26,4203,medium,0600090080CE546D12110A80061A006B1060,0.01,0
4,1,-128,-12.21,84,3794,74,1,1,0,9,1226,1228.4,19,3833,dense,0400010080CF54814A1109CA041300F90E35,0.01,0
5,9,-104,12.61,48,3792,70,3,1,0,11,220,206.8,282,698,medium,050009009832308146130BDC001A01BA0221,0.4118,0
5,13,-86,15.0,20,3749,59,1,1,0,12,874,879.1,30,4026,light,05000D00AA3C147C3B110C6A031E00BA0FE7,0.5493,0
12,7,-95,15.0,46,3648,39,1,0,0,22,294,421.9,236,5979,medium,0C000700A13C2E722701162601EC005B17DE,0.3185,0
15,13,-128,-9.6,69,3761,62,1,1,0,1,1942,1943.9,24,5239,medium,0F000D0080DA457E3E11019607180077148C,0.01,0
4,10,-85,15.0,24,3773,66,1,1,0,7,1036,1028.3,2816,5466,light,04000A00AB3C187F4211070C04000B5A153D,0.6365,1
10,4,-115,-0.04,44,3838,81,3,0,0,2,1128,1077.0,27,5715,medium,0A0004008D002C8551030268041B00531644,0.5831,1
4,3,-104,15.0,33,3820,80,4,1,0,3,278,273.2,22,2014,medium,04000300983C218450140316011600DE0722,0.5776,1
7,1,-121,-3.72,62,3707,47,2,1,0,3,796,794.3,27,1411,medium,0700010087F13E782F12031C031B00830586,0.501,0
9,14,-81,15.0,17,3750,60,1,0,0,9,205,145.4,131,1006,medium,09000E00AF3C117D3C0109CD008300EE0339,0.6226,1
6,14,-112,3.08,46,3465,12,2,0,0,0,957,1258.7,172,6918,medium,06000E00900C2E600C0200BD03AC00061B0C,0.6516,0
2,7,-102,12.67,53,3966,87,3,1,0,7,593,601.6,3,2477,medium,020007009A33359257130751020300AD091A,0.4537,1
8,10,-93,15.0,29,3791,77,1,1,0,7,1498,1490.1,20,6453,light,08000A00A33C1D814D1107DA051400351917,0.6142,1
12,8,-104,9.74,37,3662,40,1,1,0,6,82,101.9,266,4404,dense,0C0008009827257428110652000A013411A5,0.5991,1
9,4,-128,-10.8,72,3768,66,1,1,0,1,2220,2203.3,280,3887,medium,0900040080D5487E421101AC0818012F0FF1,0.01,0
9,15,-72,15.0,41,3742,59,2,0,0,49,223,224.9,243,5104,light,09000F00B83C297C3B0231DF00F300F01352,0.1673,0
5,14,-117,-4.19,55,3641,34,4,0,0,4,1886,2029.2,29,5875,medium,05000E008BEF37722204045E071D00F31642,0.4541,0
10,8,-66,15.0,0,3589,17,1,1,0,10,168,178.8,185,2330,light,0A000800BE3C006C11110AA800B9001A09E1,0.6695,1
6,2,-128,-11.28,85,3671,32,2,1,0,10,3255,3239.0,33,687,medium,0600020080D3557520120AB70C2100AF02C0,0.01,0
10,4,-77,15.0,2,3580,17,2,1,0,4,138,136.8,2,6488,medium,0A000400B33C026C1112048A0002005819A9,0.773,1
3,1,-127,-9.92,96,3790,72,1,1,0,20,327,311.0,1,879,dense,0300010081D86081481114470101006F03E3,0.01,0
13,9,-122,-5.59,74,3920,84,1,1,0,5,1584,1587.1,7,3216,medium,0D00090086EA4A8E54110530060700900C78,0.3951,0
5,10,-128,-10.02,82,3749,58,4,1,0,5,384,375.8,15,3883,dense,05000A0080D8527C3A140580010F002B0F7C,0.01,0
11,3,-90,15.0,42,3589,21,2,1,0,21,183,185.5,6,907,medium,0B000300A63C2A6C151215B70006008B0312,0.3228,0
7,15,-98,15.0,32,4106,95,2,0,0,4,248,303.9,14,993,medium,07000F009E3C20A05F0204F8000E00E103DF,0.6322,0
1,3,-111,4.78,44,3680,40,2,1,0,4,121,137.4,17,2986,dense,0100030091132C7628120479001100AA0BCA,0.5759,1
5,9,-102,10.83,48,3668,42,2,0,0,9,99,103.2,1579,5689,dense,050009009A2B30742A020963002B063916F7,0.4676,1
11,4,-123,-7.47,71,3705,56,1,1,0,8,1711,1703.6,5,6794,medium,0B00040085E24778381108AF0605008A1A46,0.2095,0
8,5,-105,11.17,51,3718,55,1,0,0,11,279,359.3,13,674,medium,08000500972D337937010B17010D00A2025A,0.4486,0
6,1,-128,-13.94,76,4132,98,3,1,0,8,3760,3763.3,26,247,medium,0600010080C84CA3621308B00E1A00F7003D,0.01,0
7,12,-128,-9.7,77,3972,88,2,1,0,6,1895,1898.3,30,4421,dense,07000C0080D94D9358120667071E004511B3,0.01,0
16,8,-101,13.81,36,3780,70,3,1,0,0,3983,4001.9,27,6487,light,100008009B3724804613008F0F1B0057198D,0.6664,1
16,15,-128,-12.09,74,3744,61,1,0,0,4,325,637.3,14,6919,dense,10000F0080D04A7C3D010445010E00071BCC,0.01,0
8,11,-78,15.0,6,3679,42,3,1,0,8,98,89.6,30,5498,medium,08000B00B23C06752A130862001E007A15D0,0.6193,0
15,9,-72,15.0,0,4164,99,4,0,0,10,79,96.8,12,652,medium,0F000900B83C00A663040A4F000C008C024E,0.5638,0
8,2,-128,-12.12,70,3849,81,2,1,0,5,1951,1956.7,23,61,medium,0800020080D046865112059F0717003D00A7,0.01,0
1,9,-85,15.0,27,4107,96,4,1,0,10,593,593.6,235,3741,light,01000900AB3C1BA060140A5102EB009D0EB8,0.4724,1
14,3,-100,15.0,39,4024,91,4,0,0,9,5275,4044.7,9,6134,light,0E0003009C3C27985B04099B140900F61732,0.4472,0
11,6,-128,-11.11,85,3956,86,2,1,0,5,513,510.6,19,2908,dense,0B00060080D45591561205010213005C0B80,0.01,0
4,1,-102,12.85,30,3700,42,5,1,0,6,605,634.4,25,6996,medium,040001009A331E782A15065D021900541B72,0.4985,1
3,9,-128,-12.36,89,3750,61,1,1,0,11,910,904.8,462,1632,dense,0300090080CF597D3D110B8E03CE01600626,0.01,0
6,4,-108,8.11,46,3602,20,1,0,0,8,582,489.1,1748,2521,medium,0600040094202E6E1401084602D406D909BC,0.5198,0
11,16,-128,-14.0,71,3162,4,2,1,0,6,360,341.7,28,2510,dense,0B00100080C8474204120668011C00CE09B0,0.01,0
8,2,-128,-11.04,84,3767,62,1,0,0,11,6346,4094.5,163,224,dense,0800020080D4547E3E010BCA18A300E00041,0.01,0
4,10,-101,15.0,48,3833,79,1,0,0,17,3837,3914.9,5,625,light,04000A009B3C30854F0111FD0E0500710209,0.3731,1
3,9,-107,11.78,40,3734,57,2,1,0,7,563,559.9,129,2311,medium,03000900952F287B391207330281000709FF,0.5354,0
1,5,-128,-10.82,84,3684,41,2,1,0,11,1089,1100.7,10,2964,dense,0100050080D5547629120B41040A00940B24,0.01,0
1,6,-102,15.0,44,3249,6,1,1,0,5,3625,3627.1,24,392,light,010006009A3C2C4A061105290E1800880187,0.4247,0
5,12,-94,15.0,31,3805,71,3,1,0,7,252,233.4,281,633,medium,05000C00A23C1F82471307FC0019017902B2,0.5416,0
16,12,-128,-9.41,71,3805,74,2,1,0,1,388,392.7,16,6475,dense,10000C0080DA47824A1201840110004B197D,0.01,0
8,11,-120,-3.74,100,3648,28,2,1,0,38,762,742.9,194,3362,medium,08000B0088F164721C1226FA02C200220D45,0.0937,0
3,12,-113,4.37,57,3786,67,2,1,0,0,716,717.1,19,5553,medium,03000C008F113980431200CC021300B11569,0.5922,0
4,7,-128,-9.86,100,3870,82,4,1,0,49,1579,1583.3,8,2968,dense,0400070080D964895214312B060800980B0E,0.01,0
7,14,-62,15.0,0,3410,11,1,1,0,3,123,130.0,28,451,light,07000E00C23C005B0B11037B001C00C30154,0.8553,0
3,14,-73,15.0,5,3750,63,2,1,0,10,137,131.7,24,2623,medium,03000E00B73C057D3F120A890018003F0A6C,0.6152,0
2,9,-128,-10.87,82,3925,85,2,0,0,8,6135,2915.9,115,5984,dense,0200090080D5528E550208F7177300601765,0.01,0
4,14,-114,2.86,57,3766,61,2,0,0,0,2281,2378.8,189,562,medium,04000E008E0B397E3D0200E908BD003202A1,0.5922,0
10,7,-108,8.92,34,3819,79,1,0,0,1,649,754.0,1,3965,medium,0A000700942422834F0101890201007D0FFE,0.7302,1
9,3,-94,15.0,53,3690,48,4,1,0,31,1880,1889.8,14,133,light,09000300A23C357730141F58070E008500B8,0.1844,0
15,13,-93,15.0,11,3684,46,2,0,0,3,1928,1232.2,1,6887,light,0F000D00A33C0B762E020388070100E71ACB,0.7568,1
16,11,-127,-11.58,76,3742,57,1,0,0,4,2439,2341.7,293,3628,medium,10000B0081D24C7C390104870925012C0E35,0.01,0
5,6,-117,-1.66,89,3560,18,3,1,0,27,1626,1627.9,3445,2012,medium,050006008BF9596A12131B5A06750DDC07EA,0.1537,1
9,16,-89,15.0,28,3799,77,1,1,0,9,230,218.9,27,2226,medium,09001000A73C1C814D1109E6001B00B2081A,0.5768,0
9,4,-83,15.0,40,4054,91,2,1,0,36,343,364.7,192,5508,light,09000400AD3C289B5B12245701C00084158A,0.194,1
11,5,-59,15.0,26,4109,96,1,1,0,39,136,125.2,4,4781,light,0B000500C53C1AA060112788000400AD1269,0.2048,0
12,15,-76,15.0,9,3754,66,2,1,0,7,689,689.7,8,5491,light,0C000F00B43C097D421207B1020800731586,0.6664,0
4,2,-101,15.0,29,3916,85,2,1,0,4,3175,3148.7,242,4379,light,040002009B3C1D8D551204670CF2001B1188,0.6463,0
11,4,-128,-10.81,89,3820,79,1,1,0,11,610,619.3,12,6980,dense,0B00040080D559844F110B62020C00441B4B,0.01,0
10,1,-88,15.0,27,3665,38,2,1,0,8,844,828.3,7,4247,light,0A000100A83C1B742612084C03070097109F,0.57,1
16,6,-110,5.87,51,3772,58,2,0,0,7,856,612.8,163,2419,medium,100006009217337F3A02075803A3007309DF,0.4889,1
9,13,-115,0.91,52,3788,67,4,0,0,4,1832,1035.6,8,6613,medium,09000D008D04348043040428070800D51949,0.4784,1
13,10,-122,-2.0,71,3637,29,1,1,0,10,2301,2312.3,26,3794,medium,0D000A0086F847711D110AFD081A00D20ED0,0.3834,0
12,16,-112,2.91,86,3739,55,1,1,0,31,875,899.7,215,2906,medium,0C001000900C567B37111F6B03D7005A0B75,0.1554,0
2,3,-92,15.0,25,3864,82,5,1,0,10,1325,1337.2,15,3258,light,02000300A43C198852150A2D050F00BA0CF6,0.4492,1
4,13,-101,15.0,56,4000,89,1,0,0,10,1848,1828.6,24,4899,light,04000D009B3C389659010A380718002313B6,0.4445,0
9,3,-92,15.0,20,3724,52,1,1,0,7,328,314.4,9,6545,medium,09000300A43C147A341107480109009119C7,0.6543,0
12,13,-94,15.0,34,4098,94,1,1,0,11,106,110.6,178,5401,dense,0C000D00A23C229F5E110B6A00B200191566,0.5146,1
4,10,-114,4.54,57,3769,67,1,1,0,3,135,114.5,22,3786,dense,04000A008E12397E43110387001600CA0E2D,0.5628,0
1,14,-128,-9.7,74,3732,52,1,1,0,1,355,347.6,13,1010,dense,01000E0080D94A7B34110163010D00F203FC,0.01,0
5,13,-100,15.0,42,3750,62,2,1,0,10,3552,3569.5,213,4313,light,05000D009C3C2A7D3E120AE00DD500D910AC,0.4744,0
15,13,-128,-13.47,87,3789,67,1,1,0,11,3561,3574.6,2917,3747,medium,0F000D0080CA578043110BE90D650BA30E47,0.01,0
15,9,-128,-11.95,70,3834,81,1,1,0,1,4172,4178.4,5,6202,medium,0F00090080D046855111014C1005003A1812,0.01,0
9,13,-128,-10.67,88,4020,90,5,1,0,5,336,336.1,65,3907,dense,09000D0080D558985A150550014100430F74,0.01,0
12,3,-112,2.19,52,3651,38,1,0,0,9,205,429.0,2,1913,medium,0C00030090093473260109CD0002007907CC,0.477,0
8,2,-116,3.87,98,4103,95,1,1,0,34,1650,1648.0,2,5492,medium,080002008C0F62A05F1122720602007415A0,0.1191,0
1,10,-73,15.0,0,3431,11,2,1,0,8,93,104.0,942,998,medium,01000A00B73C005D0B12085D00AE03E603F1,0.6802,0
9,6,-109,7.28,81,3796,69,1,1,0,30,668,666.7,198,5115,medium,09000600931D518145111E9C02C600FB130E,0.1709,0
12,2,-98,15.0,40,3783,63,1,1,0,8,213,214.5,253,2323,medium,0C0002009E3C28803F1108D500FD001309F8,0.5457,1
1,4,-115,0.56,68,3629,26,1,1,0,10,2259,2249.8,209,3974,medium,010004008D0244701A110AD308D100860F2E,0.3963,0
11,1,-103,13.5,41,3218,7,1,1,0,7,355,355.0,8,5552,medium,0B0001009936294707110763010800B0152A,0.3796,0
14,6,-128,-9.85,80,3698,43,1,1,0,3,2723,2729.1,9,5647,dense,0E00060080D950772B1103A30A09000F16B4,0.01,0
4,9,-125,-7.84,72,3646,28,3,1,0,4,2302,2283.7,26,279,medium,0400090083E148721C1304FE081A00170152,0.1283,0
14,10,-127,-10.58,87,4082,95,4,1,0,7,276,270.8,3,6649,dense,0E000A0081D6579E5F140714010300F91907,0.01,0
5,8,-77,15.0,0,3757,65,2,1,0,5,459,426.6,597,2288,light,05000800B33C007D411205CB015502F008AC,0.7555,0
4,8,-126,-8.24,82,3790,78,1,0,0,3,7236,2013.6,15,2403,medium,0400080082DF52814E0103441C0F00630995,0.05,0
7,8,-128,-12.69,71,3774,71,3,0,0,6,1231,1422.1,29,6341,dense,0700080080CD477F470306CF041D00C51895,0.01,0
6,9,-128,-10.93,81,3732,60,1,0,0,2,3131,2647.4,5,6398,dense,0600090080D4517B3C01023B0C0500FE18FC,0.01,0
12,14,-104,13.49,37,3653,29,1,1,0,0,445,445.8,31,6650,medium,0C000E00983625731D1100BD011F00FA1957,0.7391,1
2,13,-107,11.6,58,3753,67,3,1,0,10,3909,3900.8,21,2652,light,02000D00952E3A7D43130A450F15005C0A77,0.3905,0
9,11,-128,-13.66,75,4079,93,3,1,0,0,2907,2891.8,26,4090,medium,09000B0080C94B9D5D13005B0B1A00FA0F41,0.01,0
9,14,-128,-9.25,95,3034,2,1,0,0,11,303,273.8,16,4591,dense,09000E0080DB5F3502010B2F011000EF11E3,0.01,0
13,4,-110,9.84,61,4062,94,4,1,0,11,294,284.1,10,3074,medium,0D00040092273D9C5E140B26010A00020CC8,0.3451,0
4,10,-128,-8.71,83,3790,68,1,0,0,5,441,275.6,21,6018,dense,04000A0080DD5381440105B9011500821741,0.01,0
6,8,-104,13.6,38,3721,58,1,1,0,3,819,826.1,19,4618,medium,060008009836267A3A1103330313000A12D3,0.6603,1
4,5,-104,11.94,50,3782,68,1,1,0,12,4023,4013.4,15,6784,light,040005009830328044110CB70F0F00801A55,0.4369,1
15,11,-124,-6.48,67,3641,33,2,0,0,1,1118,1299.0,13,3287,medium,0F000B0084E643722102015E040D00D70C22,0.392,0
15,13,-128,-10.87,75,3959,87,1,0,0,7,4698,3292.1,2,5503,dense,0F000D0080D54B915701075A1202007F1555,0.01,0
5,11,-104,10.57,92,3596,24,2,1,0,49,342,352.5,17,3999,medium,05000B00982A5C6D181231560111009F0F1D,0.0994,0
10,13,-86,15.0,17,3901,85,2,0,0,6,464,588.5,6,5291,light,0A000D00AA3C118C550206D0010600AB1477,0.6551,0
9,1,-128,-11.58,72,3657,33,4,1,0,0,388,393.1,26,1594,dense,0900010080D2487321140084011A003A06F1,0.01,0
8,4,-128,-9.4,67,3595,22,3,1,0,0,2144,2149.0,9,4289,dense,0800040080DA436D16130060080900C11058,0.01,0
10,6,-103,12.37,47,3629,28,1,1,0,4,290,308.2,23,3716,medium,0A00060099312F701C110422011700840EF1,0.593,0
7,12,-92,15.0,24,3179,5,1,0,0,6,338,379.3,2992,6623,medium,07000C00A43C18430501065201B00BDF19F3,0.1318,0
12,13,-128,-12.95,77,3773,58,2,0,0,5,2291,3839.3,13,5040,medium,0C000D0080CC4D7F3A0205F3080D00B013D2,0.01,0
14,3,-120,-4.11,74,3927,83,1,1,0,9,1753,1760.2,26,7050,medium,0E00030088F04A8E531109D9061A008A1BF7,0.3764,1
15,4,-128,-9.32,82,4122,94,1,1,0,0,1246,1254.5,30,481,medium,0F00040080DB52A25E1100DE041E00E1011C,0.01,0
11,15,-128,-13.41,69,3603,18,2,1,0,2,2187,2193.4,94,2997,medium,0B000F0080CA456E1212028B085E00B50BE5,0.01,0
9,16,-128,-13.65,77,3656,29,5,1,0,11,441,422.2,2,3347,dense,0900100080C94D731D150BB9010200130D2B,0.01,0
7,12,-109,3.16,52,3690,45,1,1,0,10,593,593.5,9,4056,medium,07000C00930D34772D110A51020900D80F89,0.4606,0
10,2,-123,-8.12,63,3574,16,2,1,0,5,209,193.2,219,6113,dense,0A00020085E03F6B101205D100DB00E1178C,0.1578,0
8,3,-128,-14.02,86,4088,94,2,1,0,2,728,721.8,1,202,dense,0800030080C8569E5E1202D8020100CA0081,0.01,0
16,2,-98,15.0,42,3925,86,1,0,0,12,8924,3759.9,16,2816,light,100002009E3C2A8E56010CDC221000000B87,0.4669,1
15,3,-114,1.91,100,3641,29,2,0,0,44,498,588.9,6,2786,medium,0F0003008E0864721D022CF2010600E20ADD,0.0888,0
7,14,-114,1.14,85,3613,27,2,0,0,23,4053,1688.7,12,2091,medium,07000E008E05556F1B0217D50F0C002B0837,0.1972,0
8,11,-62,15.0,6,3959,88,5,1,0,5,122,115.2,29,1768,light,08000B00C23C06915815057A001D00E806F7,0.6069,0
3,15,-128,-14.9,78,3781,64,4,1,0,1,389,415.3,15,5713,dense,03000F0080C44E8040140185010F005116B9,0.01,0
3,6,-92,15.0,15,3804,73,2,0,0,0,1780,2777.7,231,2669,light,03000600A43C0F82490200F406E7006D0ABA,0.819,1
9,15,-81,15.0,11,3796,72,1,1,0,2,112,112.8,19,1212,medium,09000F00AF3C0B8148110270001300BC040C,0.8273,1
1,12,-119,-2.04,54,3730,50,1,1,0,3,640,634.6,291,4160,medium,01000C0089F8367B32110380022301401093,0.5768,0
11,12,-78,15.0,0,3758,63,3,1,0,0,197,182.2,2,5199,light,0B000C00B23C007D3F1300C50002004F1406,0.85,1
14,11,-128,-10.11,73,3778,67,1,1,0,7,1439,1428.3,22,1981,dense,0E000B0080D8497F4311079F051600BD0716,0.01,0
7,4,-97,15.0,33,3882,84,5,1,0,8,1292,1293.2,27,3370,medium,070004009F3C218A5415080C051B002A0D11,0.4546,1
15,6,-125,-10.09,81,3738,58,5,1,0,12,1920,1919.9,16,2945,medium,0F00060083D8517B3A150C80071000810BA2,0.0101,0
14,6,-97,15.0,34,3872,83,3,1,0,11,1849,1846.5,24,6910,light,0E0006009F3C228953130B39071800FE1AA2,0.4604,1
9,12,-69,15.0,15,3735,53,1,1,0,31,381,358.6,16,5257,light,09000C00BB3C0F7B35111F7D011000891463,0.2921,0
14,1,-110,5.02,53,3779,68,1,1,0,7,697,705.8,3,1470,medium,0E0001009214357F441107B9020300BE05B9,0.5071,1
1,11,-128,-9.53,77,3785,69,5,1,0,2,3834,3855.0,21,5524,medium,01000B0080DA4D80451502FA0E1500941578,0.01,0
13,16,-108,6.92,44,3829,74,2,1,0,5,597,591.4,2506,5405,medium,0D001000941C2C844A12055502CA091D1505,0.5561,1
16,7,-111,1.94,51,3587,17,2,1,0,6,791,788.6,13,4608,medium,100007009108336C11120617030D000012EC,0.5063,0
1,12,-128,-11.14,79,3675,33,1,0,0,5,8061,3754.7,1,2742,medium,01000C0080D34F752101057D1F0100B60A52,0.01,0
16,13,-105,11.48,39,3753,61,3,1,0,5,329,338.7,27,2496,medium,10000D00972E277D3D130549011B00C0091A,0.5466,0
6,9,-122,-8.49,61,3593,24,3,1,0,4,2102,2093.0,29,381,medium,0600090086DE3D6D18130436081D007D01E3,0.118,0
10,11,-119,-4.67,65,4179,99,3,0,0,8,1232,1174.8,13,3862,medium,0A000B0089ED41A7630308D0040D00160FA0,0.3752,0
6,5,-127,-10.3,89,4107,95,3,0,0,12,3448,1965.9,22,3504,medium,0600050081D759A05F030C780D1600B00DFF,0.01,0
3,5,-113,3.56,51,4164,98,1,1,0,1,563,581.4,18,6076,medium,030005008F0E33A662110133021200BC1784,0.6366,1
3,14,-128,-11.88,73,3814,77,2,1,0,3,1266,1281.3,32,7186,dense,03000E0080D049834D1203F2042000121C76,0.01,0
1,3,-84,15.0,21,3767,63,1,1,0,9,494,496.8,600,1990,light,01000300AC3C157E3F1109EE015802C607FF,0.6059,1
7,12,-128,-13.52,100,3749,62,1,1,0,30,557,556.1,20,6835,dense,07000C0080CA647C3E111E2D021400B31A65,0.01,0
1,16,-96,15.0,42,3783,75,2,1,0,9,1932,1922.1,1,866,light,01001000A03C2A804B12098C070100620396,0.4913,0
3,9,-102,15.0,41,3789,64,3,1,0,4,586,597.9,142,6379,medium,030009009A3C29804013044A028E00EB18EF,0.5572,1
3,7,-104,13.62,63,3726,60,2,1,0,11,449,451.6,15,4371,medium,0300070098363F7A3C120BC1010F0013114F,0.3809,0
9,1,-77,15.0,12,3968,87,1,1,0,11,360,373.0,89,1379,light,09000100B33C0C9257110B68015900630531,0.5999,0
1,2,-89,15.0,26,3779,63,2,1,0,2,188,183.5,210,3153,medium,01000200A73C1A7F3F1202BC00D200510C21,0.7082,1
2,16,-91,15.0,28,3348,9,1,0,0,8,1343,1224.6,141,4052,light,02001000A53C1C540901083F058D00D40FE2,0.5209,1
3,8,-84,15.0,15,4164,99,2,1,0,8,834,834.4,5,2733,light,03000800AC3C0FA663120842030500AD0A92,0.619,1
9,14,-97,15.0,29,3759,62,1,1,0,1,325,342.3,26,194,medium,09000E009F3C1D7D3E110145011A00C20079,0.7577,1
12,14,-83,15.0,44,3609,20,2,0,0,35,169,163.6,1,4492,medium,0C000E00AD3C2C6E140223A90001008C11D1,0.1946,0
15,1,-92,15.0,26,3690,34,2,1,0,8,159,153.4,8,2238,medium,0F000100A43C1A772212089F000800BE085F,0.5741,0
11,16,-98,15.0,32,3744,55,2,1,0,2,180,171.4,1293,1131,medium,0B0010009E3C207C371202B4000D056B049A,0.678,1
4,15,-128,-8.74,81,3660,31,1,1,0,3,742,732.3,14,602,dense,04000F0080DD51741F1103E6020E005A02C0,0.01,0
12,1,-58,15.0,0,3602,20,2,0,0,4,132,91.2,16,406,light,0C000100C63C006E14020484001000960190,0.7824,1
12,14,-123,-3.3,61,3805,80,4,1,0,1,2551,2538.2,26,5413,medium,0C000E0085F33D82501401F7091A002515A3,0.485,1
10,9,-128,-9.01,100,3911,84,1,1,0,22,312,309.1,25,4099,dense,0A00090080DC648D541116380119000310A1,0.01,0
15,7,-125,-7.04,100,3634,27,1,1,0,45,1230,1247.8,5,2717,medium,0F00070083E464711B112DCE0405009D0A96,0.038,0
15,13,-101,15.0,40,3619,25,1,0,0,5,3879,1962.7,262,3612,light,0F000D009B3C286F190105270F06011C0E2C,0.6061,1
7,13,-108,11.83,53,3854,81,2,1,0,8,590,583.9,151,4091,medium,07000D00942F35875112084E029700FB0FA7,0.4639,1
6,11,-128,-13.28,83,3674,44,2,1,0,10,553,560.9,161,5021,dense,06000B0080CB53752C120A2902A1009D1387,0.01,0
14,4,-128,-10.68,78,3642,32,2,1,0,10,1876,1860.5,150,3223,dense,0E00040080D54E7220120A54079600970C1B,0.01,0
8,11,-124,-6.97,75,3788,75,1,1,0,7,2290,2286.3,146,29,medium,08000B0084E44B804B1107F20892001D006E,0.2428,0
2,15,-121,-4.67,63,3657,46,1,1,0,2,1933,1927.3,131,2817,medium,02000F0087ED3F732E11028D078300010B13,0.5275,0
7,8,-128,-12.69,75,3776,63,1,1,0,0,193,195.5,217,965,dense,0700080080CD4B7F3F1100C100D900C5031A,0.01,0
10,4,-92,15.0,36,3605,20,2,1,0,9,187,198.8,19,1370,medium,0A000400A43C246E141209BB0013005A0511,0.5149,1
10,3,-128,-8.76,94,3806,77,3,1,0,22,1310,1320.4,239,5261,dense,0A00030080DD5E824D13161E05EF008D14FE,0.01,0
13,5,-121,-4.35,66,3829,74,1,1,0,5,1418,1434.6,284,4673,medium,0D00050087EF42844A11058A051C0141121E,0.4671,1
1,2,-115,2.36,58,3727,54,2,0,0,3,168,163.2,121,404,dense,010002008D093A7A360203A800790094018E,0.5283,1
6,5,-98,15.0,31,3505,13,1,0,0,4,2813,2567.5,8,6770,light,060005009E3C1F640D0104FD0A0800721A34,0.6723,0
10,4,-128,-13.21,100,4129,96,2,1,0,41,1035,1024.6,230,3098,dense,0A00040080CB64A26012290B04E6001A0CDE,0.01,0
14,4,-128,-7.65,71,4097,94,1,1,0,1,583,576.3,16,3484,dense,0E00040080E1479F5E1101470210009C0D9C,0.01,0
15,2,-96,15.0,30,3633,24,1,1,0,3,1877,1880.5,31,1538,light,0F000200A03C1E7118110355071F000206E2,0.7014,1
14,13,-128,-11.75,80,3906,83,1,1,0,8,1492,1498.5,166,4494,dense,0E000D0080D1508C531108D405A6008E11CB,0.01,0
15,10,-66,15.0,0,3899,83,4,1,0,4,75,84.9,30,699,medium,0F000A00BE3C008B5314044B001E00BB02A6,0.6955,1
9,7,-104,11.85,34,3755,62,2,1,0,6,611,596.6,12,6911,medium,09000700982F227D3E120663020C00FF1A05,0.5807,0
9,8,-125,-10.41,82,3781,64,3,1,0,12,1621,1610.3,6,4092,medium,0900080083D6528040130C55060600FC0F62,0.01,0
7,8,-97,15.0,35,3678,41,1,1,0,9,1542,1538.1,22,2304,light,070008009F3C237529110906061600000944,0.5477,1
2,5,-128,-11.47,80,4083,94,2,1,0,10,1113,1116.4,227,7005,dense,0200050080D2509E5E120A5904E3005D1B68,0.01,0
10,12,-128,-10.48,63,3343,9,3,1,0,1,889,879.2,17,5438,dense,0A000C0080D63F54091301790311003E1512,0.01,0
10,16,-84,15.0,1,4057,93,1,1,0,8,1144,1134.7,26,1974,light,0A001000AC3C019B5D110878041A00B60719,0.7137,0
8,9,-128,-11.52,92,3784,69,3,0,0,6,1132,2216.6,216,3763,dense,0800090080D25C804503066C04D800B30EC4,0.01,0
9,10,-128,-9.54,100,4119,96,1,0,0,25,3575,3356.1,27,4859,dense,09000A0080DA64A1600119F70D1B00FB12C8,0.01,0
16,13,-77,15.0,3,3664,35,3,1,0,9,564,565.5,250,1717,light,10000D00B33C03742313093402FA00B506BE,0.6092,1
9,12,-128,-11.37,85,3727,57,1,1,0,8,3985,3998.8,2,2153,dense,09000C0080D3557A391108910F0200690843,0.01,0
3,4,-128,-10.27,86,3832,76,1,1,0,8,1568,1543.1,3068,7138,medium,0300040080D756854C11082006FC0BE21B83,0.01,0
11,3,-92,15.0,38,3709,44,2,1,0,18,320,332.2,42,1680,medium,0B000300A43C26782C121240012A009006D0,0.37,0
3,10,-119,-1.45,67,3615,23,1,0,0,5,1019,953.8,29,4163,medium,03000A0089FA436F170105FB031D004310CF,0.4763,1
3,9,-128,-12.44,89,4189,99,1,1,0,12,1065,1065.2,2,716,dense,0300090080CE59A863110C29040200CC0240,0.01,0
14,11,-121,-5.91,61,3922,85,2,1,0,1,1469,1468.9,30,552,medium,0E000B0087E83D8E551201BD051E00280202,0.4693,1
14,8,-95,15.0,31,4134,97,3,1,0,6,254,251.0,15,2452,medium,0E000800A13C1FA3611306FE000F00940988,0.5608,0
7,5,-128,-12.49,91,4015,91,2,1,0,12,3100,3098.1,4,5118,medium,0700050080CE5B975B120C1C0C0400FE1355,0.01,0
7,4,-128,-13.43,77,3759,61,2,1,0,1,3684,3686.1,1576,4265,medium,0700040080CA4D7D3D1201640E2806A9107D,0.01,0
1,9,-111,5.2,89,3102,4,3,1,0,43,753,764.2,2890,6119,medium,010009009115593C04132BF1024A0BE717D5,0.0195,0
16,7,-128,-10.1,98,3788,73,1,0,0,11,438,567.2,22,6847,dense,1000070080D8628049010BB6011600BF1AE6,0.01,0
2,4,-61,15.0,3,4027,92,4,1,0,10,190,183.6,8,3723,light,02000400C33C03985C140ABE0008008B0E10,0.5536,1
12,9,-107,8.95,56,3805,80,3,1,0,11,271,261.3,10,5946,medium,0C0009009524388250130B0F010A003A1733,0.384,0
9,6,-128,-12.8,76,4182,99,1,1,0,2,3313,3299.5,19,3039,medium,0900060080CD4CA8631102F10C1300DF0BBC,0.01,0
13,8,-91,15.0,15,3745,55,1,1,0,12,258,253.4,22,5615,medium,0D000800A53C0F7C37110C02011600EF15D0,0.568,1
2,13,-128,-12.76,69,3682,36,3,1,0,0,4209,4191.5,30,6537,medium,02000D0080CD457624130071101E00891963,0.01,0
15,8,-104,11.03,52,3783,65,2,1,0,10,2085,2083.3,14,108,light,0F000800982C348041120A25080E006C0072,0.4363,0
5,14,-93,15.0,17,3788,70,1,1,0,5,1558,1565.5,3215,7164,light,05000E00A33C118046110516068F0CFC1B3B,0.7161,1
13,8,-103,12.36,43,4174,98,2,1,0,6,325,323.6,17,3839,medium,0D00080099312BA762120645011100FF0EF9,0.5413,1
14,11,-128,-10.23,76,4155,99,3,1,1,9,475,482.4,30,5241,dense,0E000B0080D74CA5633309DB011E00791488,0.01,0
12,6,-111,9.65,48,3735,58,1,1,0,3,887,900.8,9,3062,medium,0C0006009127307B3A110377030900F60B56,0.609,1
5,2,-122,-5.6,79,3817,80,3,0,0,8,1158,1509.6,23,2496,medium,0500020086EA4F8350030886041700C0093F,0.3007,0
14,12,-103,15.0,24,3765,57,1,1,0,4,408,392.3,124,6670,medium,0E000C00993C187E39110498017C000E1AE6,0.707,1
9,3,-128,-11.62,66,3642,28,2,1,0,0,959,956.9,135,746,dense,0900030080D242721C1200BF038700EA02D0,0.01,0
14,4,-94,15.0,28,3376,10,2,1,0,6,386,392.7,26,3390,medium,0E000400A23C1C570A120682011A003E0D1C,0.5548,1
7,12,-124,-7.44,70,3880,82,1,1,0,8,1749,1748.5,3,73,medium,07000C0084E2468A521108D5060300490097,0.2097,0
7,15,-94,15.0,38,3565,14,1,1,0,11,151,142.1,226,2666,medium,07000F00A23C266A0E110B9700E2006A0AFF,0.499,0
11,15,-90,15.0,23,3964,88,1,1,0,8,1014,1037.5,250,4778,light,0B000F00A63C1792581108F603FA00AA1282,0.6189,0
14,3,-110,6.7,72,3689,42,2,1,0,21,231,246.0,114,3827,medium,0E000300921B48762A1215E7007200F30E7D,0.2451,0
7,12,-94,15.0,27,3695,42,4,1,0,2,458,441.5,21,6960,medium,07000C00A23C1B772A1402CA011500301BE2,0.6251,1
11,1,-128,-7.78,73,3729,57,1,0,0,4,178,397.9,1,2831,dense,0B00010080E1497A390104B20001000F0B70,0.01,0
4,12,-113,6.17,52,3752,60,2,1,0,5,526,520.8,27,393,medium,04000C008F19347D3C12050E021B00890117,0.5198,0
8,1,-113,3.86,57,3767,75,1,1,0,12,955,971.1,5,4443,medium,080001008F0F397E4B110CBB0305005B11BD,0.4107,0
6,14,-128,-15.25,94,3655,36,1,1,0,19,412,403.2,9,2202,dense,06000E0080C35E732411139C0109009A08F7,0.01,0
3,8,-128,-10.58,76,3739,61,4,1,0,2,2837,2841.3,229,5374,medium,0300080080D64C7B3D1402150BE500FE1453,0.01,0
1,16,-100,15.0,49,3726,49,2,0,0,10,2397,2883.1,162,3757,light,010010009C3C317A31020A5D09A200AD0E7E,0.4478,0
14,15,-111,6.72,61,3693,38,3,1,0,5,613,595.3,48,6974,medium,0E000F00911B3D77261305650230003E1B2F,0.4524,1
12,13,-128,-10.98,94,3773,53,2,0,0,11,1545,1055.8,127,963,medium,0C000D0080D45E7F35020B09067F00C30325,0.01,0
5,12,-101,15.0,52,3704,46,2,1,0,11,413,413.6,18,5484,medium,05000C009B3C34782E120B9D0112006C157E,0.4213,0
8,16,-79,15.0,44,3760,59,1,1,0,42,585,598.9,16,147,light,08001000B13C2C7E3B112A490210009300E7,0.1724,0
10,14,-96,15.0,23,3795,71,2,1,0,1,1620,1610.9,23,7026,light,0A000E00A03C178147120154061700721B91,0.7491,0
7,11,-115,-0.57,62,3638,32,2,1,0,1,465,461.9,2719,2804,medium,07000B008DFE3E71201201D1019F0AF40A1E,0.5455,1
16,12,-127,-11.22,68,3259,7,4,1,0,1,3344,3362.0,1170,1124,medium,10000C0081D3444B071401100D920464047B,0.01,0
14,15,-93,15.0,50,3673,36,2,1,0,17,2040,2039.8,17,747,light,0E000F00A33C3275241211F8071100EB0287,0.3475,0
11,10,-128,-12.13,68,3033,2,4,1,0,0,1760,1773.5,17,3617,dense,0B000A0080CF4435021400E0061100210E04,0.01,0
10,13,-60,15.0,5,3818,80,3,1,0,0,91,84.7,9,4356,light,0A000D00C43C05835013005B0009000411B8,0.8245,1
16,2,-76,15.0,4,3598,18,1,1,0,8,241,260.2,21,853,light,10000200B43C046D121108F1001500550331,0.7008,0
2,5,-128,-13.73,76,3742,55,1,1,0,4,2259,2250.6,6,5123,medium,0200050080C94C7C371104D30806000314EE,0.01,0
8,14,-104,12.25,44,3792,75,1,1,0,6,3795,3796.1,229,4294,light,08000E0098312C814B1106D30EE500C61094,0.5668,1
3,16,-128,-12.36,84,3668,41,2,1,0,7,375,390.3,18,5737,dense,0300100080CF547429120777011200691629,0.01,0
4,10,-80,15.0,8,3847,80,1,0,0,10,295,517.3,23,3133,light,04000A00B03C088650010A270117003D0C32,0.6373,1
1,9,-128,-12.43,61,3821,79,1,1,0,1,203,195.3,16,3590,dense,0100090080CE3D844F1101CB001000060EC2,0.01,0
15,8,-69,15.0,0,4083,94,2,0,0,2,216,208.0,542,4352,light,0F000800BB3C009E5E0202D8001E020011E8,0.8392,0
11,14,-61,15.0,10,3943,88,1,1,0,0,136,135.3,1,3954,light,0B000E00C33C0A9058110088000100720FAA,0.893,1
6,5,-128,-10.55,73,3803,72,1,1,0,1,3267,3281.2,175,3909,medium,0600050080D64982481101C30CAF00450FF4,0.01,0
4,13,-100,15.0,38,3996,89,1,1,0,12,328,331.8,26,7017,medium,04000D009C3C269559110C48011A00691B08,0.4819,0
2,13,-107,8.74,90,3979,89,1,1,0,42,559,567.4,149,615,medium,02000D0095235A9359112A2F0295006702A6,0.1078,0
14,8,-115,1.71,49,3315,8,3,0,0,0,899,1637.2,134,559,medium,0E0008008D073151080300830386002F02AA,0.4936,1
14,6,-55,15.0,0,3842,77,1,1,0,10,86,92.6,24,1979,light,0E000600C93C00864D110A56001800BB07C7,0.6695,0
5,4,-128,-11.6,98,3776,67,1,1,0,19,355,352.6,29,4350,dense,0500040080D2627F43111363011D00FE10DF,0.01,0
13,4,-89,15.0,25,4007,91,4,0,0,11,2136,1528.0,5,5453,light,0D000400A73C19965B040B580805004D15FC,0.4627,0
6,13,-128,-6.01,90,3859,81,2,1,0,7,2556,2562.2,26,206,medium,06000D0080E85A87511207FC091A00CE00ED,0.01,0
9,8,-120,-1.36,71,3798,63,2,0,0,3,2845,1850.5,110,2303,medium,0900080088FB47813F02031D0B6E00FF0824,0.4646,0
6,16,-101,15.0,38,3923,86,3,1,0,6,2740,2716.6,8,4115,light,060010009B3C268E561306B40A08001310C2,0.5319,1
9,2,-128,-14.02,73,3725,51,3,1,1,1,4032,4023.7,1,1845,medium,0900020080C8497A333301C00F0100350796,0.01,0
6,10,-118,-0.72,68,3614,29,2,1,0,7,636,615.4,25,3499,medium,06000A008AFD446F1D12077C021900AB0DB2,0.4168,0
14,11,-93,15.0,23,4021,90,1,1,0,8,1622,1603.1,18,5125,light,0E000B00A33C17985A1108560612000514E8,0.6189,1
2,12,-126,-10.05,83,3764,62,1,1,0,5,490,490.4,297,5246,dense,02000C0082D8537E3E1105EA0129017E1430,0.01,0
7,8,-114,0.21,100,3714,49,1,1,0,45,907,893.5,108,1935,medium,070008008E01647931112D8B036C008F07F9,0.0937,0
13,5,-99,15.0,30,4002,90,2,1,0,1,415,424.8,153,5799,medium,0D0005009D3C1E965A12019F019900A71639,0.7126,0
2,5,-94,15.0,34,3727,59,1,1,0,6,1680,1661.9,25,6862,light,02000500A23C227A3B110690061900CE1A8A,0.613,1
1,10,-106,7.48,55,4067,93,1,1,0,9,606,604.1,25,2562,medium,01000A00961E379C5D11095E021900020AE5,0.4645,1
13,12,-128,-11.35,79,3482,12,1,1,0,0,3540,3542.7,19,2150,medium,0D000C0080D34F620C1100D40D13006608E4,0.01,0
4,16,-128,-9.53,77,4102,95,1,1,0,6,1272,1283.2,1609,7161,medium,0400100080DA4DA05F1106F8044906F91B38,0.01,0
5,16,-102,11.04,54,4127,96,1,1,0,12,264,280.4,208,6944,medium,050010009A2C36A260110C0801D000201BCE,0.422,0
3,12,-128,-11.8,81,3861,82,1,1,0,10,2003,2013.7,12,777,medium,03000C0080D1518852110AD3070C0009039B,0.01,0
8,12,-67,15.0,5,3781,66,2,1,0,4,144,160.3,118,7102,light,08000C00BD3C058042120490007600BE1B5F,0.7589,1
6,3,-118,0.05,68,3909,85,2,1,0,10,135,166.2,17,3613,dense,060003008A00448C55120A870011001D0EC4,0.3754,0
4,15,-104,13.35,41,3714,53,3,1,0,7,477,462.0,100,4921,medium,04000F0098352979351307DD016400391380,0.5016,0
10,4,-128,-12.09,80,3742,62,1,1,0,7,902,896.3,3529,4601,dense,0A00040080D0507C3E11078603C90DF91148,0.01,0
10,1,-128,-8.4,81,3924,85,1,1,0,5,4193,4169.2,167,4610,dense,0A00010080DE518E5511056110A700021238,0.01,0
1,5,-86,15.0,20,3778,66,1,1,0,10,725,733.5,5,171,light,01000500AA3C147F42110AD5020500AB000B,0.5891,1
9,16,-128,-10.92,82,3817,70,1,1,0,8,456,477.9,7,491,dense,0900100080D45283461108C8010700EB01D2,0.01,0
10,5,-108,7.65,40,3918,86,2,0,0,4,294,355.0,46,2925,medium,0A000500941F288D56020426012E006D0B24,0.5946,0
9,16,-116,1.6,54,3817,76,1,1,0,4,3332,3328.2,13,1800,medium,090010008C0636834C1104040D0D000807D7,0.5583,0
10,15,-128,-10.41,100,3620,18,1,1,0,42,2730,2718.5,7,6887,medium,0A000F0080D6647012112AAA0A0700E71A4C,0.01,0
10,1,-97,15.0,37,3765,60,1,1,0,12,162,159.8,16,3532,medium,0A0001009F3C257E3C110CA2001000CC0D43,0.4856,1
2,5,-76,15.0,5,3661,35,1,0,0,4,798,720.1,18,3998,light,02000500B43C05742301041E0312009E0F91,0.8011,1
8,14,-98,15.0,34,3975,89,1,1,0,2,2349,2340.4,29,4406,light,08000E009E3C22935911022D091D003611D8,0.7051,1
15,16,-97,15.0,38,3083,3,2,1,0,11,283,295.3,11,5509,medium,0F0010009F3C263A03120B1B010B00851568,0.0946,0
15,1,-122,-5.84,72,3842,80,1,1,0,9,1117,1115.2,27,3697,medium,0F00010086E948865011095D041B00710EA7,0.3392,0
2,12,-110,5.14,61,3339,9,4,1,0,11,370,391.8,57,170,medium,02000C0092153D5309140B72013900AA00E1,0.2963,1
16,15,-94,15.0,27,3630,25,2,0,0,2,191,361.3,288,3743,medium,10000F00A23C1B71190202BF0020019F0ED9,0.7032,0
14,16,-90,15.0,33,3645,35,1,1,0,12,1580,1579.3,166,3606,light,0E001000A63C217223110C2C06A600160E7B,0.5006,0
14,8,-110,7.53,46,3624,30,2,1,0,1,3027,3043.3,91,6215,light,0E000800921E2E701E1201D30B5B00471853,0.6292,0
12,16,-108,11.95,52,3871,81,2,1,0,10,768,777.6,3075,6381,medium,0C0010009430348951120A0003030CED184C,0.4363,1
15,12,-79,15.0,39,3633,34,1,1,0,35,93,95.2,13,1014,medium,0F000C00B13C27712211235D000D00F60398,0.2138,0
9,5,-128,-13.47,96,3533,13,1,1,0,32,2899,2891.7,15,1958,dense,0900050080CA60670D1120530B0F00A607C6,0.01,0
2,13,-128,-9.61,82,3530,14,2,1,0,6,446,429.1,6,5425,dense,02000D0080DA52670E1206BE0106003115C3,0.01,0
10,3,-62,15.0,5,3737,54,2,1,0,11,148,162.9,222,5264,light,0A000300C23C057B36120B9400DE0090146D,0.594,1
7,14,-106,10.8,54,4180,99,1,0,0,8,410,322.5,15,553,medium,07000E00962B36A86301089A010F0029025C,0.4854,0
11,4,-128,-10.49,86,3696,41,2,0,0,11,893,2057.0,15,5859,medium,0B00040080D6567729020B7D030F00E316C8,0.01,0
4,9,-54,15.0,1,3085,2,4,1,0,12,81,91.6,92,3355,light,04000900CA3C013A02140C51005C001B0D7F,0.1045,0
15,6,-128,-6.8,81,3101,3,1,1,0,11,265,260.4,15,6077,dense,0F00060080E5513C03110B09010F00BD1798,0.01,1
10,3,-128,-9.19,87,3867,82,1,1,0,8,1266,1275.1,4,3262,medium,0A00030080DB5788521108F2040400BE0CFE,0.01,0
15,1,-126,-8.01,86,3585,20,2,1,0,9,2399,2392.1,17,3957,medium,0F00010082E0566C1412095F091100750FDA,0.0318,0
10,7,-128,-10.62,78,4161,99,1,1,0,9,1690,1687.4,86,5763,dense,0A00070080D64EA66311099A06560083168F,0.01,0
6,8,-100,15.0,29,3469,11,5,1,0,2,2623,2614.8,25,3601,light,060008009C3C1D600B15023F0A1900110EE7,0.5776,0
10,12,-80,15.0,10,3759,67,2,0,0,11,354,446.1,19,5749,light,0A000C00B03C0A7D43020B62011300751697,0.5757,0
14,16,-105,15.0,43,3387,10,1,1,0,8,385,368.4,11,1836,medium,0E001000973C2B580A110881010B002C07AB,0.4957,0
13,5,-128,-11.41,74,3607,22,1,1,0,11,891,896.6,12,1286,dense,0D00050080D24A6E16110B7B030C0006057E,0.01,0
13,9,-128,-9.42,82,3621,22,1,1,0,9,365,365.8,28,2609,dense,0D00090080DA52701611096D011C00310A9F,0.01,0
13,4,-90,15.0,36,3762,63,2,1,0,20,857,863.6,3146,623,light,0D000400A63C247E3F121459034A0C6F020A,0.3504,1
9,11,-81,15.0,6,3807,75,1,0,0,4,1702,1101.3,11,4039,light,09000B00AF3C06824B0104A6060B00C70FEF,0.7962,1
7,5,-79,15.0,0,3634,31,1,0,0,12,562,641.7,25,1161,light,07000500B13C00711F010C320219008904B4,0.6242,0
9,16,-128,-9.05,100,3813,77,5,1,0,32,2050,2073.7,116,597,medium,0900100080DC64834D152002087400550241,0.01,0
2,14,-128,-12.3,83,3777,66,1,1,0,4,2767,2779.2,92,4226,medium,02000E0080CF537F421104CF0A5C008210C0,0.01,0
8,1,-127,-8.73,72,3362,10,3,1,1,0,1923,1922.8,21,2198,medium,0800010081DD48560A33008307150096082D,0.0221,0
1,7,-126,-8.93,87,3951,86,3,1,0,11,2354,2355.4,296,3544,medium,0100070082DC579156130B32092801D80D42,0.0131,0
2,12,-71,15.0,0,3634,20,1,1,0,4,407,406.5,29,2385,light,02000C00B93C007114110497011D0051093A,0.8259,0
14,13,-122,-5.04,73,3685,43,2,1,0,3,1722,1728.3,57,2196,medium,0E000D0086EC49762B1203BA06390094087C,0.4269,0
9,11,-128,-8.83,81,4059,93,1,1,0,2,2001,2007.8,71,6108,medium,09000B0080DD519B5D1102D1074700DC17DD,0.01,0
12,8,-109,8.05,54,3802,72,2,1,0,8,132,112.6,1470,5113,dense,0C000800932036824812088400BE05F9137B,0.4598,1
8,16,-115,0.25,63,3907,84,1,1,0,8,635,631.8,196,1071,medium,080010008D013F8C5411087B02C4002F0400,0.4465,0
1,9,-128,-14.42,68,4178,99,2,1,0,4,2304,2315.4,242,5489,dense,0100090080C644A76312040009F200711536,0.01,0
12,8,-113,1.7,50,3670,45,2,1,0,3,410,419.7,10,2227,medium,0C0008008F0732752D12039A010A00B30827,0.5672,0
5,12,-104,12.06,38,3820,79,2,1,0,0,376,378.6,13,1461,medium,05000C00983026844F120078010D00B50500,0.6948,0
14,13,-81,15.0,5,3753,61,1,1,0,12,137,131.8,11,1691,medium,0E000D00AF3C057D3D110C89000B009B060F,0.6055,0
12,6,-97,15.0,41,3984,88,4,0,0,12,338,413.4,28,7057,medium,0C0006009F3C299458040C52011C00911B3F,0.3963,1
1,8,-90,15.0,18,3738,55,2,1,0,9,120,123.3,15,1754,medium,01000800A63C127B37120978000F00DA0663,0.5859,0
10,13,-84,15.0,12,3742,63,1,1,0,8,1131,1124.7,249,5224,light,0A000D00AC3C0C7C3F11086B04F900681482,0.6663,1
16,12,-108,7.76,68,3939,88,2,1,0,18,972,952.0,18,6080,medium,10000C00941F448F581212CC031200C017A2,0.2838,0
13,1,-128,-12.66,88,3953,87,3,1,0,10,3072,3065.6,28,1739,medium,0D00010080CD589157130A000C1C00CB06DE,0.01,0
5,3,-98,15.0,34,3798,76,3,1,0,4,743,754.4,22,878,medium,050003009E3C22814C1304E70216006E039D,0.5882,1
12,3,-128,-11.55,81,3619,29,5,1,0,6,1824,1815.4,233,4012,dense,0C00030080D2516F1D15062007E900AC0F12,0.01,0
10,3,-98,15.0,44,3913,85,2,1,0,10,1823,1824.1,19,6489,light,0A0003009E3C2C8D55120A1F07130059199C,0.4668,1
16,1,-128,-11.61,85,4033,92,2,1,0,5,2006,2009.5,916,2603,medium,1000010080D255995C1205D60794032B0AA5,0.01,0
14,12,-128,-13.64,84,3779,68,2,1,0,7,1292,1283.7,2430,4670,medium,0E000C0080C9547F4412070C057E093E1287,0.01,0
14,12,-128,-10.42,82,3775,69,2,0,0,5,7041,4051.0,3185,945,dense,0E000C0080D6527F450205811B710CB103D5,0.01,0
15,3,-114,1.16,61,3737,57,2,1,0,7,600,594.9,14,4143,medium,0F0003008E053D7B39120758020E002F109B,0.4466,0
12,5,-128,-9.49,99,3818,77,2,1,0,45,3337,3326.1,21,365,medium,0C00050080DA63834D122D090D15006D0116,0.01,0
1,14,-103,14.94,45,3694,48,2,1,0,6,441,426.8,3,2791,medium,01000E00993C2D77301206B9010300E70AC5,0.5326,0
2,11,-113,0.87,100,4027,90,5,1,0,47,1579,1584.6,2886,4222,medium,02000B008F0364985A152F2B06460B7E10F0,0.074,0
9,3,-98,15.0,34,3920,83,3,0,0,9,252,338.6,14,5077,medium,090003009E3C228E530309FC000E00D513C9,0.4938,0
2,7,-65,15.0,0,3953,88,1,1,0,4,145,156.5,1251,3800,light,02000700BF3C00915811049100E304D80E17,0.8259,1
16,8,-108,10.05,50,4029,91,1,1,1,5,593,594.8,16,575,medium,10000800942832985B3105510210003F02E0,0.5582,0
15,10,-82,15.0,7,3736,58,3,1,0,8,710,713.7,650,4727,light,0F000A00AE3C077B3A1308C6028A027712E5,0.6154,1
9,7,-108,9.3,40,3965,89,3,0,0,2,596,538.5,29,1399,medium,090007009425289259030254021D007705A4,0.6023,1
13,7,-128,-13.5,70,3974,88,1,1,0,3,1173,1179.0,28,2973,dense,0D00070080CA469358110395041C009D0B6D,0.01,0
13,8,-114,2.73,100,3825,80,1,1,0,46,810,834.3,23,6654,medium,0D0008008E0B648450112E2A031700FE1997,0.0937,0
14,12,-128,-9.72,88,3626,32,1,1,0,12,533,536.6,3046,884,dense,0E000C0080D9587020110C1502E60B74039C,0.01,0
15,6,-96,15.0,35,3730,50,1,1,0,10,368,351.6,11,140,medium,0F000600A03C237B32110A70010B008C009F,0.5289,1
13,3,-81,15.0,13,3777,71,1,1,0,7,340,337.4,59,4112,light,0D000300AF3C0D7F47110754013B00101052,0.6856,1
12,14,-128,-14.07,81,3921,85,2,1,0,10,2505,2497.7,1795,3959,dense,0C000E0080C8518E55120AC9090307770FB3,0.01,0
11,10,-118,-2.11,64,3953,86,1,1,0,9,957,935.3,25,1497,medium,0B000A008AF84091561109BD031900D905C1,0.4259,0
13,10,-128,-12.85,74,3671,44,1,1,0,7,4148,4150.8,22,6361,dense,0D000A0080CD4A752C110734101600D91892,0.01,0
5,8,-72,15.0,0,3806,73,1,1,0,12,383,387.9,18,3953,light,05000800B83C008249110C7F011200710F33,0.6242,1
3,10,-83,15.0,23,3731,57,2,1,0,12,110,124.2,14,1287,medium,03000A00AD3C177B39120C6E000E00070528,0.5097,0
12,16,-106,7.43,46,3923,85,3,1,0,3,268,258.7,22,6380,medium,0C001000961E2E8E5513030C011600EC18DF,0.5541,1
8,14,-128,-12.31,90,3817,74,2,1,0,27,806,802.0,29,1288,dense,08000E0080CF5A834A121B26031D0008056E,0.01,0
16,5,-112,5.73,50,3684,34,1,0,0,1,816,1082.6,2556,5952,medium,10000500901732762201013003FC09401721,0.6421,1
2,16,-104,13.89,57,4050,91,4,1,1,11,849,838.3,18,4344,medium,020010009838399B5B340B51031200F81049,0.3582,1
14,8,-128,-8.67,85,3671,36,1,0,0,8,1850,1324.6,24,3151,dense,0E00080080DD55752401083A0718004F0CEE,0.01,0
11,4,-99,14.41,36,3793,74,2,1,0,3,3545,3554.0,106,5677,light,0B0004009D3A24814A1203D90D6A002D1613,0.6353,0
4,11,-128,-10.03,78,3657,35,1,1,0,7,3340,3350.2,1624,949,medium,04000B0080D84E732311070C0D5806B50358,0.01,1
1,6,-128,-10.49,71,3351,9,4,1,0,2,655,663.8,9,1940,dense,0100060080D647550914028F020900940772,0.01,0
1,11,-107,9.94,44,3617,22,2,1,0,4,638,614.6,24,1684,medium,01000B0095282C6F1612047E021800940626,0.5759,0
12,9,-114,3.78,49,3940,85,1,1,0,5,1229,1235.8,8,4389,medium,0C0009008E0F3190551105CD04080025116B,0.563,1
13,2,-109,7.19,53,3757,63,2,1,0,7,4043,4018.3,15,4163,light,0D000200931D357D3F1207CB0F0F0043106A,0.4804,1
12,7,-93,15.0,24,3859,82,4,1,0,8,1477,1469.0,283,4411,light,0C000700A33C1887521408C5051B013B1134,0.5176,1
6,15,-110,8.14,51,3073,2,2,1,0,5,793,803.7,15,2989,medium,06000F009221333902120519030F00AD0B52,0.1049,0
3,11,-120,0.46,64,3643,33,3,1,0,7,1357,1342.8,5,458,medium,03000B00880240722113074D050500CA0166,0.4098,0
11,4,-128,-9.85,77,3690,44,2,1,0,9,786,780.2,1,5987,dense,0B00040080D94D772C120912030100631728,0.01,0
1,10,-99,15.0,42,3881,83,2,0,0,2,187,201.7,26,3485,medium,01000A009D3C2A8A530202BB001A009D0DFB,0.6277,1
16,8,-104,13.22,29,3797,66,1,1,0,0,298,300.2,286,2749,medium,1000080098351D814211002A011E01BD0A4D,0.7847,0
2,12,-121,-5.9,67,3731,57,2,0,0,2,1297,1852.8,29,3621,medium,02000C0087E8437B39020211051D00250E22,0.4282,0
5,8,-93,15.0,26,3623,28,1,1,0,4,310,318.5,24,559,medium,05000800A33C1A701C1104360118002F024B,0.6971,1
15,3,-116,3.77,58,3918,87,2,1,0,8,1055,1061.5,2,63,medium,0F0003008C0F3A8D5712081F0402003F00AA,0.4435,0
7,13,-79,15.0,9,3630,32,2,1,0,6,598,590.4,220,6073,light,07000D00B13C09712012065602DC00B9171D,0.6901,1
3,14,-83,15.0,25,3810,75,1,1,0,21,540,537.3,18,235,light,03000E00AD3C19834B11151C021200EB00A7,0.3872,1
11,4,-128,-9.94,82,3762,62,1,1,1,9,1763,1777.2,3,1982,dense,0B00040080D8527E3E3109E3060300BE07DE,0.01,0
7,11,-128,-10.44,78,3744,64,1,1,0,8,176,190.0,3489,4231,dense,07000B0080D64E7C401108B000A10D8710E3,0.01,0
6,4,-126,-11.24,78,3720,57,1,1,0,5,1272,1270.6,155,6482,medium,0600040082D34E7A391105F8049B00521996,0.01,0
1,7,-128,-10.09,90,3829,74,4,1,0,15,1793,1821.0,199,6138,dense,0100070080D85A844A140F0107C700FA17E0,0.01,0
3,1,-128,-11.03,86,3826,78,1,1,1,8,1024,1013.2,12,4317,dense,0300010080D456844E310800040C00DD10E4,0.01,0
4,1,-93,15.0,37,3328,9,4,1,0,9,1708,1695.4,13,978,light,04000100A33C2552091409AC060D00D2039E,0.3825,0
4,2,-74,15.0,5,3795,74,1,1,0,11,88,86.2,22,7145,medium,04000200B63C05814A110B58001600E91B96,0.627,1
10,1,-125,-8.23,91,3674,41,1,1,0,9,1365,1366.1,2,2526,medium,0A00010083DF5B7529110955050200DE09D5,0.0584,0
12,13,-128,-11.25,92,4139,97,4,1,0,10,1245,1235.6,18,1152,dense,0C000D0080D35CA361140ADD041200800479,0.01,0
11,14,-87,15.0,17,3839,78,1,0,0,12,342,241.8,10,5215,medium,0B000E00A93C11854E010C56010A005F1420,0.5605,0
14,7,-80,15.0,18,3057,2,1,0,0,9,77,86.4,40,7156,medium,0E000700B03C12370201094D002800F41B91,0.1237,0
14,8,-128,-10.25,95,3610,18,2,1,0,43,424,440.2,19,4083,dense,0E00080080D75F6F12122BA8011300F30F78,0.01,0
4,16,-106,12.67,96,3822,80,1,1,0,49,470,468.5,20,790,medium,0400100096336084501131D6011400160395,0.0993,0
9,6,-117,0.56,72,3783,71,1,1,0,5,1398,1411.8,4,4105,medium,090006008B02488047110576050400091085,0.4529,1
6,14,-128,-11.57,82,3812,77,2,1,0,4,3611,3617.2,12,4625,dense,06000E0080D252834D12041B0E0C001112EE,0.01,0
15,2,-79,15.0,41,3694,46,3,1,0,42,623,626.1,1868,6779,light,0F000200B13C29772E132A6F024C077B1AD8,0.158,0
9,8,-105,9.8,37,3219,6,3,1,0,6,454,449.2,12,4916,medium,0900080097272547061306C6010C0034139D,0.3637,0
10,13,-128,-11.44,100,4023,92,3,0,0,29,1655,3023.2,27,4878,medium,0A000D0080D264985C031D77061B000E1356,0.01,0
5,1,-128,-13.72,96,3801,74,2,1,0,11,318,317.2,29,24,dense,0500010080C960824A120B3E011D0018006A,0.01,0
4,6,-128,-13.51,71,3737,55,1,1,0,3,573,552.8,10,3162,dense,0400060080CA477B3711033D020A005A0CF4,0.01,0
14,12,-95,15.0,23,4113,97,3,0,0,1,719,1034.9,1419,7138,light,0E000C00A13C17A1610301CF028B05E21B1D,0.7075,1
5,15,-81,15.0,3,3833,79,2,1,0,4,576,593.0,17,1285,light,05000F00AF3C03854F120440021100050532,0.7683,1
7,4,-100,15.0,46,3672,40,2,0,0,11,344,353.0,5,2032,medium,070004009C3C2E7528020B58010500F007D4,0.4434,0
5,9,-101,15.0,40,3799,74,2,1,0,12,320,324.4,4,3661,medium,050009009B3C28814A120C400104004D0EF0,0.4494,0
10,11,-116,1.33,100,3680,40,1,1,0,41,264,242.4,944,6798,dense,0A000B008C0564762811290801B0038E1AA8,0.0937,0
14,9,-128,-12.57,87,3727,55,2,1,0,10,193,193.6,287,265,dense,0E00090080CE577A37120AC1001F01090187,0.01,0
7,15,-117,1.26,56,3195,5,1,1,0,10,684,701.8,7,6521,medium,07000F008B05384505110AAC02070079190B,0.0889,0
4,10,-126,-5.36,78,3707,48,1,1,0,8,1357,1337.3,4,5683,medium,04000A0082EB4E783011084D0504003316F5,0.1395,0
12,4,-127,-13.02,71,3925,85,1,1,0,1,1839,1850.0,164,4754,medium,0C00040081CC478E5511012F07A400921259,0.01,0
13,14,-92,15.0,73,3774,65,1,1,0,40,162,177.2,5,1180,medium,0D000E00A43C497F411128A20005009C0489,0.1317,0
5,3,-128,-9.79,100,3702,46,5,0,0,42,1504,2189.1,4,3411,dense,0500030080D964782E052AE0050400530D8A,0.01,0
10,1,-128,-8.96,73,4076,95,2,1,0,6,838,846.0,20,5016,dense,0A00010080DC499D5F120646031400981371,0.01,0
14,9,-128,-12.04,100,3395,10,1,1,0,40,1242,1228.2,26,3630,dense,0E00090080D064590A1128DA041A002E0ED1,0.01,0
7,1,-128,-9.82,83,3207,6,1,1,0,15,984,976.2,5,6480,dense,0700010080D9534606110FD803050050196F,0.01,0
13,14,-90,15.0,23,3697,42,1,0,0,5,723,1767.6,15,4343,light,0D000E00A63C17772A0105D3020F00F71050,0.6874,1
6,9,-69,15.0,2,3600,24,2,1,0,2,159,150.2,15,309,light,06000900BB3C026E1812029F000F0035019C,0.8291,1
8,10,-119,-5.07,62,3701,46,1,1,0,1,247,231.4,13,3728,dense,08000A0089EC3E782E1101F7000D00900EF5,0.5389,1
6,13,-128,-11.93,73,3649,33,2,0,0,7,1711,2683.5,12,6817,dense,06000D0080D04972210207AF060C00A11A56,0.01,0
16,6,-128,-10.48,83,3837,75,1,1,0,11,519,513.4,15,642,dense,1000060080D653854B110B07020F00820228,0.01,0
1,6,-91,15.0,21,3777,71,1,1,0,0,975,960.3,3,5068,light,01000600A53C157F471100CF030300CC132E,0.8303,0
7,6,-128,-11.75,72,4170,99,3,1,0,10,1239,1242.8,3,6235,dense,0700060080D148A763130AD70403005B1878,0.01,0
8,4,-90,15.0,37,3377,10,1,1,0,19,1224,1237.1,23,4773,light,08000400A63C25570A1113C8041700A51280,0.348,0
9,1,-75,15.0,13,3854,80,1,1,0,15,283,276.3,201,6541,light,09000100B53C0D8750110F1B01C9008D1920,0.5181,0
6,14,-85,15.0,11,3743,58,3,1,0,2,700,673.6,45,6610,light,06000E00AB3C0B7C3A1302BC022D00D219AE,0.7402,1
13,8,-108,8.55,45,3985,88,1,0,0,2,2130,4193.1,12,669,light,0D00080094222D9458010252080C009D027C,0.6466,1
12,8,-128,-10.05,85,3695,44,3,0,0,9,3236,2278.1,16,1004,medium,0C00080080D855772C0309A40C1000EC03FA,0.01,0
4,8,-117,-1.24,46,3683,35,1,1,0,1,1468,1474.7,9,1292,medium,040008008BFB2E76231101BC0509000C05E9,0.6635,0
10,6,-128,-5.72,79,3758,58,2,0,0,1,4527,2851.5,16,9,dense,0A00060080E94F7D3A0201AF1110000900E1,0.01,0
11,5,-128,-9.44,100,3258,7,2,1,0,31,2187,2192.6,4,736,medium,0B00050080DA644B07121F8B080400E00274,0.01,0
7,12,-96,15.0,31,3802,75,2,0,0,10,3907,2183.7,21,2007,light,07000C00A03C1F824B020A430F1500D70778,0.5163,1
13,6,-128,-10.25,82,3058,3,1,0,0,10,3337,3299.1,193,6404,medium,0D00060080D7523703010A090DC10004197C,0.01,0
15,9,-94,15.0,36,3611,22,3,1,0,12,1957,1953.9,10,3880,light,0F000900A23C246F16130CA5070A00280FD8,0.4379,1
13,7,-128,-11.0,91,3766,60,4,0,0,42,1524,1791.8,181,6530,dense,0D00070080D45B7E3C042AF405B500821937,0.01,0
9,7,-109,5.1,44,3856,81,1,1,0,5,1680,1693.2,8,2614,medium,0900070093142C8751110590060800360A5F,0.5869,0
16,5,-116,1.83,55,3762,65,4,1,0,4,995,1000.5,11,2655,medium,100005008C07377E411404E3030B005F0AE0,0.466,1
4,13,-128,-12.11,68,3890,84,4,1,1,4,3510,3515.5,24,5605,medium,04000D0080D0448B543404B60D1800E5158C,0.01,0
2,12,-102,14.11,27,3956,88,2,1,0,1,356,342.2,1232,2251,medium,02000C009A381B915812016401D004CB08B3,0.7283,1
9,12,-120,-4.27,75,3774,65,2,0,0,10,387,864.0,28,4944,medium,09000C0088EF4B7F41020A83011C00501362,0.3391,1
14,9,-104,13.84,52,4060,92,1,1,0,11,3443,3437.3,28,38,light,0E0009009837349C5C110B730D1C0026002A,0.4447,1
1,3,-100,15.0,43,3658,32,2,1,0,10,2642,2618.7,20,2688,light,010003009C3C2B7320120A520A1400800A9D,0.4706,0
12,1,-117,0.98,62,3792,77,2,1,0,2,1060,1056.0,1925,6075,medium,0C0001008B043E814D120224048507BB1715,0.5269,0
6,5,-128,-10.52,100,3435,11,3,1,1,39,1408,1427.0,293,5013,dense,0600050080D6645D0B332780052501951362,0.01,0
2,8,-91,15.0,59,3748,61,2,1,0,36,1187,1188.3,107,1317,light,02000800A53C3B7C3D1224A3046B00250565,0.1649,0
6,7,-104,12.78,41,3704,48,2,0,0,5,428,520.8,29,5649,medium,0600070098332978300205AC011D001116FA,0.5697,1
9,2,-128,-13.77,88,3920,86,1,1,0,10,1574,1567.7,23,6430,dense,0900020080C9588E56110A260617001E19EA,0.01,0
5,1,-93,15.0,77,3782,65,2,1,0,47,1447,1445.7,20,7045,light,05000100A33C4D8041122FA7051400851B7C,0.1194,0
5,12,-128,-10.14,87,3729,50,2,1,0,12,3930,3918.4,12,5789,dense,05000C0080D7577A32120C5A0F0C009D163C,0.01,0
6,9,-114,2.38,74,3772,65,2,1,0,19,730,756.7,5,840,medium,060009008E0A4A7F411213DA02050048035E,0.2573,0
8,12,-85,15.0,14,3748,63,4,0,0,2,516,1072.3,173,6661,light,08000C00AB3C0E7C3F04020402AD00051ACF,0.6833,0
4,3,-99,15.0,80,3634,26,1,0,0,45,100,119.3,195,3892,dense,040003009D3C50711A012D6400C300340FD7,0.1218,0
10,4,-128,-11.48,77,3598,18,2,0,0,7,319,356.8,7,1849,dense,0A00040080D24D6D1202073F0107003907D2,0.01,0
6,3,-51,15.0,0,3623,17,2,1,0,5,72,83.3,69,2475,light,06000300CD3C007011120548004500AB09A3,0.7555,1
8,10,-113,7.34,74,3704,42,3,1,0,8,939,941.5,8,2054,medium,08000A008F1D4A782A1308AB0308000608CD,0.3572,0
10,15,-107,11.51,76,3828,76,5,0,0,29,116,312.4,11,1679,medium,0A000F00952E4C844C051D74000B008F0633,0.1479,0
4,12,-106,8.97,49,4023,91,2,0,0,8,456,519.0,100,2301,medium,04000C00962431985B0208C8016400FD087C,0.4802,0
6,7,-126,-9.32,63,3607,20,1,1,0,1,1213,1197.0,151,3660,medium,0600070082DB3F6E141101BD0497004C0E9D,0.0221,0
14,11,-103,14.52,37,3952,86,1,1,0,1,2674,2674.4,26,769,light,0E000B00993A2591561101720A1A000103AD,0.7137,0
11,6,-77,15.0,4,3627,25,1,1,1,10,471,477.1,16,3826,light,0B000600B33C047019310AD7011000F20EB4,0.6534,0
16,10,-86,15.0,19,4028,91,2,1,0,0,703,703.6,30,3911,light,10000A00AA3C13985B1200BF021E00470F8B,0.7974,1
6,15,-128,-14.43,72,3649,29,2,1,0,3,238,240.6,195,2695,dense,06000F0080C648721D1203EE00C300870A02,0.01,0
1,7,-96,15.0,44,4121,97,2,0,0,16,1765,1932.4,6,4500,light,01000700A03C2CA2610210E5060600941194,0.3784,0
1,15,-109,9.17,98,3740,55,5,1,0,41,643,645.5,26,2680,medium,01000F009325627C37152983021A00780AA6,0.0762,0
3,15,-123,-6.31,95,3750,56,1,0,0,38,1383,1174.1,29,3444,medium,03000F0085E75F7D38012667051D00740D00,0.0851,0
1,11,-95,15.0,27,3889,84,3,1,0,9,3152,3149.0,2,2114,light,01000B00A13C1B8A541309500C020042085A,0.5198,1
2,7,-103,11.42,54,3754,76,2,0,0,12,229,265.0,14,50,medium,02000700992E367D4C020CE5000E00320091,0.3997,1
10,1,-117,0.05,70,3630,31,2,1,1,12,769,751.4,24,3333,medium,0A0001008B0046711F320C01031800050DD1,0.3429,0
5,15,-107,9.96,40,3636,33,1,1,0,0,765,766.3,20,4159,medium,05000F0095282871211100FD0214003F1026,0.722,1
4,14,-128,-9.78,92,3809,71,2,1,0,36,3889,3894.8,10,181,medium,04000E0080D95C82471224310F0A00B500B1,0.01,0
3,14,-69,15.0,4,3794,67,4,0,0,12,383,228.8,229,6830,light,03000E00BB3C048143040C7F01E500AE1AF7,0.513,0
8,14,-119,-0.8,70,3665,34,2,0,0,4,1321,1606.1,4,2401,medium,08000E0089FD46742202042905040061090C,0.4535,0
10,6,-125,-9.1,87,3965,89,1,1,0,10,1550,1564.2,6,726,medium,0A00060083DC579259110A0E060600D6020D,0.0247,0
15,11,-128,-12.38,85,3762,67,2,1,0,11,214,228.9,265,4712,dense,0F000B0080CE557E43120BD6000901681218,0.01,0
10,9,-128,-14.14,73,3698,50,2,0,0,5,4163,2402.0,28,6522,medium,0A00090080C7497732020543101C007A1993,0.01,0
10,9,-128,-10.43,78,3759,55,4,1,0,7,189,209.2,275,6998,dense,0A00090080D64E7D371407BD001301561BEE,0.01,0
15,9,-76,15.0,0,3763,70,2,1,0,7,330,328.4,5,6613,light,0F000900B43C007E4612074A010500D5198E,0.7044,1
13,14,-91,15.0,21,3862,82,3,1,0,4,157,161.4,19,7088,medium,0D000E00A53C15885213049D001300B01BE0,0.6458,0
1,10,-120,-1.68,71,3764,69,1,1,0,10,1529,1554.6,139,4848,medium,01000A0088F9477E45110AF9058B00F012C0,0.3836,0
14,8,-105,11.36,45,3665,34,4,1,0,1,435,444.4,2218,458,medium,0E000800972D2D74221401B301AA08CA01A6,0.5639,1
1,13,-119,-4.04,73,3690,40,1,1,0,9,1236,1227.4,195,1087,medium,01000D0089F04977281109D404C3003F04A0,0.3812,0
7,9,-101,14.69,38,3814,79,1,1,0,11,114,104.3,16,1729,dense,070009009B3B26834F110B72001000C10676,0.499,1
9,3,-128,-9.62,77,3712,54,3,1,0,12,701,688.8,2227,3856,dense,0900030080DA4D7936130CBD02B308100FF5,0.01,0
5,9,-98,15.0,50,3808,80,1,0,0,9,675,480.1,111,3497,medium,050009009E3C3282500109A3026F00A90D10,0.4853,1
14,16,-99,15.0,30,3429,12,3,1,0,4,383,390.8,6,383,medium,0E0010009D3C1E5C0C13047F0106007F0113,0.6059,1
13,14,-110,5.55,48,4074,94,2,1,0,2,612,608.6,4,534,medium,0D000E009216309D5E1202640204001602D2,0.5975,1
14,10,-128,-8.68,79,4021,91,1,1,0,0,291,308.4,20,3907,dense,0E000A0080DD4F985B110023011400430F95,0.01,0
5,4,-104,11.14,46,3038,3,1,0,0,4,198,316.5,19,6319,medium,05000400982D2E35030104C6001300AF18E5,0.1196,0
14,10,-96,15.0,81,3879,83,1,1,0,39,1770,1767.7,21,971,light,0E000A00A03C5189531127EA061500CB03F5,0.1247,0
10,7,-88,15.0,22,3077,3,1,0,0,9,2067,1530.7,9,790,light,0A000700A83C1639030109130809001603E0,0.1204,0
1,14,-75,15.0,3,3960,88,1,0,0,6,630,475.0,22,1268,light,01000E00B53C039258010676021600F404BF,0.7562,0
10,15,-73,15.0,4,3779,71,3,0,0,4,85,94.2,17,3888,medium,0A000F00B73C047F47030455001100300FA8,0.7212,1
11,1,-77,15.0,5,3765,63,1,0,0,10,483,476.1,15,2935,light,0B000100B33C057E3F010AE3010F00770B8A,0.6494,0
12,4,-115,0.87,63,3795,67,3,0,0,10,1190,895.6,17,3237,medium,0C0004008D033F8143030AA6041100A50CF8,0.3725,0
16,10,-128,-9.18,64,3825,78,3,0,0,1,3360,2921.2,28,4153,medium,10000A0080DB40844E0301200D1C003910C0,0.01,0
13,16,-77,15.0,5,3289,8,3,1,0,9,827,828.1,20,6143,light,0D001000B33C054E0813093B031400FF1774,0.4714,0
16,4,-119,-2.13,52,3627,28,1,1,0,0,1022,1013.6,4,6595,medium,1000040089F734701C1100FE030400C319B1,0.6518,0
8,9,-128,-10.24,76,3822,74,4,1,0,6,540,540.1,12,1721,dense,0800090080D74C844A14061C020C00B906EA,0.01,0
3,1,-128,-9.62,67,3772,71,1,0,0,1,2147,2684.0,16,5717,medium,0300010080DA437F47010163081000551622,0.01,0
15,5,-77,15.0,0,3814,71,4,1,0,3,344,342.2,4,1938,light,0F000500B33C008347140358010400920729,0.7203,1
2,3,-128,-12.14,75,3597,16,1,1,0,2,1258,1252.9,953,5553,dense,0200030080CF4B6D101102EA04B903B1155E,0.01,0
1,8,-112,6.31,48,3685,49,2,1,0,0,1140,1129.0,649,2223,medium,010008009019307631120074048902AF0867,0.6408,1
2,15,-75,15.0,5,3401,10,3,0,0,0,143,105.1,57,6119,medium,02000F00B53C055A0A03008F003900E717CE,0.8245,1
4,11,-121,-6.36,64,4143,98,3,1,0,2,2676,2683.5,128,7069,medium,04000B0087E740A4621302740A80009D1B7C,0.3798,0
16,8,-106,10.75,55,3774,66,2,1,0,6,435,420.6,210,1390,medium,10000800962B377F421206B301D2006E0562,0.4888,1
9,14,-121,-5.16,74,3706,45,2,1,0,12,902,892.0,203,6056,medium,09000E0087EB4A782D120C8603CB00A817AD,0.3055,0
16,2,-128,-11.81,95,4024,90,1,1,0,8,4188,4189.7,286,2710,medium,1000020080D15F985A11085C101E01960A67,0.01,0
6,8,-104,11.14,36,3791,69,1,1,0,4,317,339.6,10,2139,medium,06000800982D24814511043D010A005B0866,0.6475,0
16,13,-93,15.0,22,3267,7,1,1,0,1,209,193.8,22,6320,medium,10000D00A33C164C071101D1001600B018F0,0.5976,1
9,16,-119,-2.62,72,3099,4,1,1,0,10,240,241.5,10,3135,dense,0900100089F6483B04110AF0000A003F0C7E,0.0757,0
1,2,-58,15.0,0,3661,33,2,1,0,3,92,97.3,21,863,light,01000200C63C00742112035C0015005F0368,0.8103,1
4,15,-68,15.0,38,3579,14,1,1,0,44,140,139.9,34,3881,light,04000F00BC3C266B0E112C8C002200290FFA,0.1809,1
10,6,-108,3.49,52,3808,74,2,1,0,6,753,741.7,78,6545,medium,0A000600940E34824A1206F1024E009119D8,0.5019,0
8,5,-91,15.0,26,3715,53,2,1,0,5,1151,1130.4,6,1824,light,08000500A53C1A793512057F040600200758,0.6377,0
15,16,-128,-9.69,88,3396,10,2,1,0,12,4195,4191.7,19,5149,dense,0F00100080D958590A120C631013001D14CC,0.01,0
1,3,-128,-11.82,82,3647,32,1,1,0,6,935,948.1,1,6753,dense,0100030080D15272201106A7030100611A1E,0.01,0
13,15,-98,15.0,79,3815,72,1,0,0,38,257,390.6,20,1014,medium,0D000F009E3C4F8348012601011400F6038D,0.1322,0
3,8,-87,15.0,21,4104,94,4,0,0,6,1147,879.4,129,450,light,03000800A93C15A05E04067B048100C20132,0.5668,1
13,9,-94,15.0,29,3896,82,1,1,0,5,53,88.3,18,155,dense,0D000900A23C1D8B521105350012009B0048,0.6587,1
15,14,-128,-10.31,83,3838,80,4,0,0,8,787,429.3,178,421,dense,0F000E0080D753855004081303B200A5014F,0.01,0
11,9,-109,10.22,58,4158,98,3,1,0,12,1054,1032.6,1,1849,medium,0B00090093293AA562130C1E040100390754,0.3641,1
14,1,-113,4.81,58,3895,83,3,0,1,9,648,629.4,22,6532,medium,0E0001008F133A8B53230988021600841963,0.4044,1
2,12,-123,-6.71,88,3742,65,1,1,0,46,2228,2226.4,43,3490,medium,02000C0085E5587C41112EB4082B00A20D3C,0.0779,0
7,1,-128,-11.93,83,3656,41,1,1,0,9,589,577.3,11,1723,dense,0700010080D053732911094D020B00BB0612,0.01,0
1,10,-71,15.0,0,3130,4,1,1,0,0,164,166.7,12,3039,medium,01000A00B93C003F041100A4000C00DF0BB4,0.19,0
12,2,-103,14.06,33,3155,5,1,0,0,1,173,379.3,18,6351,medium,0C00020099382141050101AD001200CF1889,0.1471,0
4,5,-128,-10.91,94,4050,94,2,1,0,16,3528,3524.4,3,5847,medium,0400050080D45E9B5E1210C80D0300D71623,0.01,1
9,12,-128,-9.73,71,3774,71,1,1,0,3,2750,2741.7,25,5124,dense,09000C0080D9477F471103BE0A1900041434,0.01,0
9,8,-104,14.02,46,3736,56,4,0,0,2,294,559.5,1838,3011,medium,0900080098382E7B38040226012E07C30BFA,0.54,1
2,9,-93,15.0,25,3769,60,2,1,0,4,453,456.9,2493,574,medium,02000900A33C197E3C1204C501BD093E027E,0.6651,0
13,10,-91,15.0,16,3717,53,1,1,0,1,1052,1043.6,3139,6494,light,0D000A00A53C10793511011C04430C5E196E,0.8293,0
4,7,-112,5.96,62,3588,22,1,1,0,12,1470,1486.1,4,3928,medium,0400070090183E6C16110CBE050400580F55,0.392,0
8,12,-94,15.0,21,3108,4,3,1,1,3,1419,1424.0,17,3171,light,08000C00A23C153C0433038B051100630C7E,0.1338,0
1,11,-104,13.9,43,3774,66,1,0,0,12,915,754.4,30,2488,medium,01000B0098382B7F42010C93031E00B809CA,0.4632,0
5,8,-101,15.0,33,3691,45,2,1,0,3,1664,1678.9,1141,3982,light,050008009B3C21772D1203800675048E0FC1,0.6499,1
5,4,-128,-11.7,90,3712,56,2,1,0,8,749,728.9,15,3828,dense,0500040080D15A79381208ED020F00F40E7B,0.01,0
13,3,-116,2.14,60,4094,94,2,1,0,3,833,825.5,17,562,medium,0D0003008C093C9F5E120341031100320289,0.5186,0
13,1,-128,-12.17,80,4083,93,2,0,0,1,515,426.8,6,5959,dense,0D00010080CF509E5D0201030206004717BE,0.01,0
9,7,-128,-12.16,78,3997,89,2,1,0,2,597,601.8,4,1782,dense,0900070080CF4E9559120255020400F60620,0.01,0
7,5,-68,15.0,4,4016,93,3,0,0,8,74,113.4,3570,4379,light,07000500BC3C04975D03084A00F20D1B111C,0.627,1
11,9,-87,15.0,16,3888,83,1,1,0,3,225,219.4,46,6130,medium,0B000900A93C108A531103E1002E00F217E1,0.7732,1
11,16,-128,-14.5,99,3936,85,1,1,0,46,671,670.7,1,5267,dense,0B00100080C6638F55112E9F0201009314B7,0.01,0
8,9,-96,15.0,24,3814,78,2,1,0,1,343,348.1,2514,811,medium,08000900A03C18834E12015701D2092B0337,0.7439,1
7,13,-128,-10.26,75,3746,60,2,1,0,2,332,338.6,20,1613,dense,07000D0080D74B7C3C12024C0114004D0640,0.01,0
6,9,-128,-13.14,68,4110,93,2,1,0,0,2566,2559.6,27,5862,dense,0600090080CB44A15D1200060A1B00E6169F,0.01,0
1,14,-105,9.79,47,3724,53,1,1,0,11,636,617.1,22,1030,medium,01000E0097272F7A35110B7C021600060471,0.4641,1
10,3,-108,8.89,50,3804,75,2,0,0,0,670,550.7,6,5050,medium,0A000300942432824B02009E020600BA1343,0.63,1
1,3,-128,-10.63,73,3662,37,1,1,0,3,987,986.4,1196,5052,dense,0100030080D54974251103DB03AC04BC13FA,0.01,0
13,3,-109,5.21,61,3684,42,2,0,0,6,539,446.5,3,3060,medium,0D00030093153D762A02061B020300F40BBA,0.4625,0
2,10,-103,11.3,32,3755,58,1,1,0,2,4187,4194.8,16,5309,light,02000A00992D207D3A11025B101000BD14C0,0.7157,1
3,4,-120,-3.36,64,3651,32,3,1,1,6,1441,1435.2,49,689,medium,0300040088F34073203306A1053100B10298,0.42,0
14,7,-107,8.85,47,3795,68,4,1,0,3,663,685.2,273,7002,medium,0E00070095232F81441403970211015A1B94,0.5171,0
16,12,-128,-9.42,77,4026,91,1,0,0,2,738,1157.6,5,4679,dense,10000C0080DA4D985B0102E20205004712D1,0.01,0
7,1,-128,-6.35,80,3637,33,1,1,0,6,818,833.4,4,5143,dense,0700010080E750712111063203040017147C,0.01,0
3,15,-81,15.0,24,3725,51,1,0,0,17,152,172.4,14,3760,medium,03000F00AF3C187A33011198000E00B00EDB,0.4485,0
9,4,-107,9.29,58,3716,42,1,1,0,10,566,571.8,1611,2335,medium,0900040095253A792A110A36024B061F0948,0.4365,0
9,2,-100,14.99,53,3635,31,2,0,0,11,599,508.0,29,5242,medium,090002009C3C35711F020B57021D007A14F2,0.4177,0
11,10,-98,15.0,33,3613,20,1,0,0,12,2112,2546.2,24,6606,light,0B000A009E3C216F14010C40081800CE19D3,0.5006,1
9,13,-120,-2.8,70,3760,53,1,1,0,7,176,166.7,10,5883,dense,09000D0088F5467E351107B0000A00FB16BB,0.4288,0
10,6,-114,-1.11,62,4094,96,2,1,0,11,784,789.3,28,5217,medium,0A0006008EFC3E9F60120B10031C0061141A,0.3843,0
9,16,-94,15.0,29,3970,88,2,1,0,4,2077,2075.2,26,6495,light,09001000A23C1D935812041D081A005F193E,0.6463,1
2,11,-85,15.0,10,3574,24,2,1,0,3,138,145.6,21,4123,medium,02000B00AB3C0A6B1812038A0015001B10B9,0.7617,1
12,10,-105,12.82,34,4071,93,1,1,0,1,132,124.3,21,4657,dense,0C000A009733229D5D1101840015003112C3,0.7302,0
9,4,-128,-13.94,100,3771,70,1,1,0,29,731,755.9,30,7125,dense,0900040080C8647F46111DDB021E00D51B6C,0.01,0
1,8,-100,15.0,30,3763,65,1,1,0,3,3029,3057.5,15,6086,light,010008009C3C1E7E411103D50B0F00C617A9,0.7014,0
4,3,-65,15.0,0,3577,20,1,0,0,1,143,131.5,17,6297,light,04000300BF3C006B1401018F001100991821,0.9173,1
7,14,-113,3.97,65,3035,2,3,1,0,9,278,291.7,21,1071,dense,07000E008F104135021309160115002F046E,0.0757,0
15,7,-100,15.0,56,3989,89,5,1,0,36,143,167.9,1,2096,medium,0F0007009C3C38945915248F000100300894,0.1413,1
8,9,-117,-1.16,62,3766,69,2,1,0,9,547,530.1,14,896,medium,080009008BFB3E7E45120923020E00800382,0.4121,1
9,5,-91,15.0,25,3927,85,5,0,0,7,563,426.9,29,6628,medium,09000500A53C198E55050733021D00E4192B,0.499,0
4,8,-128,-11.49,77,3698,44,1,1,0,4,3320,3327.4,26,2720,medium,0400080080D24D772C1104F80C1A00A00A8F,0.01,0
7,2,-128,-14.91,78,3747,65,3,0,0,4,6940,4150.5,11,3470,medium,0700020080C44E7C4103041C1B0B008E0DCE,0.01,0
13,6,-96,15.0,29,4006,91,3,1,0,8,2463,2480.8,22,6192,light,0D000600A03C1D965B13089F091600301832,0.5306,1
1,7,-76,15.0,7,3669,36,2,1,0,12,377,406.2,32,4067,light,01000700B43C077424120C79012000E30FC8,0.5665,1
7,3,-113,6.21,59,4049,92,1,1,0,7,545,555.1,27,3242,medium,070003008F193B9A5C110721021B00AA0C65,0.4803,0
16,6,-72,15.0,9,3758,62,1,1,0,8,278,289.3,28,4941,light,10000600B83C097D3E110816011C004D131A,0.6792,1
10,5,-103,13.51,46,3753,60,2,1,0,4,550,544.9,22,5486,medium,0A00050099362E7D3C1204260216006E1588,0.5665,1
5,14,-128,-11.79,83,3271,7,3,1,0,10,978,978.5,11,2630,dense,05000E0080D1534D07130AD2030B00460AA9,0.01,0
5,7,-128,-9.66,79,4120,97,1,1,0,7,671,670.9,1,2248,dense,0500070080D94FA26111079F020100C808C1,0.01,0
14,7,-100,15.0,21,3775,73,2,0,0,0,4893,3025.1,201,1926,light,0E0007009C3C157F4902001D13C90086075D,0.7866,1
3,1,-128,-10.05,66,3794,75,2,0,0,6,3922,3991.0,233,1582,medium,0300010080D842814B0206520FE9002E0683,0.01,0
16,8,-107,11.56,60,2971,2,2,0,0,12,5006,4015.3,24,5018,light,10000800952E3C2F02020C8E1318009A1301,0.0757,0
14,13,-83,15.0,14,3884,83,3,0,0,6,833,817.7,11,6848,light,0E000D00AD3C0E8A53030641030B00C01AA4,0.6311,1
10,3,-70,15.0,0,3817,78,2,1,0,2,347,329.4,2,465,light,0A000300BA3C00834E12025B010200D101F4,0.8392,0
2,8,-119,-2.57,73,3326,8,3,1,0,18,1346,1353.5,266,5246,medium,0200080089F6495208131242050A017E1433,0.2125,0
14,11,-81,15.0,14,3772,73,1,1,0,6,113,123.4,18,6783,medium,0E000B00AF3C0E7F491106710012007F1A61,0.7054,1
8,1,-128,-13.75,79,3802,68,2,1,0,8,595,593.0,109,3734,dense,0800010080C94F8244120853026D00960E87,0.01,0
13,9,-128,-10.57,74,3748,66,2,1,0,3,364,365.7,49,535,dense,0D00090080D64A7C4212036C013100170200,0.01,0
11,10,-88,15.0,23,3728,63,3,1,0,6,1417,1388.9,75,3133,light,0B000A00A83C177A3F130689054B003D0CA9,0.5939,0
3,6,-105,11.99,49,4146,97,3,1,0,9,2698,2708.5,27,658,light,03000600973031A46113098A0A1B009202C0,0.4379,1
9,12,-110,5.95,55,3920,84,1,1,0,10,721,723.9,18,5359,medium,09000C009218378E54110AD1021200EF142F,0.4485,1
4,10,-85,15.0,18,3814,81,1,1,0,7,172,170.9,10,4907,medium,04000A00AB3C1283511107AC000A002B13ED,0.6633,0
3,7,-107,7.22,36,4129,95,2,0,0,1,111,150.3,2849,1320,dense,03000700951D24A25F02016F00210B280586,0.6813,0
2,1,-128,-12.82,72,3917,85,2,1,0,8,1411,1413.4,180,3518,dense,0200010080CD488D5512088305B400BE0D26,0.01,0
13,2,-128,-9.52,83,4050,92,1,0,0,6,448,664.9,2582,2809,dense,0D00020080DA539B5C0106C001160AF90A5F,0.01,0
12,9,-128,-10.09,88,3466,11,2,0,0,9,1312,1117.8,11,60,dense,0C00090080D858600B020920050B003C0042,0.01,0
3,7,-128,-6.68,75,3747,59,1,1,0,6,1199,1205.4,5,3840,dense,0300070080E54B7C3B1106AF040500000FA5,0.01,0
4,11,-123,-7.08,69,3689,36,1,1,0,1,495,507.7,2,7059,dense,04000B0085E44576241101EF010200931B26,0.3298,1
9,16,-104,11.89,37,3724,52,2,1,0,0,3721,3753.7,19,4151,light,090010009830257A341200890E130037108E,0.7002,1
12,13,-77,15.0,6,3678,37,1,1,0,10,569,559.9,191,3914,light,0C000D00B33C067525110A3902BF004A0FB3,0.6454,1
4,12,-128,-9.99,83,3659,41,3,0,0,5,3510,3287.3,8,119,dense,04000C0080D85373290305B60D08007700B6,0.01,0
16,4,-115,0.22,54,3635,29,2,1,0,2,1030,1016.6,105,4665,medium,100004008D0136711D1202060469003912E5,0.5672,0
14,6,-99,15.0,85,3153,5,1,1,0,41,2177,2181.5,28,4291,light,0E0006009D3C554105112981081C00C31060,0.023,0
6,11,-97,15.0,40,3820,79,2,1,0,11,1921,1909.9,15,6005,light,06000B009F3C28844F120B81070F007517FB,0.4654,1
14,16,-128,-10.63,65,3813,77,2,1,0,0,3828,3831.1,12,5546,medium,0E00100080D541834D1200F40E0C00AA1530,0.01,0
7,16,-82,15.0,60,3798,75,3,1,0,38,935,931.1,5,6357,light,07001000AE3C3C814B1326A7030500D51854,0.1439,0
4,15,-122,-5.13,74,3799,76,1,1,0,11,1881,1891.0,246,740,medium,04000F0086EB4A814C110B5907F600E40258,0.3347,0
16,1,-128,-11.14,84,4064,93,1,1,0,9,342,352.0,3,6417,dense,1000010080D3549C5D1109560103001119D7,0.01,0
13,14,-128,-8.85,74,4039,93,3,1,0,12,2166,2159.5,26,5135,medium,0D000E0080DD4A995D130C76081A000F14C2,0.01,0
6,3,-121,-4.96,71,4010,90,3,1,0,10,176,184.9,5,470,dense,0600030087EC47975A130AB0000500D60133,0.324,0
13,1,-125,-9.51,72,3897,84,2,1,0,1,3629,3638.2,133,5054,medium,0D00010083DA488B5412012D0E8500BE1397,0.028,0
13,1,-85,15.0,34,3935,86,3,1,0,18,884,883.2,21,3090,light,0D000100AB3C228F56131274031500120C7E,0.3604,0
14,16,-112,0.93,88,3772,72,1,1,0,35,1641,1646.8,3075,4497,medium,0E0010009004587F4811236906030C9111A8,0.1317,0
13,14,-101,12.94,36,3721,55,1,0,0,2,771,1666.3,7,3396,light,0D000E009B34247A37010203030700440DC0,0.6944,1
11,9,-121,-1.58,70,3766,67,3,1,0,12,740,743.5,119,5853,medium,0B00090087FA467E43130CE4027700DD16EB,0.3234,0
14,4,-128,-8.72,99,3738,52,2,1,0,47,2624,2608.3,150,5726,dense,0E00040080DD637B34122F400A96005E161B,0.01,0
16,10,-128,-14.48,85,3808,78,3,1,0,8,2430,2438.6,47,6953,medium,10000A0080C655824E13087E092F00291B09,0.01,0
6,11,-110,6.33,53,3726,59,1,1,0,9,159,137.2,10,1079,dense,06000B009219357A3B11099F000A003704AE,0.4728,1
3,9,-112,2.18,61,3781,68,2,0,0,7,2256,967.6,17,5010,medium,0300090090093D80440207D008110092133A,0.4466,1
7,1,-98,15.0,35,3721,50,1,0,0,8,3631,2464.7,4,798,light,070001009E3C237A3201082F0E04001E031F,0.5672,1
3,9,-115,-2.4,65,3720,57,1,1,0,2,171,171.4,21,3681,dense,030009008DF6417A391102AB001500610E66,0.5384,1
3,15,-86,15.0,22,3957,89,1,1,0,11,640,624.0,13,4026,light,03000F00AA3C169159110B80020D00BA0F8A,0.5611,0
10,6,-126,-10.28,76,3717,55,2,1,0,11,2075,2070.4,29,1699,medium,0A00060082D74C7937120B1B081D00A306D0,0.01,0
13,12,-84,15.0,19,3734,56,3,0,0,6,710,852.5,156,2980,light,0D000C00AC3C137B380306C6029C00A40B06,0.6105,0
11,2,-78,15.0,4,3291,8,1,0,0,9,213,130.5,1502,3918,medium,0B000200B23C044F080109D500DE054E0FF4,0.5322,0
7,6,-110,4.54,59,3769,65,2,1,0,6,1150,1141.6,17,1817,medium,0700060092123B7E4112067E041100190796,0.4713,0
1,13,-128,-10.97,75,3652,32,2,1,0,0,233,248.6,10,998,dense,01000D0080D44B73201200E9000A00E603C4,0.01,0
1,5,-123,-3.57,79,3788,71,3,1,0,10,286,275.6,10,1326,dense,0100050085F24F8047130A1E010A002E05B0,0.3109,0
1,4,-99,15.0,33,3764,70,2,1,0,9,1964,1974.1,24,3991,light,010004009D3C217E461209AC071800970F96,0.5268,1
11,2,-128,-10.38,72,3791,72,4,0,0,5,3400,2562.8,236,5309,medium,0B00020080D64881480405480DEC00BD14EC,0.01,0
10,4,-119,-2.34,70,3673,37,2,1,0,12,2404,2411.8,26,33,medium,0A00040089F7467525120C64091A002100AA,0.3418,0
16,2,-128,-8.94,93,3941,85,1,1,0,12,3327,3325.8,9,5827,dense,1000020080DC5D9055110CFF0C0900C3167B,0.01,0
15,5,-64,15.0,0,3695,39,1,1,0,0,151,152.4,40,2872,light,0F000500C03C007727110097002800380BEA,0.95,1
11,7,-128,-12.73,92,3943,85,2,1,0,10,3796,3803.1,26,1311,medium,0B00070080CD5C9055120AD40E1A001F054F,0.01,0
4,6,-74,15.0,28,3746,61,1,1,0,33,124,111.5,2,2978,medium,04000600B63C1C7C3D11217C000200A20BB5,0.249,0
7,12,-86,15.0,14,3826,75,1,0,0,0,1250,993.2,12,2183,light,07000C00AA3C0E844B0100E2040C008708B3,0.8702,1
8,9,-105,11.12,45,3837,79,2,1,1,9,452,438.5,25,851,medium,08000900972C2D854F3209C4011900530376,0.4795,0
6,14,-123,-4.95,75,3790,74,1,0,0,12,1535,1221.2,13,3353,medium,06000E0085EC4B814A010CFF050D00190D48,0.3237,0
13,5,-120,-3.95,64,3805,69,1,1,0,5,275,260.7,70,2509,dense,0D00050088F0408245110513014600CD0985,0.4816,0
5,7,-88,15.0,32,4105,94,2,1,0,24,1238,1246.1,202,2060,light,05000700A83C20A05E1218D604CA000C08E6,0.3139,0
5,7,-96,15.0,40,3725,52,2,1,0,12,2005,2004.3,91,1005,light,05000700A03C287A34120CD5075B00ED031B,0.4494,0
2,14,-102,15.0,66,3681,40,5,1,0,36,548,560.1,281,6017,medium,02000E009A3C4276281524240219018117E6,0.1285,0
2,5,-114,0.77,54,3508,13,2,1,0,6,1189,1204.2,64,1012,medium,020005008E0336640D1206A5044000F403B7,0.4931,1
16,15,-123,-5.17,66,4168,99,1,1,0,4,1278,1284.6,173,4847,medium,10000F0085EB42A6631104FE04AD00EF129D,0.4631,0
10,4,-128,-12.02,100,3797,79,1,1,0,35,1250,1249.6,12,2581,dense,0A00040080D064814F1123E2040C00150AA3,0.01,0
6,11,-96,15.0,28,3700,44,1,1,0,3,348,336.4,128,5049,medium,06000B00A03C1C782C11035C018000B913F4,0.7116,1
2,7,-110,4.89,51,4143,98,4,1,0,10,99,106.6,7,5345,dense,02000700921433A462140A63000700E11493,0.3912,1
15,7,-128,-9.46,80,3970,88,1,1,0,11,2811,2812.9,83,1316,medium,0F00070080DA509358110BFB0A53002405D2,0.01,0
8,7,-75,15.0,27,3773,64,1,0,0,28,250,82.3,17,1548,medium,08000700B53C1B7F40011CFA0011000C0670,0.2988,0
4,14,-105,13.13,42,3738,57,2,0,0,6,499,393.1,6,3783,medium,04000E0097352A7B390206F3010600C70E2E,0.5457,0
8,13,-86,15.0,10,3805,69,1,1,0,4,705,690.5,30,6381,light,08000D00AA3C0A82451104C1021E00ED1882,0.7763,1
6,8,-113,3.3,58,3752,55,3,1,0,9,1124,1130.5,18,4486,medium,060008008F0D3A7D3713096404120086111B,0.4044,0
4,8,-81,15.0,2,4130,98,3,0,0,4,108,122.3,3377,1068,medium,04000800AF3C02A36203046C00310D2C0458,0.7301,0
6,10,-96,15.0,79,3133,5,2,1,0,49,1994,1986.5,25,4625,light,06000A00A03C4F3F051231CA0719001112D8,0.0233,0
3,5,-96,15.0,21,3698,45,2,1,0,4,1337,1342.8,148,5265,light,03000500A03C15772D12043905940091144B,0.6838,0
9,11,-94,15.0,25,3636,33,2,1,0,3,2734,2744.5,80,5969,light,09000B00A23C1971211203AE0A5000511745,0.6887,1
6,12,-102,11.95,54,3819,80,1,1,0,10,405,429.8,12,1437,medium,06000C009A30368350110A95010C009D05EC,0.4526,1
3,8,-86,15.0,24,3736,58,2,1,0,7,633,646.5,5,122,light,03000800AA3C187B3A1207790205007A005D,0.603,1
9,10,-71,15.0,0,3756,66,1,1,0,1,380,371.2,17,1818,light,09000A00B93C007D4211017C0111001A07BE,0.9173,1
8,14,-128,-9.21,83,4152,98,3,0,0,10,6689,3960.0,4,2052,dense,08000E0080DB53A562030A211A0400040809,0.01,0
14,10,-80,15.0,6,3996,89,1,0,0,4,796,714.2,14,3542,light,0E000A00B03C06955901041C030E00D60D17,0.7962,1
6,4,-128,-14.06,82,3833,79,1,1,0,6,2448,2465.4,3183,6958,dense,0600040080C852854F110690096F0C2E1BCF,0.01,0
1,6,-87,15.0,18,4065,93,1,1,0,12,922,915.7,10,3303,light,01000600A93C129C5D110C9A030A00E70C4E,0.5568,0
14,12,-128,-11.7,78,3739,60,2,1,0,0,1116,1106.7,127,5629,dense,0E000C0080D14E7B3C12005C047F00FD151D,0.01,0
8,7,-128,-11.03,99,3270,7,2,1,0,41,588,579.2,9,5807,dense,0800070080D4634D0712294C020900AF1622,0.01,0
12,7,-128,-8.21,89,3793,70,1,1,0,11,2601,2605.7,17,4997,dense,0C00070080DF598146110B290A1100851390,0.01,0
8,7,-98,15.0,37,3819,78,2,1,0,4,100,115.5,116,3096,dense,080007009E3C25834E120464007400180CB6,0.6087,1
9,6,-97,15.0,74,3802,77,1,0,0,45,248,239.7,3534,4554,medium,090006009F3C4A824D012DF800CE0DCA11BA,0.1303,1
13,14,-91,15.0,22,3697,44,1,1,0,4,798,812.2,3275,2495,light,0D000E00A53C16772C11041E03CB0CBF0983,0.7169,1
6,8,-119,-2.33,56,3831,78,1,1,0,1,393,397.1,83,3793,dense,0600080089F738854E110189015300D10ED0,0.607,1
16,14,-115,1.55,89,3756,64,1,1,0,34,1519,1522.4,22,2388,medium,10000E008D06597D401122EF051600540990,0.1347,0
3,16,-120,-4.25,79,3781,69,1,1,0,10,1785,1800.6,36,4063,medium,0300100088EF4F8045110AF9062400DF0F69,0.3425,0
11,7,-128,-13.08,74,3815,76,2,1,0,4,364,353.9,238,6119,dense,0B00070080CC4A834C12046C01EE00E71739,0.01,0
4,8,-128,-13.82,100,3918,84,1,1,0,39,2215,2216.5,26,3073,dense,0400080080C9648D541127A7081A00010CD5,0.01,0
3,10,-52,15.0,0,4105,95,3,1,0,7,63,96.7,11,141,light,03000A00CC3C00A05F13073F000B008D0083,0.6653,1
6,8,-59,15.0,6,3779,79,3,1,0,11,117,123.3,235,4483,light,06000800C53C067F4F130B7500EB00831108,0.5576,0
4,10,-100,15.0,72,3769,67,1,0,0,41,582,267.9,10,867,medium,04000A009C3C487E43012946020A006303AC,0.1331,0
4,16,-75,15.0,5,3712,57,1,1,0,9,331,323.6,1,579,light,04001000B53C05793911094B0101004302E4,0.6725,1
7,5,-122,-6.48,86,3664,34,2,1,0,17,1556,1574.7,236,6989,medium,0700050086E656742212111406EC004D1B2E,0.1812,0
8,1,-73,15.0,3,3798,75,2,1,0,11,442,434.0,748,435,light,08000100B73C03814B120BBA01EC02B3018C,0.6014,1
16,8,-88,15.0,11,3809,71,2,1,0,3,155,122.1,98,3142,medium,10000800A83C0B824712039B006200460C91,0.7568,1
14,8,-110,6.96,58,3720,60,1,1,0,4,101,109.8,22,5121,dense,0E000800921C3A7A3C1104650016000114FF,0.5385,1
10,4,-97,15.0,33,3714,49,1,1,0,1,195,172.7,13,4477,medium,0A0004009F3C2179311101C3000D007D11A7,0.7357,0
13,10,-124,-9.54,95,3782,74,2,1,0,34,3249,3241.9,23,6115,medium,0D000A0084DA5F804A1222B10C1700E3170E,0.01,0
2,12,-114,0.61,100,3763,63,1,1,0,34,690,691.1,24,527,medium,02000C008E02647E3F1122B20218000F02A2,0.1156,0
15,14,-112,5.25,76,3594,20,1,1,0,30,1205,1209.6,160,1964,medium,0F000E0090154C6D14111EB504A000AC0775,0.1808,1
1,5,-102,12.06,85,3942,86,2,1,0,38,386,384.9,266,3852,medium,010005009A30559056122682010A010C0F71,0.1166,1
7,15,-128,-10.35,74,3786,72,4,1,0,7,2677,2671.6,10,3930,medium,07000F0080D74A80481407750A0A005A0FCA,0.01,0
13,3,-125,-9.97,79,4061,93,1,0,0,3,1633,2373.5,231,982,medium,0D00030083D84F9C5D01036106E700D60343,0.0181,0
5,13,-89,15.0,58,3873,82,1,1,0,31,1260,1249.6,12,253,light,05000D00A73C3A8952111FEC040C00FD0009,0.2093,0
10,5,-128,-10.54,68,4154,98,2,1,0,2,3063,3094.7,15,4435,dense,0A00050080D644A5621202F70B0F005311D2,0.01,0
6,15,-84,15.0,28,3669,36,2,1,0,12,539,528.7,6,3161,light,06000F00AC3C1C7424120C1B020600590C7B,0.492,1
12,7,-108,9.98,46,3744,56,1,1,0,3,678,676.5,192,124,medium,0C00070094282E7C381103A602C0007C00BD,0.6192,0
4,16,-116,0.97,64,3770,67,3,1,0,8,1393,1395.4,78,3940,medium,040010008C04407F43130871054E00640FF0,0.3957,0
7,14,-89,15.0,22,3719,52,2,1,0,0,1277,1262.4,9,3230,light,07000E00A73C1679341200FD0409009E0CD5,0.7812,1
6,16,-128,-10.41,73,3800,71,2,1,0,0,365,384.9,18,7198,dense,0600100080D649824712006D0112001E1CA7,0.01,0
6,12,-128,-14.07,74,3681,41,1,1,0,5,187,199.6,63,6560,dense,06000C0080C84A76291105BB003F00A019CC,0.01,0
9,13,-128,-9.76,98,3665,27,2,1,0,47,4118,4100.0,23,2463,medium,09000D0080D962741B122F161017009F09DA,0.01,0
7,6,-125,-8.3,65,3762,70,2,0,0,2,1785,2061.4,18,4072,medium,0700060083DF417E460202F9061200E80F09,0.1126,0
8,14,-114,5.55,90,3797,75,1,0,0,31,4260,2414.5,15,7127,medium,08000E008E165A814B011FA4100F00D71B20,0.1477,1
5,12,-128,-13.27,75,3831,69,1,1,0,1,325,327.0,13,3533,dense,05000C0080CB4B8545110145010D00CD0DB4,0.01,0
12,14,-87,15.0,18,3762,69,3,1,0,5,1281,1292.3,1234,4886,light,0C000E00A93C127E4513050105D204161352,0.6365,1
5,10,-121,-6.73,79,3715,57,5,0,0,11,1672,1618.8,496,4594,medium,05000A0087E54F7939050B8806F001F211A0,0.1879,1
11,12,-75,15.0,0,3542,14,2,0,0,3,483,601.4,24,2715,light,0B000C00B53C00680E0203E30118009B0AED,0.8103,1
12,13,-128,-13.51,78,4040,91,3,1,0,7,428,417.4,3304,4480,dense,0C000D0080CA4E9A5B1307AC01E80C8011CB,0.01,0
8,11,-128,-12.16,81,3612,20,2,1,0,8,2094,2135.0,12,1535,medium,08000B0080CF516F1412082E080C00FF05DB,0.01,0
1,12,-128,-7.32,78,3722,50,2,1,0,8,2546,2547.4,22,3545,medium,01000C0080E34E7A321208F2091600D90D2E,0.01,0
10,7,-123,-9.14,75,4052,92,3,1,0,6,1982,1981.3,11,1718,medium,0A00070085DB4B9B5C1306BE070B00B60610,0.0536,0
15,6,-128,-9.96,68,3429,11,3,1,0,0,2684,2713.7,29,6502,dense,0F00060080D8445C0B13007C0A1D0066193D,0.01,0
15,5,-94,15.0,39,3747,66,2,1,0,7,1550,1547.2,6,6512,light,0F000500A23C277C4212070E0606007019F6,0.5396,0
9,1,-94,15.0,31,3644,35,4,1,0,11,1652,1655.3,4,1609,light,09000100A23C1F7223140B740604004906B0,0.4431,0
6,11,-113,2.98,62,3861,82,2,1,0,6,495,492.2,21,2254,medium,06000B008F0C3E88521206EF011500CE08DA,0.4581,0
16,12,-83,15.0,6,3787,73,1,1,0,0,161,159.8,4,621,medium,10000C00AD3C0680491100A10004006D02C3,0.9158,1
8,3,-97,15.0,21,3750,57,3,0,0,1,1134,1539.4,13,1731,light,080003009F3C157D3903016E040D00C306CA,0.7173,1
1,14,-112,3.07,57,3757,59,2,1,0,4,1421,1412.6,24,317,medium,01000E00900C397D3B12048D0518003D013C,0.5148,0
2,8,-118,-2.82,71,3826,75,2,1,0,1,1849,1845.8,18,1323,medium,020008008AF547844B1201390712002B0568,0.4959,1
9,8,-128,-12.28,100,3712,57,1,1,0,18,206,207.6,25,7131,dense,0900080080CF6479391112CE001900DB1B47,0.01,0
12,8,-126,-9.56,88,3160,5,2,0,0,7,2224,2552.7,11,4946,medium,0C00080082DA5842050207B0080B005213BB,0.01,0
1,15,-95,15.0,24,4023,92,1,1,0,7,243,232.9,18,6320,medium,01000F00A13C18985C1107F3001200B01831,0.6365,1
11,15,-118,-2.03,72,3642,27,3,1,0,12,2279,2291.4,2,6306,medium,0B000F008AF848721B130CE7080200A2180B,0.3165,0
15,6,-97,15.0,78,4034,91,3,1,0,42,435,418.1,5,6999,medium,0F0006009F3C4E995B132AB3010500571BB8,0.1115,0
7,1,-104,12.18,36,3740,59,3,0,0,6,75,105.2,22,438,dense,070001009831247C3B03064B001600B6017A,0.5402,0
9,10,-128,-12.29,70,3875,83,2,1,0,11,3048,3032.9,23,3014,dense,09000A0080CF468953120BE80B1700C60B09,0.01,0
8,1,-126,-5.68,89,3790,75,2,1,0,23,1495,1470.2,23,4630,medium,0800010082E959814B1217D705170016129A,0.0619,0
15,7,-128,-9.76,79,3754,60,1,1,0,7,2895,2890.1,21,3707,dense,0F00070080D94F7D3C11074F0B15007B0E45,0.01,0
14,9,-118,-4.14,65,4033,92,1,1,0,3,1919,1906.8,20,2754,medium,0E0009008AEF41995C11037F071400C20A12,0.5091,1
6,7,-76,15.0,4,3818,79,3,1,0,7,118,106.7,144,3068,medium,06000700B43C04834F130776009000FC0B87,0.6493,1
13,1,-71,15.0,0,3769,66,2,1,0,1,203,205.8,24,5300,light,0D000100B93C007E421201CB001800B41485,0.869,1
3,7,-128,-11.46,84,4133,97,2,1,0,3,540,535.3,188,1241,dense,0300070080D254A36112031C02BC00D90475,0.01,0
3,13,-128,-11.61,72,4151,98,1,1,0,3,1360,1360.7,25,3228,medium,03000D0080D248A5621103500519009C0C36,0.01,0
1,8,-117,-1.79,48,3777,69,2,1,0,0,703,699.8,410,4721,medium,010008008BF9307F451200BF029A0171129E,0.6396,1
3,12,-128,-11.99,78,3691,48,1,1,0,6,1930,1933.0,23,5157,medium,03000C0080D04E773011068A071700251497,0.01,0
8,5,-83,15.0,13,3760,59,1,0,0,1,155,105.4,16,3339,medium,08000500AD3C0D7E3B01019B0010000B0D60,0.8458,1
7,3,-54,15.0,2,3657,35,2,1,0,2,101,92.5,11,4593,light,07000300CA3C027323120265000B00F111C7,0.8291,1
10,6,-128,-12.68,70,3811,74,4,1,0,2,781,792.5,97,6897,dense,0A00060080CD46834A14020D036100F11AA5,0.01,0
13,4,-128,-10.73,82,3661,34,3,1,0,7,2497,2486.5,23,3289,medium,0D00040080D55274221307C1091700D90CAB,0.01,0
11,14,-91,15.0,29,3270,7,2,1,1,11,192,185.5,21,3726,medium,0B000E00A53C1D4D07320BC00015008E0EA2,0.3819,0
11,1,-112,3.39,49,3808,66,1,1,0,0,885,898.1,14,2447,medium,0B000100900E318242110075030E008F0991,0.6707,1
8,2,-117,1.77,61,4010,89,1,1,0,8,1632,1642.8,30,2355,medium,080002008B073D9759110860061E0033094E,0.4552,0
4,8,-128,-11.36,85,4020,91,1,0,0,11,9608,3960.8,239,813,medium,0400080080D355985B010B8825EF002D03B7,0.01,0
4,1,-100,15.0,29,4080,93,2,1,0,1,532,521.3,27,6599,medium,040001009C3C1D9E5D120114021B00C719B2,0.7178,1
1,12,-103,10.96,40,3612,16,5,1,1,5,481,473.4,204,4933,medium,01000C00992C286F103505E101CC00451305,0.4785,0
15,5,-75,15.0,0,3734,55,2,0,0,0,85,130.5,29,371,medium,0F000500B53C007B37020055001D007301E6,0.9,1
4,11,-113,3.92,60,3768,68,1,1,0,7,723,720.5,11,4552,medium,04000B008F103C7E441107D3020B00C811AE,0.4759,1
1,16,-98,15.0,52,3827,73,5,1,0,15,222,243.8,44,7074,medium,010010009E3C348449150FDE002C00A21B71,0.3052,0
1,2,-77,15.0,6,3606,25,2,0,0,6,278,273.8,24,5940,light,01000200B33C066E190206160118003417BC,0.7033,1
2,16,-91,15.0,70,3720,57,3,1,0,42,1831,1811.1,116,4840,light,02001000A53C467A39132A27077400E8127C,0.1216,0
13,3,-128,-11.06,79,3719,54,1,1,0,8,2869,2866.4,95,5081,medium,0D00030080D44F79361108350B5F00D9138E,0.01,0
10,15,-104,8.62,41,3744,64,2,1,0,4,2605,2599.3,23,6323,light,0A000F009822297C4012042D0A1700B318B4,0.5899,0
16,11,-109,10.93,55,3736,58,2,1,0,11,1313,1297.0,215,4135,medium,10000B00932C377B3A120B2105D70027103C,0.4103,0
5,16,-77,15.0,7,3741,64,2,1,0,6,625,644.2,20,4552,light,05001000B33C077C40120671021400C811E3,0.6989,1
5,11,-88,15.0,26,3913,85,1,0,0,10,251,172.7,30,4644,medium,05000B00A83C1A8D55010AFB001E00241273,0.565,0
2,4,-128,-10.61,74,3922,85,2,0,0,4,997,1098.4,2604,996,dense,0200040080D64A8E550204E5032C0AE40398,0.01,0
9,6,-128,-13.22,88,3773,67,1,0,0,9,3262,4182.2,125,4238,medium,0900060080CB587F430109BE0C7D008E1020,0.01,0
1,16,-88,15.0,64,3046,2,2,0,0,44,528,492.2,285,6252,light,01001000A83C403602022C10021D016C1803,0.0273,0
15,6,-105,11.34,47,3774,69,5,1,0,12,417,432.5,21,5637,medium,0F000600972D2F7F45150CA10115000516D3,0.3538,0
1,2,-104,11.77,48,3753,60,1,1,1,4,573,578.1,10,309,medium,01000200982F307D3C31043D020A003501C8,0.588,0
12,2,-81,15.0,8,3785,75,1,1,0,12,301,295.1,20,1310,light,0C000200AF3C08804B110C2D0114001E051D,0.5942,1
16,5,-95,15.0,34,3746,57,2,1,0,7,1288,1298.2,18,6430,light,10000500A13C227C391207080512001E1900,0.5607,1
14,4,-124,-9.42,85,3918,85,2,1,0,12,1993,2006.6,22,2593,medium,0E00040084DA558D55120CC9071600210A52,0.0313,0
12,8,-97,15.0,43,4182,99,3,0,0,8,139,93.5,13,2931,dense,0C0008009F3C2BA86303088B000D00730BFC,0.4767,1
14,9,-97,15.0,33,3749,56,4,0,0,4,249,405.0,17,3288,medium,0E0009009F3C217C380404F9001100D80CCB,0.5578,0
16,2,-88,15.0,13,3655,31,1,1,0,3,582,577.9,15,2180,light,10000200A83C0D731F110346020F00840807,0.7886,0
10,5,-100,15.0,42,3683,43,1,1,0,11,720,713.1,25,4947,medium,0A0005009C3C2A762B110BD00219005313AB,0.4835,0
3,10,-109,7.63,56,3670,37,1,1,0,10,633,635.6,11,4301,medium,03000A00931F387525110A79020B00CD10F1,0.4445,0
8,16,-96,15.0,27,3472,12,2,1,0,7,2436,2436.5,297,5852,light,08001000A03C1B610C120784092901DC16C6,0.5903,1
15,5,-91,15.0,70,3182,6,2,1,0,48,1218,1235.1,707,1834,light,0F000500A53C4644061230C204C3022A0703,0.0257,0
9,8,-107,8.88,49,3801,68,2,1,0,8,506,496.6,7,5181,medium,0900080095243182441208FA0107003D146A,0.4802,0
16,13,-83,15.0,8,3830,78,1,0,0,1,223,139.0,193,5692,medium,10000D00AD3C08854E0101DF00C1003C1678,0.8733,1
2,12,-128,-9.56,100,3610,20,5,1,0,35,1838,1839.7,16,5151,dense,02000C0080DA646F1415232E0710001F14F2,0.01,0
10,16,-114,1.09,58,4129,97,1,0,0,9,725,648.1,4,1865,medium,0A0010008E043AA2610109D502040049074B,0.452,0
15,14,-128,-12.12,76,3764,65,2,1,0,2,812,825.9,25,1417,dense,0F000E0080D04C7E4112022C0319008905FF,0.01,0
2,13,-120,-2.9,64,3756,58,1,0,0,2,1453,2079.1,15,846,medium,02000D0088F4407D3A0102AD050F004E03D0,0.5422,1
5,10,-96,15.0,41,3743,57,1,0,0,10,3342,2513.1,97,369,light,05000A00A03C297C39010A0E0D61007101F1,0.5048,1
16,7,-68,15.0,0,3619,28,1,1,0,11,100,87.0,7,2280,medium,10000700BC3C006F1C110B64000700E808DB,0.6464,1
6,11,-106,11.18,61,4029,91,1,1,0,20,1239,1233.8,147,785,medium,06000B00962D3D985B1114D704930011031F,0.2991,0
13,16,-56,15.0,0,4007,90,1,1,0,6,81,83.9,3260,2739,light,0D001000C83C00965A11065100BC0CB30A7E,0.7701,1
6,5,-92,15.0,31,3791,71,3,1,0,12,366,370.0,3,39,medium,06000500A43C1F8147130C6E0103002700E5,0.4546,0
5,9,-115,2.71,60,3618,19,2,1,0,6,865,860.3,29,2935,medium,050009008D0B3C6F13120661031D00770B6F,0.4669,0
3,10,-123,-9.54,84,3875,82,3,1,0,12,2696,2695.5,52,5875,medium,03000A0085DA548952130C880A3400F316CA,0.0266,0
7,15,-97,15.0,38,3799,75,5,1,0,6,2972,2984.8,1,3740,light,07000F009F3C26814B15069C0B01009C0E3F,0.4693,1
4,9,-103,13.04,47,4044,92,1,0,0,9,2088,3018.8,21,4386,light,0400090099342F9A5C010928081500221156,0.4978,0
16,14,-124,-8.22,94,3621,25,1,1,0,30,1964,1971.0,13,865,medium,10000E0084DF5E7019111EAC070D0061031C,0.035,0
16,14,-127,-7.38,84,3685,46,1,0,0,20,3805,3620.6,503,1266,medium,10000E0081E254762E0114DD0EF701F204CF,0.0281,0
5,4,-120,-4.84,89,4120,98,1,1,0,23,1174,1175.1,30,2145,medium,0500040088ED59A262111796041E0061085C,0.1879,1
10,4,-71,15.0,22,3694,43,1,1,0,23,153,163.3,20,1324,light,0A000400B93C16772B1117990014002C05BD,0.3687,1
2,12,-89,15.0,22,3604,16,1,1,0,9,189,198.9,2906,3370,medium,02000C00A73C166E101109BD005A0B2A0D22,0.6018,1
9,7,-128,-11.05,87,3725,51,2,0,1,9,337,368.7,15,2258,dense,0900070080D4577A33220951010F00D208EC,0.01,0
15,1,-100,15.0,45,3782,65,1,0,0,3,251,250.2,24,5936,medium,0F0001009C3C2D80410103FB0018003017E4,0.6244,1
7,8,-86,15.0,28,3656,40,2,0,0,7,390,833.1,7,4121,light,07000800AA3C1C732802078601070019108F,0.5861,1
6,11,-85,15.0,25,3679,37,1,1,0,12,731,743.8,197,1786,light,06000B00AB3C197525110CDB02C500FA0618,0.5306,0
13,3,-91,15.0,14,3933,86,4,0,0,0,1403,1883.8,22,1412,light,0D000300A53C0E8F5604007B0516008405D6,0.7328,0
6,11,-124,-8.14,71,3801,74,1,1,0,10,3813,3824.8,19,288,medium,06000B0084DF47824A110AE50E1300200136,0.1272,0
7,4,-94,15.0,41,3729,52,3,1,0,12,478,475.1,150,3665,medium,07000400A23C297A34130CDE019600510E47,0.4211,0
12,14,-128,-12.48,86,3837,82,1,1,0,9,1262,1271.7,9,4677,medium,0C000E0080CE5685521109EE0409004512F7,0.01,0
6,7,-128,-14.0,100,3692,45,2,1,0,45,3151,3138.8,14,6668,medium,0600070080C864772D122D4F0C0E000C1A5E,0.01,0
13,11,-63,15.0,37,3783,70,2,1,0,50,86,82.8,12,5231,medium,0D000B00C13C258046123256000C006F1407,0.1727,0
5,9,-128,-11.44,100,3982,88,1,0,0,38,3011,3698.6,21,910,dense,0500090080D26494580126C30B15008E0318,0.01,0
12,6,-83,15.0,11,3610,20,1,0,0,6,726,568.9,17,4671,light,0C000600AD3C0B6F140106D60211003F1219,0.7192,0
11,10,-117,-3.0,71,3671,33,1,1,0,12,1581,1582.4,7,2222,medium,0B000A008BF4477521110C2D060700AE0855,0.3558,0
5,8,-113,4.82,59,3692,50,2,0,0,12,507,687.8,7,6901,medium,050008008F133B7732020CFB010700F51AF5,0.382,1
4,1,-108,8.94,58,3809,73,1,0,0,9,326,611.1,217,644,medium,0400010094243A824901094601D9008402DA,0.452,1
12,3,-128,-11.36,74,3640,34,1,1,0,6,275,282.4,21,4152,dense,0C00030080D34A722211061301150038108E,0.01,0
8,1,-104,14.26,66,3387,10,2,1,0,11,506,499.4,5,80,medium,08000100983942580A120BFA0105005000CC,0.3442,0
10,3,-82,15.0,42,3948,87,2,1,0,31,148,141.6,2995,5928,medium,0A000300AE3C2A9057121F9400B30B2817BF,0.2275,1
7,13,-120,-6.05,77,3681,39,5,1,0,9,161,151.5,23,2175,dense,07000D0088E84D76271509A10017007F08F7,0.2448,1
15,1,-114,-0.4,53,3757,58,3,1,0,0,777,780.3,12,2597,medium,0F0001008EFE357D3A130009030C00250A8D,0.5795,1
14,8,-114,3.09,52,3633,22,2,1,0,1,1256,1254.6,1,1082,medium,0E0008008E0C3471161201E80401003A04F9,0.5979,1
5,2,-98,13.01,72,3739,59,1,1,0,42,2246,2256.6,24,6160,light,050002009E34487B3B112AC60818001018B3,0.1331,0
4,1,-65,15.0,1,3778,69,2,1,0,7,95,93.8,11,5729,medium,04000100BF3C017F4512075F000B00611627,0.7002,1
3,4,-76,15.0,13,3610,19,2,1,0,11,123,115.2,10,5896,medium,03000400B43C0D6F13120B7B000A000817A4,0.5646,0
14,11,-119,-2.07,80,4014,91,1,0,0,15,986,921.2,19,7143,medium,0E000B0089F850975B010FDA031300E71BA2,0.2915,1
9,14,-87,15.0,23,3810,77,1,1,0,9,89,81.6,23,5426,dense,09000E00A93C17834D11095900170032156F,0.5976,0
6,10,-128,-10.33,78,3599,20,2,1,0,4,808,793.2,26,2445,dense,06000A0080D74E6D14120428031A008D09FC,0.01,0
5,8,-104,13.25,42,3792,78,2,0,0,6,475,507.9,29,685,medium,0500080098352A814E0206DB011D00AD021C,0.5457,1
6,11,-79,15.0,56,3758,61,1,1,0,42,635,639.2,16,3736,light,06000B00B13C387D3D112A7B021000980ED1,0.1556,1
16,1,-128,-11.1,84,3599,19,2,1,0,5,1709,1711.8,143,800,dense,1000010080D4546D131205AD068F00200361,0.01,0
6,1,-114,1.59,58,3811,72,3,1,0,2,924,922.0,108,2670,medium,060001008E063A834813029C036C006E0A7F,0.5167,0
13,11,-121,-5.73,61,3846,80,3,0,0,6,3953,3225.5,3,5521,medium,0D000B0087E93D86500306710F030091150B,0.3823,1
6,12,-128,-12.56,84,4090,95,1,1,0,12,473,457.2,136,4883,dense,06000C0080CE549F5F110CD90188001313F7,0.01,0
13,7,-88,15.0,24,3722,55,2,1,0,8,193,205.2,49,403,medium,0D000700A83C187A371208C1003100930197,0.5823,1
7,1,-102,14.84,34,3930,86,2,1,0,0,680,687.9,12,642,medium,070001009A3B228F561200A8020C0082026D,0.7164,0
3,15,-75,15.0,6,3085,2,1,0,0,10,592,445.4,19,4766,light,03000F00B53C063A02010A500213009E1236,0.1291,0
4,13,-124,-7.7,66,3749,64,2,1,0,0,1764,1751.9,27,4621,medium,04000D0084E1427C401200E4061B000D1225,0.1997,0
4,14,-91,15.0,26,4184,98,5,1,0,4,237,211.8,204,6049,medium,04000E00A53C1AA8621504ED00CC00A11750,0.5503,1
15,6,-115,1.21,63,3627,24,1,0,0,3,597,772.2,1111,487,medium,0F0006008D053F7018010355025704E70182,0.532,1
14,8,-128,-11.45,69,3805,71,1,0,0,1,3797,2392.9,8,4050,dense,0E00080080D24582470101D50E0800D20F8A,0.01,0
5,9,-76,15.0,0,3385,10,3,1,0,3,388,365.2,3,5198,light,05000900B43C00580A1303840103004E14EA,0.7098,0
5,15,-128,-11.28,87,3812,73,2,1,0,9,215,214.9,297,2901,dense,05000F0080D35783491209D7002901550B5C,0.01,0
3,11,-128,-10.45,83,3646,27,2,1,0,12,1273,1291.1,24,5304,dense,03000B0080D653721B120CF9041800B8140A,0.01,0
15,12,-128,-11.11,73,3742,55,1,1,0,0,2684,2691.4,40,4291,medium,0F000C0080D4497C3711007C0A2800C310C3,0.01,0
14,6,-107,9.24,46,3955,86,2,0,0,8,563,756.7,29,1784,medium,0E00060095252E9156020833021D00F80652,0.4925,0
15,5,-128,-9.91,82,3825,78,1,1,0,8,356,351.7,3,6000,dense,0F00050080D852844E1108640103007017C3,0.01,0
15,16,-114,-0.45,65,3868,82,3,1,0,7,211,235.7,25,3219,dense,0F0010008EFE4188521307D3001900930C2A,0.4057,1
7,12,-121,-2.83,74,3138,4,4,1,0,7,1526,1520.2,206,2424,medium,07000C0087F54A3F041407F605CE0078094C,0.0692,0
3,7,-128,-11.18,86,3731,60,3,1,0,11,787,782.8,17,3102,dense,0300070080D3567B3C130B130311001E0C77,0.01,0
11,9,-128,-8.37,84,3940,86,1,1,0,6,3422,3421.8,142,2057,medium,0B00090080DF54905611065E0D8E000908B0,0.01,0
10,13,-98,15.0,31,4104,94,2,1,0,3,352,356.5,230,4290,medium,0A000D009E3C1FA05E12036001E600C21071,0.6596,1
13,1,-117,-2.96,56,4144,99,1,0,0,3,1834,1381.6,12,3824,medium,0D0001008BF438A46301032A070C00F00E9D,0.5641,0
4,11,-96,15.0,76,3767,77,1,1,0,37,287,299.1,1278,2275,medium,04000B00A03C4C7E4D11251F01FE04E30821,0.1416,1
5,11,-128,-6.44,83,3690,45,2,1,0,7,3508,3505.4,4,5808,medium,05000B0080E653772D1207B40D0400B01648,0.01,0
1,9,-128,-11.09,86,3752,60,3,1,0,10,3298,3322.7,23,3668,medium,0100090080D4567D3C130AE20C1700540ED6,0.01,0
1,2,-99,15.0,41,3802,76,4,1,0,6,3146,3172.7,143,1716,light,010002009D3C29824C14064A0C8F00B4069E,0.4889,1
9,3,-125,-11.14,83,3252,7,3,1,0,11,2072,2078.2,20,532,medium,0900030083D3534B07130B18081400140207,0.01,0
6,13,-59,15.0,0,3625,30,1,1,0,7,84,90.9,24,6251,light,06000D00C53C00701E1107540018006B18D3,0.7436,1
13,1,-113,1.87,41,3862,81,1,1,0,0,2094,2099.9,24,4189,medium,0D0001008F0729885111002E0818005D101F,0.7163,0
11,16,-128,-14.22,81,3824,75,1,1,0,8,519,523.3,16,1103,dense,0B00100080C751844B1108070210004F0479,0.01,0
16,13,-128,-10.97,99,3784,75,2,1,0,23,2789,2764.9,114,6539,medium,10000D0080D463804B1217E50A72008B198B,0.01,0
11,3,-128,-14.02,72,3810,71,1,1,0,4,587,583.3,27,2503,dense,0B00030080C848834711044B021B00C7092A,0.01,0
8,11,-98,15.0,32,3643,32,1,1,0,2,301,280.7,28,2110,medium,08000B009E3C20722011022D011C003E08CA,0.7157,1
13,6,-110,7.02,43,3663,42,3,1,0,0,439,445.1,270,7163,medium,0D000600921C2B742A1300B7010E01FB1BCB,0.6307,0
2,6,-112,4.31,48,3683,44,3,0,0,1,828,1233.7,12,5318,medium,02000600901130762C03013C030C00C61417,0.5844,1
5,15,-107,10.07,38,3954,87,2,0,0,2,392,667.5,110,6307,medium,05000F009528269157020288016E00A3183E,0.6478,0
1,6,-112,6.25,52,3976,87,2,1,0,8,549,561.5,2,6892,medium,010006009019349357120825020200EC1A28,0.468,0
16,3,-128,-13.98,85,3623,30,2,0,0,12,1754,5264.2,3,3311,dense,1000030080C855701E020CDA060300EF0CD6,0.01,0
7,8,-128,-12.78,87,3666,37,2,1,0,16,2447,2450.6,7,966,dense,0700080080CD57742512108F090700C6034A,0.01,0
4,8,-113,5.29,53,3888,82,2,1,0,10,806,796.3,1006,627,medium,040008008F15358A52120A2603EE03730264,0.4325,1
15,10,-128,-11.56,77,3665,36,2,1,0,8,3431,3427.6,2,3635,medium,0F000A0080D24D74241208670D0200330EC6,0.01,0
12,8,-125,-8.37,65,3968,86,1,1,0,2,1776,1776.6,2,2399,medium,0C00080083DF4192561102F00602005F09D8,0.0975,0
15,4,-99,15.0,39,3814,76,3,1,0,1,492,493.2,296,547,medium,0F0004009D3C27834C1301EC012801230270,0.6287,0
11,2,-116,-0.66,79,3790,75,1,1,0,10,149,135.2,22,6504,dense,0B0002008CFD4F814B110A950016006819AC,0.3519,0
10,6,-95,15.0,23,3764,68,1,0,0,3,2449,1742.2,155,6127,light,0A000600A13C177E44010391099B00EF1779,0.7373,1
3,1,-101,14.5,25,3657,32,1,1,0,1,212,209.4,214,6202,medium,030001009B3A1973201101D400D6003A18AB,0.7797,1
4,13,-100,15.0,39,3932,84,1,1,0,2,3771,3780.6,3584,2706,light,04000D009C3C278F541102BB0E000E920A36,0.6785,1
7,14,-109,7.01,50,3909,85,5,1,0,8,1136,1115.4,14,2539,medium,07000E00931C328C55150870040E00EB09F3,0.3968,0
4,1,-128,-8.91,74,3616,22,1,1,1,3,932,934.2,44,6430,dense,0400010080DC4A6F163103A4032C001E19E8,0.01,0
10,3,-101,14.11,27,3766,59,3,0,0,4,122,130.9,21,5442,dense,0A0003009B381B7E3B03047A001500421519,0.6192,0
2,11,-89,15.0,10,4096,94,1,1,0,3,901,899.1,24,6727,light,02000B00A73C0A9F5E110385031800471AB7,0.804,0
2,3,-88,15.0,17,3998,90,5,1,0,4,1311,1302.2,14,6165,light,02000300A83C11955A15041F050E00151849,0.5855,0
13,9,-91,15.0,28,3737,53,1,1,0,5,711,709.5,23,654,light,0D000900A53C1C7B351105C70217008E0249,0.6635,0
4,15,-124,-8.82,70,3811,73,4,1,0,3,1704,1713.4,86,2823,medium,04000F0084DD4683491403A8065600070B57,0.0634,0
5,11,-99,15.0,43,4174,98,2,0,0,9,156,257.6,2,543,medium,05000B009D3C2BA76202099C0002001F0233,0.4874,1
5,1,-128,-11.55,68,3792,68,2,0,0,0,2157,3023.6,69,116,dense,0500010080D244814402006D08450074004B,0.01,0
7,13,-124,-10.4,61,3674,40,1,1,0,3,2047,2065.9,29,29,medium,07000D0084D63D75281103FF071D001D00A6,0.0204,0
4,7,-93,15.0,43,4173,98,1,0,0,12,1335,1726.7,14,4597,light,04000700A33C2BA762010C37050E00F511D9,0.4632,0
1,15,-128,-8.81,74,3754,66,1,1,0,5,3211,3189.0,238,1340,dense,01000F0080DD4A7D4211058B0CEE003C05D6,0.01,0
11,16,-128,-13.3,100,3909,85,3,1,0,28,3424,3425.9,19,4208,dense,0B00100080CB648C55131C600D13007010C3,0.01,0
13,15,-128,-11.25,77,3910,83,2,0,0,1,4069,3090.1,30,3107,medium,0D000F0080D34D8D530201E50F1E00230CE6,0.01,0
9,13,-125,-4.79,78,3625,18,5,1,0,10,1329,1312.5,198,4427,medium,09000D0083ED4E7012150A3105C6004B110E,0.1739,0
7,11,-128,-10.18,73,3365,9,1,1,0,12,2165,2173.2,219,3359,dense,07000B0080D7495609110C7508DB001F0DA5,0.01,0
12,4,-99,14.12,29,4153,97,1,1,0,0,138,146.2,12,474,medium,0C0004009D381DA56111008A000C00DA01B6,0.7847,1
8,13,-128,-10.33,72,3739,56,1,1,0,5,3263,3243.8,86,6075,medium,08000D0080D7487B381105BF0C5600BB17FB,0.01,0
9,10,-98,15.0,27,3786,67,1,1,0,3,3111,3106.2,105,3538,light,09000A009E3C1B80431103270C6900D20D6F,0.7167,1
5,12,-128,-11.29,97,4161,98,2,1,0,18,1679,1687.8,22,4828,dense,05000C0080D361A66212128F061600DC1294,0.01,0
14,2,-128,-8.18,60,3713,53,1,1,0,0,1716,1725.4,24,5549,dense,0E00020080DF3C79351100B4061800AD158F,0.01,0
4,8,-128,-12.58,80,3796,68,1,1,0,10,1863,1869.8,63,1801,medium,0400080080CE508144110A47073F00090721,0.01,0
14,8,-118,-2.52,54,3865,83,1,1,0,3,1333,1359.6,18,819,medium,0E0008008AF63688531103350512003303F7,0.5758,1
13,16,-128,-11.98,89,3369,9,2,0,1,5,780,1305.7,37,3013,dense,0D00100080D059560922050C032500C50B1E,0.01,0
9,3,-87,15.0,29,3784,72,1,1,0,2,689,715.9,23,2353,light,09000300A93C1D80481102B102170031099A,0.7316,1
2,15,-128,-12.19,80,4106,96,2,1,0,9,2469,2450.2,27,751,medium,02000F0080CF50A0601209A5091B00EF02BD,0.01,0
12,3,-105,9.48,49,3779,61,1,1,0,8,685,693.4,2265,5493,medium,0C0003009726317F3D1108AD02D90875157D,0.5069,0
6,1,-120,-6.94,62,3797,75,1,1,0,1,1441,1446.9,8,5125,medium,0600010088E43E814B1101A1050800051434,0.3741,0
4,5,-128,-10.53,74,3776,72,2,1,0,3,1818,1810.7,5,129,medium,0400050080D64A7F4812031A070500810092,0.01,0
10,7,-128,-12.27,87,3196,5,2,1,0,10,2214,2215.5,28,5060,medium,0A00070080CF574505120AA6081C00C413DB,0.01,0
16,8,-113,3.93,52,3969,88,2,1,0,10,2195,2210.1,19,2884,medium,100008008F10349258120A93081300440BF3,0.4363,0
10,2,-98,15.0,28,3916,86,3,1,0,6,360,359.9,23,1788,medium,0A0002009E3C1C8D56130668011700FC062B,0.5732,1
2,9,-75,15.0,0,3825,77,1,1,0,5,312,310.0,5,6913,light,02000900B53C00844D110538010500011B19,0.7975,1
1,13,-76,15.0,4,4147,96,2,0,0,11,598,303.5,7,920,light,01000D00B43C04A460020B56020700980302,0.5977,0
3,8,-128,-10.77,74,3899,84,1,1,0,6,2913,2917.2,2,4322,medium,0300080080D54A8B541106610B0200E210CE,0.01,0
3,14,-107,11.75,71,3783,75,1,1,0,27,493,516.3,11,1494,medium,03000E00952F47804B111BED010B00D605CA,0.2119,1
13,15,-128,-13.2,77,3670,36,2,1,0,6,515,516.7,28,2308,dense,0D000F0080CB4D7524120603021C00040976,0.01,0
12,15,-118,-2.85,100,3902,86,2,1,0,46,1369,1384.4,21,1284,medium,0C000F008AF5648C56122E590515000405BF,0.0882,0
9,3,-128,-11.89,68,4014,92,1,1,0,0,442,449.0,3519,3761,dense,0900030080D044975C1100BA01BF0DB10E5F,0.01,0
3,8,-69,15.0,1,3789,74,1,1,0,7,268,250.2,255,3076,light,03000800BB3C01804A11070C01FF00040CBC,0.7391,1
8,13,-123,-6.49,58,3869,83,3,1,0,1,2063,2072.6,16,1754,medium,08000D0085E63A885313010F081000DA06B0,0.4026,1
12,6,-123,-5.49,63,3703,56,2,1,0,0,647,640.8,15,3062,medium,0C00060085EA3F7838120087020F00F60B45,0.5045,1
1,3,-98,15.0,39,3753,59,2,1,0,9,1949,1955.3,21,2932,light,010003009E3C277D3B12099D071500740B0E,0.5031,0
9,1,-103,12.45,32,3886,83,1,1,0,7,358,360.9,21,5330,medium,090001009932208A53110766011500D2145E,0.6008,0
9,4,-78,15.0,32,3991,90,1,1,0,32,376,370.9,14,3753,light,09000400B23C20955A112078010E00A90E90,0.2505,0
2,15,-101,13.58,39,3664,35,1,1,0,3,3654,3652.3,12,1322,light,02000F009B362774231103460E0C002A059A,0.6552,0
11,7,-128,-12.64,97,3609,24,1,1,0,37,1214,1198.8,29,5909,dense,0B00070080CD616E181125BE041D001517B0,0.01,0
9,5,-67,15.0,1,3850,81,1,0,0,16,383,153.6,26,3079,light,09000500BD3C01875101107F011A00070CE7,0.5394,0
10,1,-128,-10.68,100,3632,24,3,1,0,44,3647,3639.6,20,1469,medium,0A00010080D5647118132C3F0E1400BD05E0,0.01,0
11,9,-86,15.0,1,3895,85,1,1,0,2,712,700.9,27,6476,light,0B000900AA3C018B551102C8021B004C19D9,0.8805,0
15,3,-108,7.9,55,3719,52,2,1,0,8,517,508.2,2294,1351,medium,0F000300942037793412080502F608470582,0.4557,1
3,9,-128,-10.99,81,3794,76,3,0,0,3,4681,3764.6,25,527,dense,0300090080D451814C0303491219000F026A,0.01,0
12,3,-116,0.97,61,3807,78,1,1,0,2,878,886.5,16,6523,medium,0C0003008C043D824E11026E0310007B1931,0.5615,1
8,12,-114,0.63,76,3785,72,1,0,0,22,347,516.2,23,5935,medium,08000C008E034C804801165B0117002F177B,0.2393,0
10,3,-84,15.0,44,3862,80,1,1,0,34,743,722.9,228,6213,light,0A000300AC3C2C88501122E702E400451849,0.2127,0
13,2,-128,-12.88,86,3905,84,2,1,0,4,791,767.0,53,1630,dense,0D00020080CC568C541204170335005E06F2,0.01,0
6,11,-105,11.33,47,3802,69,1,1,0,2,527,533.5,15,5473,medium,06000B00972D2F824511020F020F0061157D,0.636,1
13,1,-128,-9.44,67,4074,94,1,1,0,6,2609,2624.8,151,5520,dense,0D00010080DA439D5E1106310A97009015DE,0.01,0
4,2,-118,0.84,64,3656,30,2,0,0,2,892,1268.8,19,1148,medium,040002008A0340731E02027C0313007C0401,0.5169,1
5,16,-88,15.0,14,3330,9,3,1,0,6,164,153.3,13,1314,medium,05001000A83C0E53091306A4000D00220599,0.5333,0
12,15,-128,-11.39,98,4055,94,1,1,0,50,1086,1062.4,22,6010,dense,0C000F0080D2629B5E11323E0416007A179E,0.01,0
7,8,-100,15.0,42,3830,80,3,1,0,6,3022,3016.2,2521,3948,light,070008009C3C2A85501306CE0BD9096C0FEE,0.5154,1
8,1,-83,15.0,10,3725,54,1,1,0,6,1563,1570.2,174,5074,light,08000100AD3C0A7A3611061B06AE00D21399,0.7239,1
8,9,-128,-10.96,68,3713,64,2,1,0,2,3193,3182.2,19,1183,medium,0800090080D44479401202790C13009F04DD,0.01,0
9,15,-73,15.0,0,3795,73,3,1,0,11,88,86.0,8,4189,medium,09000F00B73C008149130B580008005D10DF,0.5784,0
1,12,-126,-7.53,79,4016,90,2,1,0,8,330,312.9,30,213,dense,01000C0082E24F975A12084A011E00D5008A,0.088,0
1,11,-83,15.0,17,3683,41,1,1,0,7,167,135.0,185,1526,medium,01000B00AD3C1176291107A700B900F6057E,0.6677,1
5,8,-100,15.0,29,3950,86,2,1,0,2,95,95.6,11,416,dense,050008009C3C1D915612025F000B00A001F7,0.6931,1
7,14,-128,-16.2,82,3809,66,1,1,0,6,2115,2120.3,23,3273,medium,07000E0080BF528242110643081700C90C98,0.01,0
11,16,-82,15.0,11,4008,91,1,0,0,5,507,680.6,11,3241,light,0B001000AE3C0B965B0105FB010B00A90CB0,0.7449,0
16,2,-98,15.0,62,3584,16,1,1,0,24,3284,3288.7,91,4406,light,100002009E3C3E6C101118D40C5B00361106,0.2576,0
12,15,-119,-3.18,76,3651,39,2,1,0,12,1040,1039.2,265,5320,medium,0C000F0089F34C7327120C10040901C814F2,0.3189,0
3,11,-128,-12.89,100,3803,73,2,1,0,39,1182,1198.9,10,2375,dense,03000B0080CC64824912279E040A004709B8,0.01,0
9,4,-128,-13.19,77,3686,40,3,1,0,3,2873,2886.7,15,2244,medium,0900040080CB4D76281303390B0F00C40872,0.01,0
6,12,-128,-12.02,76,3682,44,2,1,0,8,465,446.1,24,1676,dense,06000C0080D04C762C1208D10118008C06DD,0.01,0
2,12,-128,-11.91,76,3963,87,1,1,0,3,1122,1111.9,16,1702,dense,02000C0080D04C9257110362041000A60689,0.01,0
7,6,-115,-0.7,100,3956,86,5,0,0,43,2074,1607.2,20,6611,medium,070006008DFD649156052B1A081400D31942,0.0739,0
15,11,-106,11.78,40,3740,54,1,0,0,8,384,439.1,6,6565,medium,0F000B00962F287C36010880010600A519A9,0.5457,0
5,13,-97,15.0,45,3746,60,4,1,0,11,1479,1471.4,1012,2492,light,05000D009F3C2D7C3C140BC705F403BC0906,0.3974,1
14,10,-128,-10.86,100,3902,84,2,1,0,26,1744,1748.4,738,2644,dense,0E000A0080D5648C54121AD006E202540A81,0.01,0
4,5,-120,-2.57,63,4021,90,1,1,0,6,1080,1081.6,4,1979,medium,0400050088F63F985A110638040400BB07BE,0.4769,0
16,13,-95,15.0,28,3682,35,1,1,0,7,298,287.5,222,1431,medium,10000D00A13C1C762311072A01DE009705F6,0.6186,0
10,15,-117,1.37,59,3824,75,5,0,0,2,1320,1009.4,9,5025,medium,0A000F008B053B844B050228050900A11314,0.4517,0
4,12,-117,-1.37,67,3871,83,1,1,0,8,691,694.3,9,6387,medium,04000C008BFB4389531108B3020900F31823,0.4289,0
5,12,-90,15.0,58,3705,54,1,0,0,40,2727,1323.4,88,4440,light,05000C00A63C3A78360128A70A5800581103,0.1527,0
9,1,-128,-13.45,79,3671,32,1,0,0,6,232,360.7,21,2118,dense,0900010080CA4F75200106E8001500460849,0.01,0
2,11,-80,15.0,4,3770,57,2,1,0,2,483,476.5,17,1726,light,02000B00B03C047F391202E3011100BE06CF,0.819,1
14,8,-128,-11.05,85,3741,64,1,1,0,10,588,603.1,19,6355,dense,0E00080080D4557C40110A4C021300D3183D,0.01,0
12,9,-128,-9.13,86,3769,61,1,1,0,4,2132,2165.4,23,1451,medium,0C00090080DB567E3D110454081700AB05F5,0.01,0
15,13,-128,-11.6,85,3762,64,2,1,0,5,648,662.7,168,3486,dense,0F000D0080D2557E4012058802A8009E0D7C,0.01,0
11,9,-98,15.0,73,3670,33,3,1,0,44,2427,2428.2,17,2271,light,0B0009009E3C497521132C7B091100DF0806,0.1178,0
10,16,-111,2.8,94,3759,60,1,1,0,31,545,540.3,28,6907,medium,0A001000910B5E7D3C111F21021C00FB1AC7,0.14,0
5,10,-128,-11.72,94,3660,29,4,1,0,11,4128,4127.6,16,3021,medium,05000A0080D15E741D140B20101000CD0B5A,0.01,0
13,16,-128,-11.86,81,3334,9,4,0,0,9,4298,3523.1,16,8,dense,0D00100080D15153090409CA1010000800C5,0.01,0
12,14,-128,-10.69,73,3763,67,2,1,0,3,1995,1998.2,26,347,dense,0C000E0080D5497E431203CB071A005B01CA,0.01,0
3,9,-62,15.0,0,3638,19,1,1,0,12,124,126.7,20,5643,light,03000900C23C007113110C7C0014000B1626,0.6242,1
3,6,-128,-11.71,96,3812,75,2,0,0,37,350,411.3,11,1543,dense,0300060080D160834B02255E010B00070618,0.01,0
16,6,-128,-12.21,94,3700,52,1,1,0,39,466,474.4,156,5203,dense,1000060080CF5E78341127D2019C005314B5,0.01,0
14,6,-128,-11.1,97,3634,28,1,1,0,23,497,495.4,7,406,dense,0E00060080D461711C1117F10107009601B4,0.01,0
9,12,-122,-5.94,68,3753,64,2,0,0,4,3925,1827.5,4,5127,medium,09000C0086E8447D400204550F0400071414,0.3926,1
8,16,-128,-11.9,84,3943,86,4,1,0,8,3252,3248.8,82,1312,medium,0800100080D05490561408B40C5200200505,0.01,0
1,16,-69,15.0,4,3629,26,2,1,0,10,178,202.3,74,228,light,01001000BB3C04701A120AB2004A00E400A3,0.619,0
2,4,-93,15.0,34,3790,65,1,0,0,7,3638,2669.9,102,6501,light,02000400A33C2281410107360E6600651936,0.5919,0
11,4,-128,-10.16,67,3610,20,1,1,0,3,3820,3821.9,30,3205,medium,0B00040080D7436F141103EC0E1E00850CF2,0.01,0
13,3,-70,15.0,1,3678,36,1,1,1,0,226,222.7,16,2632,light,0D000300BA3C0175243100E2001000480A60,0.9443,1
1,12,-119,-4.06,74,3751,61,3,1,0,9,987,975.5,19,5886,medium,01000C0089F04A7D3D1309DB031300FE1666,0.3372,1
6,9,-128,-9.65,75,4109,97,1,1,0,2,358,376.8,19,4714,dense,0600090080D94BA0611102660113006A1211,0.01,0
12,9,-121,-3.61,98,3605,20,2,1,0,38,1634,1618.0,188,4029,medium,0C00090087F2626E1412266206BC00BD0F39,0.0967,1
9,1,-128,-11.98,100,3794,79,5,1,0,27,647,641.0,6,3742,dense,0900010080D064814F151B870206009E0E20,0.01,0
5,7,-124,-7.12,60,4128,97,2,0,0,0,2111,2238.8,7,871,medium,0500070084E43CA26102003F080700670362,0.3213,1
16,3,-66,15.0,0,4090,95,3,1,0,9,245,242.3,1639,942,light,10000300BE3C009F5F1309F5006706AE033C,0.6203,1
2,12,-128,-12.71,84,4114,96,2,1,0,11,782,789.1,6,3176,dense,02000C0080CD54A160120B0E030600680C22,0.01,0
6,2,-127,-10.63,83,3725,59,1,0,0,9,2670,2187.3,12,3015,medium,0600020081D5537A3B01096E0A0C00C70B59,0.01,0
13,3,-128,-13.44,100,3975,87,3,0,0,34,2631,2892.4,3,1709,dense,0D00030080CA6493570322470A0300AD06CD,0.01,0
7,14,-60,15.0,0,4038,92,1,0,0,4,53,87.2,1577,3584,medium,07000E00C43C00995C010435002906000E46,0.8259,1
11,12,-121,-4.19,66,3686,38,3,1,0,0,1722,1703.5,242,550,medium,0B000C0087EF4276261300BA06F200260208,0.5003,0
1,7,-128,-10.46,71,3793,73,2,1,0,2,875,880.1,13,6952,dense,0100070080D647814912026B030D00281B90,0.01,0
10,13,-125,-8.21,71,3892,83,1,1,0,2,299,307.0,2,6255,dense,0A000D0083DF478B5311022B0102006F186F,0.1198,1
6,1,-74,15.0,0,3635,22,3,1,0,8,346,335.3,19,3136,light,06000100B63C00711613085A011300400C09,0.6424,0
5,16,-62,15.0,1,3748,59,3,1,0,4,89,86.5,16,1082,light,05001000C23C017C3B1304590010003A0480,0.7345,0
9,6,-128,-9.84,69,3776,54,1,1,0,3,2069,2072.0,28,6853,medium,0900060080D9457F36110315081C00C51A84,0.01,0
3,8,-56,15.0,10,3662,46,2,1,0,2,144,144.5,23,653,light,03000800C83C0A742E1202900017008D021D,0.7888,1
2,3,-125,-6.71,99,3656,39,1,1,1,20,1629,1622.4,20,6973,medium,0200030083E563732731145D0614003D1B8A,0.0911,0
4,16,-126,-8.18,79,3490,12,3,1,1,6,1661,1651.8,2958,509,medium,0400100082DF4F630C33067D068E0BFD01C7,0.0582,0
16,6,-104,15.0,39,4186,99,1,1,0,2,2387,2392.3,23,4174,light,10000600983C27A8631102530917004E10E9,0.6785,0
6,10,-93,15.0,27,3682,39,3,1,0,2,116,108.5,2,994,dense,06000A00A33C1B7627130274000200E203CA,0.6641,1
15,6,-128,-7.26,86,4161,99,3,0,0,9,892,1784.4,22,5497,dense,0F00060080E356A66303097C0316007915D8,0.01,0
7,14,-81,15.0,10,3783,66,3,1,0,9,357,367.4,215,4413,light,07000E00AF3C0A804213096501D7003D1148,0.5831,1
2,13,-86,15.0,16,3647,23,2,1,0,5,188,200.3,22,175,medium,02000D00AA3C1072171205BC001600AF007F,0.683,1
16,7,-89,15.0,45,3807,70,1,1,0,31,1036,1017.6,19,6403,light,10000700A73C2D8246111F0C0413000319A5,0.2343,0
9,16,-118,-3.7,68,3815,74,1,1,0,8,846,853.5,74,6029,medium,090010008AF144834A11084E034A008D173B,0.4186,0
16,14,-125,-9.52,76,3568,14,2,1,0,1,921,918.6,8,2673,medium,10000E0083DA4C6A0E120199030800710A66,0.0277,0
7,4,-84,15.0,14,3676,41,1,0,0,12,1372,881.4,5,4934,light,07000400AC3C0E7529010C5C050500461395,0.5718,1
16,13,-127,-8.66,74,3970,87,1,1,0,2,3487,3480.8,27,448,medium,10000D0081DD4A935711029F0D1B00C001FB,0.0215,0
8,15,-128,-9.94,80,4085,94,2,1,0,4,2339,2343.1,88,6568,medium,08000F0080D8509E5E120423095800A819D3,0.01,0
11,10,-85,15.0,10,3881,83,2,0,0,4,2332,1086.7,16,6564,light,0B000A00AB3C0A8A5302041C091000A41985,0.7355,0
8,15,-90,15.0,35,3907,85,1,0,0,18,564,679.6,24,5798,light,08000F00A63C238C55011234021800A616B0,0.3997,1
8,4,-99,14.02,29,3633,33,1,1,0,1,356,330.9,2812,5648,medium,080004009D381D712111016401FC0A101640,0.7577,1
12,5,-65,15.0,1,3804,75,2,1,0,0,120,124.7,4,6884,light,0C000500BF3C01824B120078000400E41A56,0.8946,1
10,13,-82,15.0,43,3769,72,3,0,0,30,87,162.5,53,864,medium,0A000D00AE3C2B7E48031E57003500600373,0.2207,0
13,9,-128,-12.04,100,3862,81,1,0,0,20,3105,3782.4,2384,4866,dense,0D00090080D06488510114210C50090213D2,0.01,0
9,13,-79,15.0,0,3741,49,2,1,0,4,379,397.6,26,3673,light,09000D00B13C007C3112047B011A00590EE0,0.7824,1
9,11,-98,15.0,35,3745,59,1,1,0,6,296,297.3,12,6543,medium,09000B009E3C237C3B110628010C008F19A6,0.6083,1
11,3,-112,2.6,37,3893,84,1,0,0,0,1339,659.1,20,678,medium,0B000300900A258B5401003B051400A602DB,0.7391,1
5,2,-125,-10.06,79,3666,34,2,1,0,5,2567,2557.7,8,1090,medium,0500020083D84F74221205070A08004204E8,0.014,0
4,7,-90,15.0,26,3609,24,1,1,0,12,928,930.4,7,6208,light,04000700A63C1A6E18110CA003070040181E,0.5268,1
5,3,-128,-10.57,78,3757,61,1,1,0,9,813,804.3,502,430,dense,0500030080D64E7D3D11092D03F601AE0124,0.01,0
8,11,-125,-11.51,72,3812,79,2,0,0,3,2441,2769.7,6,4342,medium,08000B0083D248834F020389090600F6103A,0.01,0
12,6,-127,-10.4,72,3752,63,1,1,0,1,1780,1777.9,220,4566,medium,0C00060081D6487D3F1101F406DC00D61137,0.01,0
3,10,-76,15.0,50,3866,82,1,1,0,50,284,300.8,5,1647,light,03000A00B43C32885211321C0105006F0637,0.164,0
11,6,-108,7.48,90,3668,38,2,1,0,43,755,764.5,169,7145,medium,0B000600941E5A7426122BF302A900E91B13,0.1021,0
6,5,-128,-10.3,88,4170,98,3,1,0,16,382,390.6,3,1583,dense,0600050080D758A76213107E0103002F0699,0.01,0
8,1,-104,12.77,48,3984,89,1,1,0,8,440,423.3,19,1113,medium,0800010098333094591108B8011300590490,0.5112,0
12,8,-78,15.0,45,4139,97,5,0,0,34,126,141.1,19,6273,medium,0C000800B23C2DA36105227E0013008118FB,0.1666,0
12,3,-128,-10.71,95,3850,83,1,1,0,49,2746,2736.8,3,2928,medium,0C00030080D55F87531131BA0A0300700B42,0.01,0
2,16,-112,3.4,55,3197,6,5,1,0,7,635,652.5,90,1825,medium,02001000900E37450615077B025A00210791,0.0787,0
16,6,-128,-12.94,86,3292,8,1,0,0,7,85,165.2,8,2217,dense,1000060080CC564F08010755000800A908A5,0.01,0
3,13,-74,15.0,0,3815,77,3,0,0,0,64,126.3,120,4395,medium,03000D00B63C00834D0300400078002B11FA,0.85,1
16,3,-95,15.0,39,3661,42,4,0,0,3,1089,1021.0,24,1257,light,10000300A13C27742A040341041800E90479,0.5517,1
2,8,-128,-13.12,64,4151,96,2,1,0,2,3479,3482.1,11,6696,medium,0200080080CC40A5601202970D0B00281A3D,0.01,0
16,7,-78,15.0,4,3769,68,1,1,0,0,424,425.2,1755,6994,light,10000700B23C047E441100A801DB06521BBD,0.9272,1
7,9,-127,-9.69,82,3803,75,1,1,0,2,269,245.1,23,2496,dense,0700090081D952824B11020D011700C009AC,0.01,0
9,14,-127,-11.71,93,3977,89,1,1,0,11,257,270.8,1368,1211,dense,09000E0081D15D9359110B01015805BB0475,0.01,0
2,8,-123,-5.03,76,4146,97,2,1,0,11,1230,1225.6,10,1824,medium,0200080085EC4CA461120BCE040A002007DE,0.3125,0
4,7,-128,-11.94,77,3825,80,1,0,1,1,2475,1345.7,193,2094,medium,0400070080D04D84502101AB09C1002E0853,0.01,0
9,4,-128,-9.74,70,3724,57,2,1,0,0,3522,3510.0,17,6135,medium,0900040080D9467A391200C20D1100F717C5,0.01,0
8,7,-119,-3.41,71,3769,71,2,0,0,12,1330,1541.7,16,2400,medium,0800070089F2477E47020C32051000600919,0.3357,0
2,13,-128,-10.38,82,3738,62,2,1,0,4,4109,4113.0,198,3716,medium,02000D0080D6527B3E12040D10C600840E9C,0.01,0
14,16,-128,-11.02,100,3776,65,3,1,0,48,2392,2379.7,28,6376,dense,0E00100080D4647F41133058091C00E81811,0.01,0
12,2,-128,-13.39,79,3772,65,4,1,0,4,261,243.0,3,1777,dense,0C00020080CA4F7F41140405010300F1069D,0.01,0
1,13,-128,-11.82,61,3754,71,2,1,0,5,459,444.2,25,3005,dense,01000D0080D13D7D471205CB011900BD0B7D,0.01,0
8,7,-97,15.0,31,3233,6,3,1,0,1,352,350.4,16,5383,medium,080007009F3C1F49061301600110000715DB,0.4673,0
7,8,-124,-5.42,76,3424,11,2,0,0,11,2339,1563.5,24,585,medium,0700080084EA4C5C0B020B2309180049021B,0.2722,0
7,16,-89,15.0,15,3744,56,2,0,0,6,1552,957.5,19,6556,light,07001000A73C0F7C380206100613009C19AB,0.6639,1
4,8,-128,-14.17,70,3852,82,2,1,0,0,2584,2588.9,1,5344,dense,0400080080C74687521200180A0100E014CC,0.01,0
2,1,-84,15.0,19,3183,5,1,1,1,12,126,132.5,24,773,medium,02000100AC3C134405310C7E001800050306,0.1106,0
8,14,-66,15.0,14,3019,2,1,1,0,23,241,251.6,4,6794,light,08000E00BE3C0E33021117F10004008A1A9F,0.0778,0
2,7,-107,8.57,50,3730,53,1,0,0,8,1095,693.7,24,2205,medium,020007009522327B350108470418009D087D,0.5026,1
13,16,-116,1.09,69,4040,92,1,1,0,4,931,933.1,72,6369,medium,0D0010008C04459A5C1104A3034800E118A5,0.4839,1
6,10,-62,15.0,0,3656,32,3,0,0,9,353,182.5,17,1199,light,06000A00C23C007320030961011100AF04E2,0.6203,0
16,1,-91,15.0,22,3691,49,3,1,0,5,2659,2661.4,6,5870,light,10000100A53C1677311305630A0600EE1633,0.6194,1
5,16,-128,-11.29,79,3737,57,2,0,0,9,243,244.7,11,2068,dense,0500100080D34F7B390209F3000B00140845,0.01,0
7,4,-94,15.0,39,3638,35,1,0,0,7,1990,2310.2,28,141,light,07000400A23C2771230107C6071C008D0027,0.5696,0
5,1,-128,-11.21,63,3809,74,2,1,0,4,450,449.2,29,4012,dense,0500010080D33F824A1204C2011D00AC0F61,0.01,0
7,11,-128,-8.61,77,3870,82,1,1,0,6,1617,1610.0,260,1435,dense,07000B0080DE4D89521106510604019B0589,0.01,0
6,14,-128,-10.38,95,3770,69,2,1,0,17,2309,2310.5,804,2444,dense,06000E0080D65F7F451211050924038C09AF,0.01,0
9,15,-120,-4.31,65,3950,87,4,1,0,7,1734,1741.9,156,5192,medium,09000F0088EF4191571407C6069C0048142B,0.3709,1
9,3,-114,2.04,63,3710,49,2,1,0,12,598,602.7,119,3496,medium,090003008E083F7931120C56027700A80D77,0.3678,1
10,3,-85,15.0,18,4023,90,5,1,0,5,156,129.1,61,251,medium,0A000300AB3C12985A15059C003D00FB00CE,0.5616,1
4,15,-97,15.0,28,3714,49,4,1,0,3,254,266.5,18,2043,medium,04000F009F3C1C79311403FE001200FB0783,0.5993,0
8,4,-105,10.57,49,4174,99,3,0,0,11,643,489.4,27,3024,medium,08000400972A31A763030B83021B00D00BAD,0.4083,0
5,12,-128,-10.12,98,3724,43,2,0,0,29,411,630.0,234,643,dense,05000C0080D8627A2B021D9B01EA00830229,0.01,0
16,1,-123,-9.53,76,3575,16,1,1,0,1,2328,2333.1,27,1998,medium,1000010085DA4C6B10110118091B00CE0744,0.0483,0
3,2,-81,15.0,8,3789,73,1,1,0,6,119,117.2,20,3028,medium,03000200AF3C088049110677001400D40B34,0.7331,0
5,2,-122,-5.98,75,3601,17,2,1,0,16,3187,3166.3,28,295,medium,0500020086E84B6E111210730C1C002701D9,0.238,0
5,14,-92,15.0,20,3766,68,1,1,0,3,196,182.1,27,1624,medium,05000E00A43C147E441103C4001B00580630,0.7527,0
15,7,-113,5.53,93,3660,29,1,1,0,36,452,432.1,2249,2268,medium,0F0007008F165D741D1124C401C908DC084A,0.1191,0
6,8,-128,-11.32,83,3734,56,1,1,0,4,2335,2343.6,1453,4151,medium,0600080080D3537B3811041F09AD0537106E,0.01,0
3,8,-110,6.05,47,3670,37,2,0,0,4,774,634.6,12,2021,medium,0300080092182F7525020406030C00E50732,0.5618,0
16,15,-128,-7.66,83,3798,76,3,0,0,5,157,368.5,1067,2362,dense,10000F0080E153814C03059D002B043A0958,0.01,0
1,13,-100,13.91,38,3626,18,1,1,0,6,296,299.5,25,6560,medium,01000D009C38267012110628011900A01941,0.5945,1
2,13,-77,15.0,7,3782,72,1,1,0,9,99,94.3,26,6568,medium,02000D00B33C078048110963001A00A819ED,0.6642,0
1,2,-84,15.0,4,3665,30,1,0,0,5,133,138.6,6,3727,medium,01000200AC3C04741E0105850006008F0ECB,0.7783,1
7,2,-111,4.98,50,3682,37,3,1,0,1,1026,1034.3,4,1003,medium,070002009114327625130102040400EB0357,0.5745,0
12,9,-73,15.0,3,3649,38,1,1,0,5,390,426.6,10,4491,light,0C000900B73C037226110586010A008B1132,0.7831,1
3,5,-115,0.26,58,3789,70,2,1,0,9,565,573.1,210,4416,medium,030005008D013A804612093502D2004011FD,0.4282,0
6,7,-109,8.99,67,3882,82,3,1,0,12,761,753.7,251,6,medium,060007009324438A52130CF902FB0006008A,0.334,0
14,11,-123,-2.44,78,3778,68,2,1,0,5,1329,1330.8,8,1125,medium,0E000B0085F64E7F4412053105080065040D,0.4004,0
12,1,-128,-11.17,81,3915,85,2,1,0,8,3564,3571.9,28,7060,medium,0C00010080D3518D551208EC0D1C00941B43,0.01,0
10,15,-65,15.0,0,3745,58,1,1,0,11,152,153.9,10,6911,light,0A000F00BF3C007C3A110B98000A00FF1A01,0.6464,1
13,12,-128,-9.51,84,3969,88,1,1,0,10,802,809.0,4,5404,dense,0D000C0080DA549258110A220304001C15C8,0.01,0
13,2,-128,-12.12,93,3969,88,1,1,0,7,2393,2378.9,22,2637,dense,0D00020080D05D92581107590916004D0A02,0.01,0
7,1,-89,15.0,31,4026,91,3,1,0,11,217,210.6,30,2409,medium,07000100A73C1F985B130BD9001E00690952,0.4708,0
12,15,-75,15.0,4,3774,64,1,0,0,12,278,263.0,8,3746,light,0C000F00B53C047F40010C16010800A20E65,0.6092,1
13,7,-125,-9.82,100,3583,15,3,1,1,39,2331,2339.9,2,2930,medium,0D00070083D9646C0F33271B090200720BE9,0.01,0
5,8,-93,15.0,28,3763,73,1,1,0,3,1443,1444.6,25,883,light,05000800A33C1C7E491103A30519007303B0,0.7116,1
6,12,-117,0.4,63,3751,63,1,1,0,3,1081,1079.4,26,555,medium,06000C008B023F7D3F110339041A002B0228,0.5319,0
1,16,-67,15.0,0,3810,78,2,1,0,11,314,299.4,21,783,light,01001000BD3C00834E120B3A0115000F03FC,0.6124,1
8,10,-102,13.58,77,3819,76,2,1,0,36,3681,3660.1,28,2970,light,08000A009A364D834C1224610E1C009A0B4C,0.1373,0
4,10,-117,-0.81,100,3948,85,1,1,0,41,1190,1183.5,20,4251,medium,04000A008BFD6490551129A60414009B1091,0.0936,0
4,16,-128,-10.2,72,3813,70,2,1,0,7,2300,2300.9,73,3780,dense,0400100080D74883461207FC084900C40EEB,0.01,0
4,5,-95,15.0,29,3850,77,4,0,0,12,197,203.6,11,3035,medium,04000500A13C1D874D040CC5000B00DB0BEF,0.4342,0
5,7,-128,-9.35,72,3800,70,1,1,0,7,1368,1346.0,4,1596,dense,0500070080DB4882461107580504003C0628,0.01,0
7,5,-128,-12.63,78,3146,5,1,0,0,4,202,336.9,14,2475,dense,0700050080CD4E40050104CA000E00AB0935,0.01,0
11,5,-125,-10.31,81,3732,49,3,0,0,9,2216,2145.4,121,2707,medium,0B00050083D7517B310309A8087900930A40,0.01,0
16,8,-98,15.0,24,3758,57,3,1,0,3,2706,2711.9,22,5777,light,100008009E3C187D391303920A160091168D,0.6551,1
14,10,-103,13.2,35,3812,79,3,1,0,7,759,775.3,10,1957,medium,0E000A00993523834F1307F7020A00A507F2,0.5256,1
8,5,-108,9.3,97,3996,89,3,1,0,43,4164,4162.1,218,5846,light,080005009425619559132B4410DA00D6169D,0.0876,0
16,11,-72,15.0,2,3767,64,1,1,0,7,382,401.6,79,5605,light,10000B00B83C027E4011077E014F00E5157A,0.7346,1
16,15,-128,-10.65,77,3632,24,2,1,0,3,2619,2599.3,30,2016,dense,10000F0080D54D711812033B0A1E00E00771,0.01,0
6,9,-79,15.0,17,3746,63,2,1,0,18,557,554.4,22,2310,light,06000900B13C117C3F12122D0216000609CD,0.4304,0
4,15,-128,-9.13,89,4018,90,2,1,0,9,2686,2685.9,18,4105,dense,04000F0080DB59975A12097E0A12000910A0,0.01,0
12,8,-107,11.85,42,3578,15,1,0,0,9,798,678.3,65,448,medium,0C000800952F2A6B0F01091E034100C0018E,0.5186,0
6,14,-98,15.0,45,3756,59,2,0,0,11,248,290.1,135,5498,medium,06000E009E3C2D7D3B020BF80087007A15AF,0.4471,1
14,9,-128,-11.51,83,3779,68,1,0,0,6,3031,3138.4,11,412,dense,0E00090080D2537F440106D70B0B009C01CD,0.01,0
9,2,-114,1.29,69,3295,9,1,1,0,12,221,229.2,11,3065,dense,090002008E05454F09110CDD000B00F90B70,0.2899,1
14,15,-116,2.49,67,4028,90,4,0,0,2,91,128.6,19,2604,dense,0E000F008C0A43985A04025B0013002C0AB5,0.446,0
15,7,-101,13.97,65,3796,73,1,1,0,27,584,583.6,195,2304,medium,0F0007009B38418149111B4802C3000009C8,0.2252,0
4,7,-128,-9.92,83,3879,83,2,1,0,10,574,588.0,1304,548,dense,0400070080D8538953120A3E02180524024A,0.01,0
2,1,-74,15.0,26,3785,69,5,1,0,26,93,94.4,22,5873,medium,02000100B63C1A8045151A5D001600F116E8,0.2548,0
16,12,-83,15.0,23,3666,41,1,1,0,10,299,299.2,293,7141,light,10000C00AD3C177429110A2B012501E51BC2,0.5771,1
3,14,-127,-6.05,79,4141,96,3,1,0,4,252,251.1,21,853,dense,03000E0081E84FA4601304FC0015005503CA,0.0485,0
9,10,-96,15.0,32,3613,21,2,1,0,0,3769,3769.6,16,1182,light,09000A00A03C206F151200B90E10009E0485,0.7272,1
9,11,-87,15.0,18,3938,86,5,1,0,9,864,851.2,6,3971,light,09000B00A93C128F56150960030600830F06,0.4882,1
14,13,-53,15.0,0,4057,93,1,1,0,12,97,108.2,4,4717,light,0E000D00CB3C009B5D110C610004006D1284,0.6242,0
3,9,-78,15.0,7,3579,15,5,1,0,0,115,113.4,255,6352,medium,03000900B23C076B0F15007300FF00D01807,0.7185,1
11,3,-128,-14.49,100,3602,25,2,1,0,49,2456,2446.3,2021,2354,dense,0B00030080C6646E1912319809E5073209E1,0.01,0
10,13,-119,-3.45,63,3805,73,2,1,0,4,1529,1525.1,17,5823,medium,0A000D0089F23F82491204F9051100BF16EC,0.4811,1
7,13,-97,15.0,74,4124,96,2,1,0,28,2228,2237.0,12,7038,light,07000D009F3C4AA260121CB4080C007E1BE1,0.1878,0
13,16,-82,15.0,8,3686,45,1,1,0,8,843,850.6,5,3777,light,0D001000AE3C08762D11084B030500C10EB2,0.6835,1
5,3,-125,-5.14,96,3692,47,2,0,0,32,1392,1503.7,11,3638,medium,0500030083EB60772F022070050B00360EB5,0.0724,0
5,12,-126,-7.37,65,3698,42,2,0,0,3,3129,2288.6,5,580,medium,05000C0082E341772A0203390C05004402DE,0.1125,0
11,9,-128,-10.37,73,3812,74,1,1,0,9,3595,3594.9,20,2008,medium,0B00090080D749834A11090B0E1400D807C5,0.01,0
8,14,-128,-13.07,80,3615,25,1,1,0,6,2099,2108.8,7,4341,dense,08000E0080CC506F19110633080700F5103B,0.01,0
15,4,-89,15.0,25,3748,59,5,1,0,11,177,179.0,50,5206,medium,0F000400A73C197C3B150BB1003200561471,0.4338,0
8,9,-92,15.0,21,3778,71,1,1,0,0,266,255.0,17,5468,medium,08000900A43C157F4711000A0111005C151E,0.8303,1
10,3,-128,-9.11,77,3784,70,2,1,0,11,365,350.2,22,468,dense,0A00030080DC4D8046120B6D011600D40137,0.01,0
15,13,-128,-9.93,62,3926,85,1,1,0,1,3240,3218.7,3,3591,dense,0F000D0080D83E8E551101A80C0300070EA8,0.01,0
8,4,-74,15.0,0,3746,56,1,1,0,2,281,257.3,2,4560,light,08000400B63C007C38110219010200D011D2,0.8858,1
13,6,-92,15.0,19,3730,59,2,1,0,6,181,191.4,5,2989,medium,0D000600A43C137B3B1206B5000500AD0BEA,0.6464,1
15,7,-128,-7.56,84,3709,46,3,1,0,8,3681,3665.6,1,5550,medium,0F00070080E254782E1308610E0100AE15BD,0.01,0
12,9,-128,-7.94,84,3429,11,2,0,0,6,2747,2124.1,30,2198,dense,0C00090080E0545C0B0206BB0A1E00960821,0.01,0
11,13,-85,15.0,22,3895,82,1,1,0,11,153,182.4,24,6856,medium,0B000D00AB3C168B52110B99001800C81AB4,0.5611,0
8,7,-128,-10.72,85,3940,87,2,1,0,9,2733,2720.3,15,1163,medium,0800070080D55590571209AD0A0F008B04A2,0.01,0
13,12,-128,-9.77,100,3612,26,4,1,0,46,1149,1144.3,15,6942,dense,0D000C0080D9646F1A142E7D040F001E1B74,0.01,0
16,13,-122,-7.98,69,4073,93,2,1,0,1,1301,1302.6,8,85,medium,10000D0086E0459D5D120115050800550065,0.1889,0
3,4,-128,-10.91,89,4084,94,1,0,0,12,665,1401.7,22,2842,dense,0300040080D4599E5E010C990216001A0BEF,0.01,0
6,15,-103,12.34,36,3737,52,1,1,0,2,314,320.8,189,1557,medium,06000F009931247B3411023A01BD001506E9,0.6944,0
12,11,-104,13.25,35,3777,63,4,1,1,1,322,310.6,198,3950,medium,0C000B009835237F3F34014201C6006E0F71,0.6103,0
14,10,-78,15.0,16,4036,92,1,0,0,10,832,663.7,102,2391,light,0E000A00B23C10995C010A40036600570986,0.6052,0
4,2,-73,15.0,0,3271,8,3,1,0,8,306,311.1,9,6602,light,04000200B73C004D08130832010900CA19F5,0.486,0
13,3,-128,-14.06,75,3707,46,1,1,0,5,359,381.7,17,7085,dense,0D00030080C84B782E110567011100AD1B36,0.01,0
4,11,-120,-5.93,77,3521,13,2,1,0,8,933,921.2,2812,561,medium,04000B0088E84D660D1208A503FC0A310288,0.3107,1
1,11,-128,-11.47,77,3795,74,5,0,0,9,3967,2353.6,286,426,medium,01000B0080D24D814A05097F0F1E01AA0145,0.01,0
15,5,-73,15.0,1,3749,61,1,1,0,11,430,446.3,12,2534,light,0F000500B73C017C3D110BAE010C00E609F4,0.6425,1
4,7,-91,15.0,20,4121,95,2,1,0,5,687,686.7,13,457,light,04000700A53C14A25F1205AF020D00C90163,0.6648,0
1,7,-128,-11.86,78,3876,83,2,1,0,7,546,555.7,19,5735,dense,0100070080D14E89531207220213006716DC,0.01,0
10,8,-90,15.0,19,4058,92,1,1,0,2,284,272.1,26,225,medium,0A000800A63C139B5C11021C011A00E100CD,0.7848,1
9,8,-102,15.0,23,3775,63,2,1,0,1,97,93.8,27,3417,dense,090008009A3C177F3F120161001B00590DE0,0.7491,1
16,8,-96,15.0,24,4000,90,4,1,0,0,278,270.2,701,3035,medium,10000800A03C18965A14001601BD02DB0B84,0.6848,1
1,5,-74,15.0,0,3689,50,2,0,0,2,402,422.5,1953,4530,light,01000500B63C00763202029201A107B21165,0.8392,1
2,13,-85,15.0,23,3741,56,2,1,0,9,102,104.2,30,3848,medium,02000D00AB3C177C38120966001E00080F44,0.5662,0
2,16,-106,3.49,39,3692,38,2,1,0,5,324,319.4,4,5841,medium,02001000960E277726120544010400D11673,0.5787,0
4,14,-107,9.76,46,4058,91,1,0,0,10,910,772.9,27,3333,medium,04000E0095272E9B5B010A8E031B00050D28,0.4847,0
11,5,-76,15.0,0,3583,15,4,0,0,2,582,515.1,13,2384,light,0B000500B43C006C0F040246020D005009B2,0.7459,1
11,4,-128,-10.0,82,3793,77,3,1,0,5,2067,2066.9,29,1386,medium,0B00040080D852814D130513081D006A0513,0.01,0
5,4,-128,-9.94,85,3761,63,1,0,0,8,6584,3733.2,20,797,medium,0500040080D8557E3F0108B81914001D03C8,0.01,0
8,7,-90,15.0,33,3886,84,3,1,0,10,208,220.4,21,1618,medium,08000700A63C218A54130AD0001500520614,0.4804,1
4,9,-90,15.0,29,3798,76,1,0,0,9,1369,2427.1,15,6311,light,04000900A63C1D814C010959050F00A71893,0.5727,0
4,9,-101,12.44,31,4064,94,2,1,0,5,3233,3256.6,11,989,light,040009009B321F9C5E1205A10C0B00DD03B9,0.615,0
11,13,-89,15.0,66,3322,9,1,1,0,43,128,132.3,16,859,medium,0B000D00A73C425209112B800010005B03DC,0.1179,0
11,8,-118,0.15,66,3784,72,2,1,0,4,1456,1462.4,11,4898,medium,0B0008008A014280481204B0050B002213E5,0.4725,1
3,11,-128,-12.69,79,3628,31,1,1,0,3,2348,2377.5,574,6926,medium,03000B0080CD4F701F11032C093E020E1B41,0.01,0
2,16,-128,-10.46,74,3716,51,1,1,0,3,4054,4061.9,12,2949,medium,0200100080D64A79331103D60F0C00850B89,0.01,0
14,11,-115,1.5,52,3606,20,3,1,0,7,759,771.6,169,731,medium,0E000B008D06346E141307F702A900DB0261,0.4577,1
16,9,-128,-8.79,97,3802,80,2,0,0,34,1149,4105.6,4,2296,medium,1000090080DD61825002227D040400F808E7,0.01,0
12,6,-71,15.0,0,3774,64,2,1,0,7,285,285.3,13,7123,light,0C000600B93C007F4012071D010D00D31BD5,0.7044,1
8,16,-128,-11.31,83,3820,79,2,1,0,11,189,188.5,7,3737,dense,0800100080D353844F120BBD000700990E3A,0.01,0
13,5,-92,15.0,33,3019,2,2,1,0,11,975,981.0,22,4209,light,0D000500A43C213302120BCF03160071105F,0.0982,0
1,4,-119,-3.53,61,3737,54,3,1,0,2,174,175.5,16,2659,dense,0100040089F23D7B361302AE001000630AD6,0.4962,0
5,16,-100,15.0,33,3590,19,2,0,0,5,87,121.9,245,3003,dense,050010009C3C216D1302055700F500BB0BF0,0.6059,1
12,15,-128,-11.48,75,3766,63,1,1,0,3,968,977.8,12,490,dense,0C000F0080D24B7E3F1103C8030C00EA01ED,0.01,0
1,11,-113,6.12,53,3648,27,1,1,0,4,880,901.1,8,6485,medium,01000B008F1835721B1104700308005519E3,0.5633,0
3,13,-125,-7.88,82,3605,19,2,1,0,11,1039,1032.7,10,3386,medium,03000D0083E0526E13120B0F040A003A0D75,0.0895,0
6,3,-111,6.11,66,3785,75,4,1,0,10,702,711.2,184,4611,medium,06000300911842804B140ABE02B800031289,0.3405,1
3,12,-128,-10.59,71,3697,40,2,1,0,6,1144,1153.0,114,6642,dense,03000C0080D6477728120678047200F219EA,0.01,0
11,7,-82,15.0,33,3790,74,3,1,0,20,595,611.9,3,2015,light,0B000700AE3C21814A131453020300DF07F3,0.3385,0
16,6,-128,-9.19,91,3756,66,1,1,0,8,3074,3074.5,26,6213,medium,1000060080DB5B7D421108020C1A004518C2,0.01,0
10,11,-128,-10.84,86,3648,33,2,1,0,11,3021,3027.4,5,5110,medium,0A000B0080D5567221120BCD0B0500F61368,0.01,0
8,16,-86,15.0,26,3068,3,1,1,0,12,1559,1543.0,28,4367,light,08001000AA3C1A3803110C17061C000F118A,0.1054,0
5,13,-87,15.0,68,4029,90,1,1,1,49,1648,1662.4,70,6716,light,05000D00A93C44985A3131700646003C1A83,0.1387,0
4,13,-109,8.9,52,3751,59,1,1,0,9,908,890.8,5,2129,medium,04000D009324347D3B11098C03050051083D,0.477,0
6,8,-122,-5.3,68,4189,99,1,1,0,5,2202,2196.5,16,2189,medium,0600080086EB44A86311059A0810008D08C3,0.4336,0
13,8,-128,-11.89,96,4028,91,3,1,0,10,3947,3975.9,12,4401,medium,0D00080080D060985B130A6B0F0C00311175,0.01,0
6,13,-82,15.0,41,3781,67,2,1,0,27,494,491.1,27,6990,light,06000D00AE3C298043121BEE011B004E1BF3,0.2638,1
15,4,-121,-3.3,82,3604,28,1,1,0,8,1368,1371.0,14,1497,medium,0F00040087F3526E1C110858050E00D905FA,0.3612,1
10,1,-128,-10.59,84,3435,11,2,0,0,9,6547,4182.2,20,4598,medium,0A00010080D6545D0B020993191400F61172,0.01,0
13,10,-118,-5.25,55,4133,97,5,0,0,1,464,628.2,2602,5591,medium,0D000A008AEB37A3610501D0012A0AD715B6,0.4475,1
6,4,-101,14.46,87,3733,55,1,1,0,36,4051,4058.2,198,1788,light,060004009B3A577B371124D30FC600FC0673,0.1288,0
7,6,-65,15.0,9,3741,60,3,1,0,6,157,153.4,287,4371,light,07000600BF3C097C3C13069D001F01131190,0.6518,1
9,4,-98,15.0,36,3750,57,2,1,0,12,271,266.6,23,5031,medium,090004009E3C247D39120C0F011700A7138F,0.4636,0
10,13,-92,15.0,36,3809,77,2,1,0,10,1353,1347.7,22,3399,light,0A000D00A43C24824D120A49051600470D19,0.4972,0
11,9,-110,8.39,46,3627,30,2,1,0,2,823,829.1,9,6081,medium,0B00090092222E701E120237030900C11750,0.6075,1
14,1,-102,15.0,64,3989,89,3,1,0,17,373,402.8,2,2478,medium,0E0001009A3C409459131175010200AE0997,0.2888,0
12,14,-99,15.0,42,3929,86,2,1,0,4,254,252.4,236,2091,medium,0C000E009D3C2A8E561204FE00EC002B0807,0.5853,1
14,5,-111,6.06,53,3635,26,2,1,0,4,385,368.9,234,1041,medium,0E000500911835711A12048101EA0011043D,0.5336,0
3,9,-72,15.0,12,3706,42,4,0,0,11,78,137.5,13,3709,medium,03000900B83C0C782A040B4E000D007D0E83,0.5052,0
14,9,-103,15.0,50,3475,12,1,0,0,12,5155,3926.6,804,1312,light,0E000900993C32610C010C231424032005DB,0.4369,0
16,1,-72,15.0,7,3834,81,1,1,0,3,108,113.6,30,639,medium,10000100B83C07855111036C001E007F0286,0.8194,1
7,4,-76,15.0,2,3780,70,1,1,0,7,500,479.1,57,1935,light,07000400B43C0280461107F40139008F0709,0.7346,1
12,9,-94,15.0,30,3630,21,1,1,0,5,98,121.7,8,7121,dense,0C000900A23C1E7115110562000800D11BA3,0.6539,0
14,5,-99,15.0,49,3782,63,4,1,0,21,332,356.0,20,2386,medium,0E0005009D3C31803F14154C01140052097B,0.2708,0
10,3,-108,3.91,66,3647,31,3,0,0,16,1206,925.2,21,2026,medium,0A000300941042721F0310B6041500EA0764,0.2933,0
11,4,-128,-11.0,85,3759,58,1,1,0,11,4116,4118.0,3,4224,medium,0B00040080D4557D3A110B14100300801049,0.01,0
5,16,-79,15.0,9,3684,42,2,1,0,9,598,573.5,20,6958,light,05001000B13C09762A1209560214002E1BDD,0.6213,0
15,6,-128,-13.34,77,3608,24,2,1,0,10,460,453.5,1,1612,dense,0F00060080CB4D6E18120ACC0101004C06D1,0.01,0
3,7,-77,15.0,6,3689,35,1,0,0,7,488,445.6,1,4080,light,03000700B33C0676230107E8010100F00FF3,0.7168,0
9,11,-84,15.0,8,3261,7,1,1,0,6,875,868.2,30,1256,light,09000B00AC3C084C0711066B031E00E8046C,0.5436,1
13,5,-128,-12.9,78,3652,35,2,1,0,7,741,759.8,14,3931,dense,0D00050080CC4E73231207E5020E005B0F1C,0.01,0
13,10,-114,0.64,50,3587,14,2,1,0,2,754,732.0,100,14,medium,0D000A008E03326C0E1202F20264000E00E2,0.5873,0
16,2,-109,3.9,48,3668,40,2,1,0,5,480,475.4,24,1014,medium,1000020093103074281205E0011800F6033D,0.5379,0
7,10,-118,-3.16,59,3763,61,1,0,0,2,301,214.2,17,3314,dense,07000A008AF33B7E3D01022D011100F20CC3,0.5674,0
1,11,-122,-5.43,66,3799,71,1,1,0,2,1830,1834.5,15,6532,medium,01000B0086EA428147110226070F0084193C,0.4852,1
1,5,-76,15.0,7,3795,67,2,0,0,11,113,96.1,24,1129,medium,01000500B43C078143020B7100180069047B,0.5867,1
5,16,-106,9.82,43,3793,71,2,1,0,1,896,900.9,5,1210,medium,0500100096272B8147120180030500BA0410,0.6448,0
8,6,-80,15.0,33,3694,38,2,0,0,22,765,488.2,285,6520,light,08000600B03C2177260216FD021D017819CD,0.3342,0
15,10,-84,15.0,14,4185,99,4,1,0,3,144,151.2,21,6315,medium,0F000A00AC3C0EA863140390001500AB18E7,0.6598,0
14,6,-119,-4.05,55,3664,36,1,0,0,0,1729,1136.1,5,2539,medium,0E00060089F03774240100C1060500EB09BC,0.6225,0
10,14,-104,10.87,61,3932,86,1,1,0,9,580,576.3,137,4246,medium,0A000E00982B3D8F56110944028900961064,0.4396,0
7,11,-124,-8.73,84,3514,13,1,0,0,11,2416,1943.3,241,178,medium,07000B0084DD54650D010B7009F100B2006A,0.056,0
15,13,-126,-9.25,68,3733,50,1,1,0,2,1940,1932.2,27,5330,medium,0F000D0082DB447B32110294071B00D2145B,0.0217,0
9,12,-128,-7.78,85,3779,73,2,0,0,10,677,700.6,122,4261,dense,09000C0080E1557F49020AA5027A00A5106B,0.01,0
4,16,-109,8.51,88,3651,36,1,1,0,35,653,659.7,22,3903,medium,04001000932258732411238D0216003F0F31,0.1317,0
14,15,-101,15.0,39,3655,30,1,1,0,8,471,456.3,12,2584,medium,0E000F009B3C27731E1108D7010C00180A5B,0.55,1
4,8,-88,15.0,18,3766,73,2,0,0,1,189,99.5,61,6362,dense,04000800A83C127E490201BD003D00DA1800,0.7752,1
4,7,-128,-12.26,90,4035,93,2,1,0,8,354,352.0,3,3150,dense,0400070080CF5A995D1208620103004E0CDC,0.01,0
12,4,-128,-10.44,71,3785,72,1,0,0,1,3811,3261.7,2,2762,medium,0C00040080D64780480101E30E0200CA0AE0,0.01,0
13,8,-128,-11.04,88,3635,21,2,0,0,8,5530,3912.8,18,5628,medium,0D00080080D458711502089A151200FC153D,0.01,0
3,15,-125,-6.38,71,3778,68,2,1,0,0,246,250.6,37,6083,dense,03000F0083E6477F441200F6002500C317E1,0.22,0
1,12,-74,15.0,3,4136,97,1,1,0,11,265,274.1,17,7015,light,01000C00B63C03A361110B09011100671BF3,0.6348,0
8,1,-128,-12.8,87,3817,75,2,1,0,12,2338,2340.9,14,6856,medium,0800010080CD57834B120C22090E00C81AD3,0.01,0
3,11,-114,5.99,94,3773,65,1,1,0,31,780,796.3,12,5162,medium,03000B008E185E7F41111F0C030C002A14D9,0.14,1
13,15,-88,15.0,25,4141,96,1,1,0,8,256,257.0,242,4416,medium,0D000F00A83C19A46011080001F20040112B,0.6103,1
1,16,-116,2.51,67,4011,89,4,1,0,8,1269,1270.3,13,6400,medium,010010008C0A4397591408F5040D000019EF,0.3616,0
2,7,-99,15.0,73,3820,77,2,0,1,29,861,1335.1,2963,1256,light,020007009D3C49844D221D5D03930BE80451,0.1833,0
3,8,-100,15.0,66,3678,43,1,0,0,25,166,202.3,3,5729,medium,030008009C3C42752B0119A60003006116FA,0.2392,0
13,4,-95,15.0,26,4034,90,3,1,0,5,3195,3196.0,9,327,light,0D000400A13C1A995A13057B0C0900470122,0.6022,0
15,2,-128,-15.61,82,3800,69,4,1,0,11,1772,1777.3,22,3442,dense,0F00020080C2528245140BEC061600720D9D,0.01,0
4,2,-100,15.0,42,3745,55,2,1,0,11,3299,3302.1,17,3468,light,040002009C3C2A7C37120BE30C11008C0DE9,0.4581,0
6,14,-122,-4.84,68,4109,94,1,1,0,1,2393,2393.2,23,6762,medium,06000E0086ED44A05E1101590917006A1AE5,0.5154,0
9,10,-84,15.0,20,3310,8,3,1,0,8,107,120.0,7,1193,medium,09000A00AC3C14510813086B000700A9043E,0.4607,0
16,9,-72,15.0,5,3932,86,1,0,1,3,453,314.0,18,2303,light,10000900B83C058F562103C5011200FF0818,0.8296,1
14,6,-128,-9.54,100,3907,84,2,1,0,34,1093,1093.5,252,1217,dense,0E00060080DA648C5412224504FC00C104C6,0.01,0
16,1,-128,-16.93,92,3869,82,2,1,0,44,499,523.5,19,3240,dense,1000010080BC5C8852122CF3011300A80CEF,0.01,0
4,10,-128,-11.05,67,3743,67,3,1,0,2,2756,2745.6,30,1593,dense,04000A0080D4437C431302C40A1E00390611,0.01,0
16,15,-128,-8.78,84,3783,63,1,1,0,9,572,572.9,30,818,dense,10000F0080DD54803F11093C021E003203DD,0.01,0
15,16,-108,9.28,37,3771,66,2,0,0,2,427,442.6,25,6497,medium,0F0010009425257F420202AB0119006119E7,0.6529,0
11,16,-123,-6.55,100,3636,28,3,1,0,49,1877,1881.1,27,4852,medium,0B00100085E664711C133155071B00F41247,0.062,0
4,5,-98,15.0,44,3808,78,1,1,0,11,2675,2694.0,29,2269,light,040005009E3C2C824E110B730A1D00DD080F,0.4758,0
10,4,-128,-11.45,72,3693,42,4,1,0,4,367,371.1,13,3588,dense,0A00040080D248772A14046F010D00040E93,0.01,0
12,15,-128,-8.95,65,3678,42,2,1,0,0,210,207.3,19,6366,dense,0C000F0080DC41752A1200D2001300DE18CB,0.01,0
10,14,-128,-11.39,77,3592,20,2,1,0,9,4171,4170.5,20,3995,dense,0A000E0080D24D6D1412094B1014009B0F7C,0.01,0
7,1,-124,-4.12,86,3841,80,1,1,0,9,4047,4047.1,287,2289,medium,0700010084F05686501109CF0F1F01F108CD,0.303,0
15,1,-86,15.0,26,3051,2,2,0,0,11,291,377.9,11,569,medium,0F000100AA3C1A3702020B23010B00390299,0.1034,0
2,4,-117,-2.0,53,4028,93,5,1,0,0,842,834.8,2,2826,medium,020004008BF835985D15004A0302000A0B37,0.5103,0
13,11,-115,0.55,58,3797,75,1,0,0,2,179,221.1,29,3699,dense,0D000B008D023A814B0102B3001D00730ECA,0.5774,1
7,11,-107,10.59,43,3760,60,1,1,0,6,670,665.0,1,6832,medium,07000B00952A2B7E3C11069E020100B01A63,0.5714,0
9,10,-103,13.21,38,3784,65,2,1,0,5,3212,3203.1,16,4472,light,09000A00993526804112058C0C1000781106,0.5833,0
9,2,-128,-12.71,87,3671,33,5,1,0,8,2471,2465.3,29,7117,medium,0900020080CD5775211508A7091D00CD1B5B,0.01,0
12,9,-99,15.0,53,3797,72,1,1,0,26,466,467.1,15,5587,medium,0C0009009D3C358148111AD2010F00D31597,0.2608,0
12,2,-88,15.0,4,3808,77,3,1,0,1,1152,1155.4,16,5141,light,0C000200A83C04824D13018004100015149B,0.8011,1
16,11,-105,11.38,38,4012,89,2,0,0,1,531,502.0,1,3599,medium,10000B00972E2697590201130201000F0EF4,0.6709,0
6,9,-71,15.0,16,3720,57,1,1,0,12,131,109.0,255,2321,medium,06000900B93C107A39110C8300FF0011099C,0.5643,1
1,7,-101,15.0,32,3764,69,2,1,0,2,2405,2396.0,3,3338,light,010007009B3C207E451202650903000A0D62,0.678,1
13,15,-85,15.0,34,3631,22,1,1,0,29,700,691.8,287,5112,light,0D000F00AB3C227116111DBC021F01F81326,0.274,0
14,11,-98,15.0,30,3691,41,1,0,0,0,367,392.3,284,6050,medium,0E000B009E3C1E772901006F011C01A217BC,0.779,1
14,8,-128,-8.1,82,3789,70,2,1,0,6,358,354.2,1378,3069,dense,0E00080080E0528046120666016205FD0B02,0.01,0
12,13,-101,15.0,90,4112,96,4,1,0,49,223,211.1,123,3798,medium,0C000D009B3C5AA1601431DF007B00D60EF2,0.0907,1
3,10,-81,15.0,17,3872,82,1,1,0,8,501,481.4,22,5611,light,03000A00AF3C1189521108F5011600EB15CF,0.6448,1
7,3,-81,15.0,0,3752,63,5,1,0,1,785,792.5,27,6655,light,07000300AF3C007D3F150111031B00FF19E8,0.7242,1
8,6,-88,15.0,15,3813,72,2,1,0,3,216,195.3,26,6205,medium,08000600A83C0F83481203D8001A003D186E,0.7374,1
4,16,-113,3.93,64,3787,66,1,1,0,8,884,881.6,19,3275,medium,040010008F10408042110874031300CB0C97,0.4423,1
10,8,-128,-10.48,85,3777,61,3,0,0,11,208,274.9,1027,2199,dense,0A00080080D6557F3D030BD00003049708EE,0.01,0
8,2,-101,15.0,39,3629,23,4,1,0,2,380,382.9,19,367,medium,080002009B3C27701714027C0113006F0101,0.5714,1
3,4,-75,15.0,39,3760,70,1,1,0,47,425,421.1,7,2664,light,03000400B53C277E46112FA9010700680A6D,0.1794,1
13,11,-128,-10.2,80,3721,55,2,1,0,7,795,782.8,3,1446,dense,0D000B0080D7507A3712071B030300A60509,0.01,0
1,9,-128,-11.77,82,3978,88,1,0,0,4,1432,1042.5,1415,1800,dense,0100090080D152935801049805870508077C,0.01,0
7,3,-84,15.0,18,4021,91,3,1,0,11,643,632.2,29,2917,light,07000300AC3C12985B130B83021D00650B5A,0.5159,0
3,11,-90,15.0,12,3854,82,2,1,0,2,88,98.0,3,659,medium,03000B00A63C0C8752120258000300930257,0.7787,0
12,9,-112,5.66,51,3758,62,1,1,0,1,1209,1177.6,5,3384,medium,0C0009009017337D3E1101B9040500380DEE,0.6366,1
16,14,-111,7.71,52,3909,84,2,1,0,4,962,961.9,206,3846,medium,10000E00911F348C541204C203CE00060F0C,0.5383,0
15,2,-128,-11.21,80,3978,88,5,1,0,7,241,239.4,22,3176,dense,0F00020080D35093581507F1001600680C58,0.01,0
14,16,-85,15.0,8,3803,78,1,0,0,1,57,84.0,38,4549,dense,0E001000AB3C08824E010139002600C511F2,0.8733,1
16,3,-114,-0.3,66,3804,76,1,1,1,10,1027,1038.2,5,6115,medium,100003008EFF42824C310A03040500E31776,0.4042,1
15,14,-128,-9.19,87,3826,79,2,0,0,6,1632,667.4,2632,347,dense,0F000E0080DB57844F02066006480A5B0131,0.01,0
11,10,-67,15.0,0,3876,83,2,0,0,10,214,162.4,8,1552,light,0B000A00BD3C008953020AD60008001006BE,0.6342,0
6,2,-128,-14.5,76,4152,99,2,1,0,0,1549,1546.2,28,456,dense,0600020080C64CA56312000D061C00C801E6,0.01,0
6,1,-87,15.0,19,3798,72,3,1,0,8,934,956.4,227,959,light,06000100A93C1381481308A603E300BF0324,0.5692,1
3,6,-98,15.0,49,3667,35,1,1,0,11,539,535.2,4,6481,medium,030006009E3C317423110B1B020400511936,0.4564,1
13,9,-94,15.0,29,3931,87,3,1,0,3,280,281.5,1,5646,medium,0D000900A23C1D8F571303180101000E169B,0.6321,0
1,8,-128,-11.06,100,3661,35,3,1,0,37,1419,1420.7,30,3506,dense,0100080080D464742313258B051E00B20DD4,0.01,0
11,7,-109,5.15,51,3805,76,3,1,0,11,1315,1314.6,14,4142,medium,0B000700931533824C130B23050E002E1004,0.4014,1
1,15,-87,15.0,24,3808,74,1,1,0,7,909,910.9,1,1465,light,01000F00A93C18824A11078D030100B9056D,0.6365,1
11,15,-107,11.2,36,3751,65,2,1,0,2,386,399.4,5,2704,medium,0B000F00952D247D41120282010500900AA4,0.6579,1
4,9,-79,15.0,1,3787,73,3,1,0,18,126,113.1,29,1009,medium,04000900B13C01804913127E001D00F103B7,0.45,1
9,8,-77,15.0,7,3739,53,4,1,0,9,641,635.4,1917,5265,light,09000800B33C077B35140981027D0791148D,0.5593,0
8,2,-128,-11.34,80,3656,30,2,1,0,8,2376,2380.8,16,5654,dense,0800020080D350731E120848091000161602,0.01,0
8,13,-89,15.0,16,3607,20,2,1,0,4,923,923.8,30,1627,light,08000D00A73C106E1412049B031E005B06ED,0.7073,1
12,13,-116,2.24,55,3828,79,1,0,0,2,1283,1354.5,24,543,medium,0C000D008C0937844F0102030518001F0296,0.5935,0
15,4,-128,-12.69,73,3773,58,1,1,0,0,1621,1609.3,26,4736,dense,0F00040080CD497F3A110055061A008012C7,0.01,0
5,16,-114,-0.64,58,3783,69,3,1,0,9,1142,1162.9,20,2468,medium,050010008EFD3A8045130976041400A40993,0.4042,0
13,1,-95,15.0,39,4057,92,1,1,0,8,445,462.9,97,3943,medium,0D000100A13C279B5C1108BD016100670F96,0.55,1
8,6,-82,15.0,8,3787,69,5,1,0,3,475,469.6,9,3347,light,08000600AE3C0880451503DB010900130D8F,0.6428,1
13,2,-102,13.61,49,3776,74,1,0,1,4,411,566.5,13,1418,medium,0D0002009A36317F4A21049B010D008A05D1,0.5831,0
5,7,-124,-8.52,62,3635,18,3,1,0,0,2033,2033.2,23,2017,medium,0500070084DE3E71121300F1071700E10727,0.1049,0
4,13,-89,15.0,16,4078,92,1,1,0,8,1403,1412.8,126,1345,light,04000D00A73C109D5C11087B057E00410574,0.6491,0
15,9,-128,-13.09,78,4026,92,2,1,0,8,3912,3919.3,18,709,medium,0F00090080CC4E985C1208480F1200C502C9,0.01,0
4,2,-123,-3.48,59,3734,53,2,1,0,1,2087,2082.7,3401,869,medium,0400020085F23B7B3512012708490D650310,0.5547,0
9,12,-102,13.23,77,3545,14,3,1,0,30,2514,2510.0,27,6759,light,09000C009A354D680E131ED2091B00671A23,0.16,1
1,3,-128,-15.29,85,3738,47,2,1,0,5,1353,1357.0,18,6295,dense,0100030080C3557B2F120549051200971883,0.01,0
10,4,-87,15.0,29,3795,69,1,0,0,11,231,231.7,10,813,medium,0A000400A93C1D8145010BE7000A002D0365,0.5339,0
7,4,-128,-11.39,100,3800,74,2,1,0,21,3053,3052.3,15,5520,dense,0700040080D264824A1215ED0B0F009015C6,0.01,0
8,4,-128,-9.62,79,3787,71,1,1,0,8,4081,4054.2,224,1115,dense,0800040080DA4F80471108F10FE0005B0426,0.01,0
4,8,-102,14.55,32,3749,62,2,1,0,7,339,357.0,22,6433,medium,040008009A3A207C3E12075301160021192C,0.5692,1
10,16,-124,-7.54,74,3790,75,2,1,0,7,1244,1235.0,16,6605,medium,0A00100084E24A814B1207DC041000CD190F,0.1724,1
15,6,-127,-10.46,77,3761,63,2,0,0,3,211,296.6,8,2319,dense,0F00060081D64D7E3F0203D30008000F0930,0.01,0
6,8,-94,15.0,34,3809,75,1,0,0,8,156,180.7,12,6095,medium,06000800A23C22824B01089C000C00CF1760,0.5715,1
15,16,-99,15.0,38,3619,18,1,1,0,10,1561,1560.9,291,1351,light,0F0010009D3C266F12110A19062301470593,0.5168,0
6,11,-112,4.64,47,4069,94,2,1,0,3,579,568.8,141,266,medium,06000B0090132F9C5E120343028D000A01EA,0.5818,0
3,15,-128,-9.37,81,3785,73,1,1,0,1,1798,1794.0,10,5122,medium,03000F0080DB518049110106070A0002141A,0.01,0
10,16,-99,15.0,23,4083,95,2,1,0,1,3662,3672.3,15,5176,light,0A0010009D3C179E5F12014E0E0F0038143A,0.7491,1
8,5,-71,15.0,6,3984,87,1,1,0,1,121,112.1,5,93,medium,08000500B93C0694571101790005005D0061,0.8843,1
16,1,-105,8.93,49,3618,21,3,1,0,7,458,486.9,22,3812,medium,100001009724316F151307CA011600E40E2B,0.4697,1
11,13,-128,-12.52,100,3703,50,2,0,0,48,1056,812.3,18,1989,dense,0B000D0080CE647832023020041200C50799,0.01,0
13,1,-78,15.0,36,3596,22,4,1,0,30,434,428.1,16,6848,light,0D000100B23C246D16141EB2011000C01ABA,0.2195,0
11,2,-95,15.0,16,3662,25,5,1,0,1,2683,2684.1,25,2863,light,0B000200A13C10741915017B0A19002F0BD1,0.6547,1
1,13,-80,15.0,4,3946,87,2,1,0,0,330,346.2,10,6587,light,01000D00B03C04905712004A010A00BB19EB,0.8784,1
3,11,-77,15.0,12,3810,75,3,1,0,9,136,128.8,26,816,medium,03000B00B33C0C834B130988001A00300302,0.5757,1
3,6,-107,10.62,53,3775,67,4,1,0,9,4037,4036.6,27,205,light,03000600952A357F431409C50F1B00CD00E1,0.3982,0
7,6,-83,15.0,15,3748,56,3,1,0,9,495,502.1,162,2986,light,07000600AD3C0F7C381309EF01A200AA0BC2,0.5645,0
5,16,-78,15.0,19,3679,42,1,0,0,12,854,439.9,29,4235,light,05001000B23C13752A010C56031D008B10EB,0.553,1
1,13,-63,15.0,0,3919,84,1,0,0,1,128,172.4,28,6022,light,01000D00C13C008D54010180001C008617F7,0.9173,1
13,3,-128,-9.69,79,3651,38,1,1,0,1,572,585.7,23,4706,dense,0D00030080D94F732611013C021700621286,0.01,0
7,1,-128,-12.22,96,3989,89,1,1,0,10,1961,1974.2,9,4678,medium,0700010080CF609459110AA90709004612C3,0.01,0
4,12,-103,13.57,64,4014,91,1,1,0,24,632,643.9,23,5998,medium,04000C00993640975B1118780217006E1763,0.2526,1
12,4,-71,15.0,10,4037,93,2,1,1,5,320,322.0,21,5674,light,0C000400B93C0A995D3205400115002A169E,0.7102,1
9,14,-115,4.46,53,3805,74,1,1,0,8,963,956.3,18,4489,medium,09000E008D1235824A1108C303120089113A,0.4897,0
13,4,-100,15.0,48,3393,10,3,0,0,11,399,494.9,29,5875,medium,0D0004009C3C30590A030B8F011D00F31690,0.3869,0
5,6,-99,14.84,39,4076,94,2,1,0,11,246,255.9,11,1122,medium,050006009D3B279D5E120BF6000B0062045C,0.4691,0
9,8,-85,15.0,21,3625,28,1,1,0,3,1194,1183.2,3,2458,light,09000800AB3C15701C1103AA0403009A09AF,0.7475,1
11,3,-92,15.0,34,3882,83,1,1,0,10,1862,1859.1,8,4729,light,0B000300A43C228A53110A460708007912FD,0.5329,1
1,14,-108,7.5,52,3795,69,3,1,0,11,479,478.0,4,3510,medium,01000E00941E348145130BDF010400B60D0A,0.3979,1
1,3,-125,-7.76,70,3649,29,2,1,0,1,202,213.9,2545,1356,dense,0100030083E146721D1201CA00F1094C058B,0.1189,0
5,8,-56,15.0,0,3979,89,5,0,0,5,119,127.0,18,4589,light,05000800C83C009359050577001200ED1112,0.6296,1
1,13,-82,15.0,0,3369,10,3,1,0,0,125,134.6,5,37,medium,01000D00AE3C00560A13007D0005002500FD,0.768,0
9,14,-125,-7.99,100,3822,77,1,1,1,25,1060,1065.8,97,4758,medium,09000E0083E064844D3119240461009612FA,0.0409,0
1,2,-128,-9.19,94,3695,40,4,0,0,38,4997,3715.0,19,6467,dense,0100020080DB5E7728042685131300431929,0.01,0
9,16,-90,15.0,36,3157,4,1,0,0,15,268,249.2,15,1913,medium,09001000A63C244104010F0C010F0079074D,0.0881,0
16,2,-92,15.0,69,3803,69,1,0,0,47,1035,1406.8,18,5531,light,10000200A43C458245012F0B0412009B15DF,0.1373,0
12,2,-104,10.94,94,3782,73,1,0,0,44,4001,2598.8,10,3626,light,0C000200982C5E8049012CA10F0A002A0EDC,0.1021,0
2,5,-128,-11.68,91,3790,76,2,1,0,9,1317,1337.3,22,2594,dense,0200050080D15B814C120925051600220A82,0.01,0
9,10,-83,15.0,18,3621,23,2,1,0,7,122,117.2,22,2751,medium,09000A00AD3C12701712077A001600BF0AA0,0.6284,0
6,14,-128,-14.9,86,4074,95,2,0,0,9,3012,2462.7,279,2479,dense,06000E0080C4569D5F0209C40B1701AF091B,0.01,0
16,1,-115,1.4,55,3734,58,2,1,0,0,239,221.4,143,2866,dense,100001008D06377B3A1200EF008F00320BC4,0.603,1
16,3,-87,15.0,24,3664,41,1,0,0,11,372,433.2,21,907,light,10000300A93C187429010B740115008B03B1,0.5533,0
8,10,-110,6.55,51,3211,6,3,0,0,1,784,878.4,23,6606,medium,08000A00921A334706030110031700CE194C,0.3796,1
4,11,-101,13.11,33,3676,39,1,1,0,6,433,427.5,14,1832,medium,04000B009B342175271106B1010E00280765,0.6176,0
9,1,-128,-10.71,94,3832,80,1,1,0,21,2433,2449.6,14,2247,medium,0900010080D55E8550111581090E00C7086D,0.01,0
13,6,-128,-9.05,79,3991,88,1,1,0,10,1288,1276.7,4,2711,dense,0D00060080DC4F9558110A08050400970AFF,0.01,0
15,10,-90,15.0,60,3662,39,4,1,1,28,225,239.4,2487,1683,medium,0F000A00A63C3C7427341CE100B709930647,0.1922,0
9,1,-105,9.79,53,3572,17,1,1,0,9,394,381.3,1071,1566,medium,090001009727356B1111098A012F041E0616,0.4728,1
6,8,-128,-12.24,100,4025,92,1,1,1,37,2412,2416.0,2985,2283,medium,0600080080CF64985C31256C09A90BEB0814,0.01,0
13,8,-107,8.26,48,3773,71,1,1,0,5,426,437.2,27,1767,medium,0D0008009521307F471105AA011B00E70641,0.5678,1
9,6,-118,-3.29,70,3615,24,2,1,0,11,1003,1012.4,201,2018,medium,090006008AF3466F18120BEB03C900E20747,0.3518,0
4,14,-128,-10.71,87,3788,78,1,1,0,12,1133,1140.5,18,1957,dense,04000E0080D557804E110C6D041200A507C2,0.01,0
15,1,-74,15.0,0,4001,89,1,1,0,2,230,236.5,23,4355,light,0F000100B63C0096591102E60017000311E8,0.8858,1
4,3,-87,15.0,68,3298,7,1,0,0,47,118,169.5,10,3566,medium,04000300A93C444F07012F76000A00EE0D9D,0.1105,0
1,2,-108,6.39,55,3741,54,2,1,0,5,763,757.5,6,2872,medium,01000200941A377C361205FB020600380B87,0.5062,0
15,10,-121,-5.43,62,3289,8,1,1,0,9,278,288.3,65,234,dense,0F000A0087EA3E4E08110916014100EA0078,0.3094,0
1,7,-114,5.93,64,3659,39,1,1,0,5,689,687.9,4,6764,medium,010007008E184073271105B10204006C1ADF,0.4913,0
7,14,-128,-8.66,80,3760,57,4,1,1,6,257,259.8,23,1493,dense,07000E0080DD507E39340601011700D5051F,0.01,0
4,15,-125,-5.33,89,3793,77,1,1,0,12,1567,1565.2,4,483,medium,04000F0083EB59814D110C1F060400E30181,0.1865,0
8,7,-90,15.0,43,3786,73,2,1,0,9,827,826.8,266,3432,light,08000700A63C2B804912093B030A01680D47,0.4874,1
8,6,-118,0.22,66,3613,17,4,1,0,6,728,736.2,17,3565,medium,080006008A01426F111406D8021100ED0D1C,0.3916,1
9,3,-128,-13.81,79,3732,58,5,1,0,8,3955,3959.0,7,475,dense,0900030080C94F7B3A1508730F0700DB011C,0.01,0
8,1,-128,-13.09,68,3804,76,1,1,0,1,1584,1568.7,25,6232,dense,0800010080CC44824C11013006190058183B,0.01,0
8,6,-87,15.0,22,3978,88,3,1,0,10,1398,1423.0,2524,6956,light,08000600A93C169358130A7605DC092C1BF7,0.5199,1
5,2,-127,-11.92,87,3816,81,1,0,0,7,176,296.3,13,1719,dense,0500020081D05783510107B0000D00B706B6,0.01,0
5,3,-128,-10.81,100,4014,90,1,1,0,47,326,336.0,3,6660,dense,0500030080D564975A112F46010300041ACE,0.01,0
5,14,-99,15.0,33,3661,38,4,1,0,4,3138,3129.5,21,597,light,05000E009D3C2174261404420C1500550269,0.5578,1
11,12,-107,7.73,44,3807,72,2,1,0,2,572,575.0,14,1011,medium,0B000C00951F2C824812023C020E00F303D8,0.6176,1
10,6,-107,8.03,42,3704,41,4,0,0,5,551,293.2,1153,392,medium,0A00060095202A7829040527028104880179,0.5023,1
6,3,-128,-9.03,82,3603,17,1,1,0,10,988,989.2,213,5105,dense,0600030080DC526E11110ADC03D500F11342,0.01,0
6,16,-74,15.0,0,3715,54,1,0,0,0,433,309.4,20,6655,light,06001000B63C0079360100B1011400FF1972,0.95,1
5,1,-95,15.0,34,3969,87,1,0,0,11,510,593.7,8,5023,medium,05000100A13C229257010BFE0108009F13A9,0.5146,1
9,7,-128,-9.34,82,3742,52,1,0,0,6,298,1100.3,18,175,dense,0900070080DB527C3401062A011200AF004D,0.01,0
12,4,-106,10.54,49,3708,46,3,0,0,9,371,438.4,24,1761,medium,0C000400962A31782E030973011800E1069B,0.4379,1
1,9,-128,-11.41,78,3947,86,1,1,0,6,2491,2525.7,2742,4544,medium,0100090080D24E90561106BB09B60AC01107,0.01,0
8,14,-128,-11.66,82,3770,70,1,1,0,9,1081,1078.9,28,5961,dense,08000E0080D1527F46110939041C0049179B,0.01,0
15,9,-60,15.0,2,3611,24,2,1,0,4,112,143.6,26,6594,light,0F000900C43C026F18120470001A00C2194A,0.773,1
10,9,-104,12.84,41,3985,90,2,1,0,5,544,520.9,9,3801,medium,0A000900983329945A120520020900D90E31,0.5697,0
3,6,-120,-3.93,95,3758,64,3,0,0,29,1075,1097.4,256,5437,medium,0300060088F05F7D40031D330400013D15D6,0.1299,0
5,4,-95,15.0,24,3702,45,4,1,0,5,253,275.4,25,6876,medium,05000400A13C18782D1405FD001900DC1AB2,0.5749,0
15,8,-110,5.69,49,3466,11,2,0,0,3,345,772.5,20,3241,medium,0F000800921731600B020359011400A90C2B,0.5721,0
11,4,-128,-14.41,88,3479,12,2,0,0,8,285,219.6,73,1731,dense,0B00040080C658610C02081D014900C30615,0.01,0
1,9,-118,-5.71,68,4098,97,1,1,0,6,918,921.3,12,3400,medium,010009008AE9449F61110696030C00480D52,0.4,0
11,7,-123,-5.57,65,3643,35,4,1,0,2,2203,2206.8,29,4145,medium,0B00070085EA41722314029B081D0031100A,0.4064,0
10,5,-128,-7.9,78,3786,70,2,1,0,9,2312,2319.7,11,2430,medium,0A00050080E04E8046120908090B007E0935,0.01,0
8,10,-126,-9.88,88,3588,18,1,0,0,19,2605,3301.8,2951,2437,medium,08000A0082D8586C1201132D0A870B8509E1,0.01,0
5,1,-128,-8.38,77,3671,38,2,0,0,0,754,1573.8,2978,1246,dense,0500010080DE4D75260200F202A20BDE0453,0.01,0
10,16,-94,15.0,39,4011,90,1,1,0,10,323,319.3,17,4532,medium,0A001000A23C27975A110A43011100B411FE,0.5128,0
15,5,-106,12.41,43,3873,81,5,1,0,3,171,163.4,28,1522,dense,0F00050096322B89511503AB001C00F20516,0.501,0
12,10,-71,15.0,11,3273,7,4,1,0,25,200,205.9,132,3190,light,0C000A00B93C0B4D071419C8008400760CA9,0.2366,1
2,8,-124,-10.21,98,3753,68,1,1,0,47,1174,1182.2,68,6575,medium,0200080084D7627D44112F96044400AF199A,0.01,0
16,3,-128,-8.88,85,4162,99,1,1,0,11,1653,1654.5,30,1267,dense,1000030080DC55A663110B75061E00F304D4,0.01,0
10,14,-97,15.0,23,3778,64,1,0,0,2,462,239.4,17,1637,medium,0A000E009F3C177F400102CE01110065065D,0.7635,1
14,16,-95,15.0,35,3023,2,2,0,0,12,345,270.7,24,2557,medium,0E001000A13C233402020C59011800FD090D,0.0934,1
6,12,-128,-8.77,100,3597,27,4,1,0,29,1400,1385.0,1,2140,dense,06000C0080DD646D1B141D780501005C08FB,0.01,0
2,15,-128,-10.02,86,3775,70,1,0,0,12,4006,2129.5,29,1862,dense,02000F0080D8567F46010CA60F1D004607E0,0.01,0
3,1,-128,-11.52,94,4133,97,3,0,0,37,3242,2780.0,182,4287,medium,0300010080D25EA3610325AA0CB600BF10DB,0.01,0
4,14,-128,-9.4,79,3699,43,3,1,0,8,1475,1463.2,27,5724,dense,04000E0080DA4F772B1308C3051B005C1671,0.01,0
6,3,-128,-7.95,80,3688,41,2,1,0,6,907,883.9,10,6941,dense,0600030080E050762912068B030A001D1B24,0.01,0
1,14,-98,15.0,55,3807,76,2,0,0,21,61,87.8,3443,4111,dense,01000E009E3C37824C02153D00730D0F10B3,0.2891,0
13,8,-116,-0.43,62,3639,30,3,1,0,6,2106,2110.4,25,3438,medium,0D0008008CFE3E711E13063A0819006E0D3C,0.4325,0
13,5,-60,15.0,0,3734,60,4,1,0,5,139,125.1,12,4053,light,0D000500C43C007B3C14058B000C00D50F29,0.6716,1
10,8,-119,-2.75,56,3785,67,2,1,0,1,1295,1289.0,28,6590,medium,0A00080089F538804312010F051C00BE190C,0.574,1
4,14,-74,15.0,7,3091,3,1,0,0,0,106,95.3,21,5741,medium,04000E00B63C073B0301006A0015006D1670,0.182,0
16,10,-122,-6.34,62,3797,67,1,1,0,0,402,404.8,3,5685,dense,10000A0086E73E8143110092010300351683,0.4664,1
16,12,-86,15.0,26,3755,56,1,1,0,12,73,80.1,9,1345,dense,10000C00AA3C1A7D38110C4900090041058B,0.5268,1
10,12,-128,-11.98,87,4089,94,2,1,1,10,650,643.1,13,7066,dense,0A000C0080D0579E5E320A8A020D009A1B85,0.01,0
6,11,-85,15.0,28,3759,65,1,1,0,10,366,357.6,1981,1977,light,06000B00AB3C1C7D41110A6E01BD07B9079F,0.557,0
9,6,-108,10.88,59,4091,95,2,1,0,10,775,784.5,3247,3194,medium,09000600942C3B9F5F120A0703AF0C7A0C4C,0.4097,0
2,4,-113,3.17,57,3750,61,2,1,0,2,428,432.5,172,896,medium,020004008F0D397D3D1202AC01AC008003A3,0.5522,0
10,14,-115,0.32,58,3651,34,1,1,0,7,1319,1316.8,6,6226,medium,0A000E008D013A73221107270506005218FE,0.4847,0
5,4,-82,15.0,7,3730,55,2,1,0,7,1064,1060.0,277,1143,light,05000400AE3C077B37120728041501770434,0.6748,1
11,4,-74,15.0,0,3623,24,1,1,0,6,190,217.0,194,6342,light,0B000400B63C0070181106BE00C200C61880,0.7701,1
5,4,-92,15.0,21,3635,23,1,0,0,6,1839,1642.0,17,5282,light,05000400A43C15711701062F071100A214E6,0.673,1
9,10,-88,15.0,67,3786,64,4,0,0,47,4550,2319.4,248,3242,light,09000A00A83C438040042FC611F800AA0C9B,0.118,0
15,2,-110,9.42,39,3807,73,1,1,0,1,509,507.7,8,5867,medium,0F00020092262782491101FD010800EB16E6,0.7027,0
3,14,-103,12.64,51,3777,66,1,1,0,11,422,418.2,295,5223,medium,03000E009933337F42110BA60127016714A5,0.4486,0
9,14,-128,-9.81,78,3876,82,3,1,0,3,1617,1599.2,17,1741,dense,09000E0080D94E8952130351061100CD06B2,0.01,0
9,15,-87,15.0,5,4072,94,5,0,0,0,347,205.2,26,3729,medium,09000F00A93C059D5E05005B011A00910E57,0.7275,0
13,8,-128,-9.24,85,3816,78,4,1,0,11,3424,3426.1,193,1858,dense,0D00080080DB55834E140B600DC100420788,0.01,0
7,9,-128,-9.95,87,3187,5,2,0,0,9,3305,2334.3,10,5996,medium,0700090080D85744050209E90C0A006C1729,0.01,0
13,14,-128,-11.05,87,3945,88,2,0,0,10,5420,4113.9,15,299,medium,0D000E0080D4579058020A2C150F002B01CD,0.01,0
12,3,-102,15.0,42,3766,69,1,0,0,3,284,452.2,15,6977,medium,0C0003009A3C2A7E4501031C010F00411B9B,0.6398,0
1,3,-117,0.79,65,3662,43,2,1,0,7,1241,1239.4,4,2492,medium,010003008B0341742B1207D9040400BC0921,0.4297,1
2,14,-128,-8.84,76,3810,76,2,1,0,11,992,994.1,151,2350,dense,02000E0080DD4C834C120BE00397002E0931,0.01,0
5,4,-120,-1.17,64,3722,55,1,1,1,8,1283,1275.0,4,5613,medium,0500040088FB407A37310803050400ED1561,0.4419,0
7,1,-102,13.52,32,4130,97,1,1,0,3,2732,2737.0,158,900,light,070001009A3620A3611103AC0A9E0084035B,0.6911,0
12,14,-108,11.06,60,3718,51,2,1,0,11,138,141.7,25,6949,dense,0C000E00942C3C7933120B8A001900251BD4,0.3919,0
5,13,-116,0.48,60,3810,76,1,1,0,8,689,695.6,233,776,medium,05000D008C023C834C1108B102E9000803DC,0.4594,1
1,6,-128,-8.14,77,4117,95,4,1,0,8,1468,1473.6,65,4472,dense,0100060080DF4DA15F1408BC05410078110F,0.01,0
13,12,-106,9.79,60,4065,94,1,1,0,9,248,267.7,18,2815,medium,0D000C0096273C9C5E1109F8001200FF0A3B,0.4437,1
6,7,-107,10.2,90,3092,3,2,1,0,46,562,559.2,185,140,medium,0600070095295A3B03122E3202B9008C00B6,0.0204,0
16,15,-128,-13.31,100,4097,95,1,0,0,37,2559,1969.7,3490,5467,dense,10000F0080CB649F5F0125FF09A20D5B158E,0.01,0
4,13,-122,-5.84,70,3773,72,3,1,0,6,1487,1498.4,25,1085,medium,04000D0086E9467F481306CF0519003D0428,0.3442,0
9,7,-95,15.0,34,4165,97,4,1,0,7,2546,2542.3,25,4414,light,09000700A13C22A6611407F20919003E11AE,0.4984,0
14,13,-84,15.0,14,3512,13,3,1,0,2,144,153.3,19,6164,medium,0E000D00AC3C0E650D13029000130014183E,0.726,0
11,4,-128,-11.2,100,4173,99,4,1,0,15,2774,2776.2,16,7191,medium,0B00040080D364A763140FD60A1000171CC4,0.01,0
6,13,-101,15.0,24,3685,39,2,0,0,3,246,249.7,193,729,medium,06000D009B3C1876270203F600C100D90268,0.6936,1
5,3,-128,-12.51,87,4090,94,1,0,0,11,552,590.8,2276,3639,dense,0500030080CE579F5E010B2802E408370EDD,0.01,0
6,5,-114,4.4,89,3938,85,4,1,0,34,945,956.9,30,4661,medium,060005008E12598F551422B1031E003512DC,0.1134,0
5,15,-128,-8.86,72,3672,35,2,1,0,2,760,758.5,13,5907,dense,05000F0080DD4875231202F8020D00131766,0.01,0
7,16,-111,8.62,97,3803,77,1,0,0,47,1473,1112.4,73,1784,medium,07001000912261824D012FC1054900F806C2,0.0979,0
4,7,-66,15.0,3,3751,51,1,0,0,12,154,162.5,4,1074,light,04000700BE3C037D33010C9A00040032046F,0.613,0
10,5,-99,15.0,40,3751,63,4,0,0,11,227,257.2,116,1091,medium,0A0005009D3C287D3F040BE300740043047D,0.4137,1
6,1,-70,15.0,0,3694,46,1,1,0,9,253,270.0,14,4208,light,06000100BA3C00772E1109FD000E00701072,0.6933,1
4,9,-90,15.0,17,3436,11,3,1,0,1,200,198.6,14,6040,medium,04000900A63C115D0B1301C8000E0098179F,0.737,1
13,8,-128,-7.34,98,3843,80,3,1,0,24,594,590.8,170,2874,dense,0D00080080E362865013185202AA003A0B17,0.01,0
3,16,-66,15.0,2,3816,79,3,0,0,12,198,303.5,28,817,light,03001000BE3C02834F030CC6001C00310314,0.5518,1
6,10,-128,-11.49,71,3819,76,1,1,0,5,428,419.2,24,1436,dense,06000A0080D247834C1105AC0118009C0590,0.01,0
4,12,-128,-12.69,78,3778,62,1,1,1,12,680,675.6,12,5583,dense,04000C0080CD4E7F3E310CA8020C00CF15B5,0.01,0
5,7,-117,-0.86,65,3788,61,2,1,0,7,1258,1266.4,19,664,medium,050007008BFD41803D1207EA041300980281,0.4294,0
13,7,-128,-13.81,71,3786,68,2,1,0,0,1335,1333.1,15,5935,dense,0D00070080C9478044120037050F002F17C0,0.01,0
1,5,-97,15.0,24,3814,71,1,1,0,2,284,258.0,30,5455,medium,010005009F3C18834711021C011E004F15EA,0.7582,1
9,10,-128,-9.35,76,3607,24,1,1,0,5,1220,1202.8,99,1922,dense,09000A0080DB4C6E181105C4046300820763,0.01,0
3,12,-93,15.0,12,3797,77,1,0,0,3,523,333.8,24,3213,medium,03000C00A33C0C814D01030B0218008D0C08,0.7937,1
9,4,-110,5.21,43,3874,82,1,0,0,1,355,404.0,2,5288,medium,0900040092152B8952010163010200A81478,0.6807,0
15,11,-128,-13.08,83,3816,73,1,1,0,9,1537,1542.9,202,1598,medium,0F000B0080CC53834911090106CA003E06D7,0.01,0
16,9,-128,-9.33,80,3810,73,2,1,0,5,3041,3030.2,19,5280,dense,1000090080DB5083491205E10B1300A014A3,0.01,0
6,2,-71,15.0,3,3776,69,1,0,0,7,88,83.9,15,6311,medium,06000200B93C037F45010758000F00A71890,0.7302,1
11,9,-85,15.0,23,3702,47,3,1,0,11,249,244.9,6,679,medium,0B000900AB3C17782F130BF9000600A702CD,0.4986,1
11,7,-112,6.42,50,3084,3,2,1,0,6,336,350.9,13,3015,medium,0B000700901A323A03120650010D00C70BE4,0.1021,0
5,1,-113,4.07,42,4035,91,1,0,0,4,890,1162.3,30,5626,medium,050001008F102A995B01047A031E00FA1575,0.6178,1
7,15,-101,15.0,42,3698,48,1,0,0,11,794,911.6,8,5336,medium,07000F009B3C2A7730010B1A030800D814E6,0.4835,0
11,16,-85,15.0,53,4162,98,1,1,0,40,653,641.7,11,3678,light,0B001000AB3C35A66211288D020B005E0E7B,0.1598,0
2,11,-92,15.0,31,3752,58,1,1,0,2,826,823.8,13,112,light,02000B00A43C1F7D3A11023A030D007000AE,0.721,1
13,14,-112,5.23,54,3832,81,1,0,0,2,282,492.4,23,33,medium,0D000E00901536855101021A011700210025,0.5988,0
10,16,-122,-6.65,66,3759,61,3,0,0,5,2546,1554.9,12,4801,medium,0A00100086E5427D3D0305F2090C00C112F3,0.3095,1
16,2,-128,-8.72,68,3777,72,1,1,0,2,3722,3734.5,26,901,medium,1000020080DD447F4811028A0E1A008503F8,0.01,0
16,15,-87,15.0,23,4088,96,1,1,0,8,1363,1361.8,18,3997,light,10000F00A93C179E601108530512009D0FFA,0.6189,1
7,2,-128,-10.8,89,3688,49,3,1,1,9,2428,2427.8,6,5234,dense,0700020080D559763133097C090600721402,0.01,0
8,9,-112,5.54,62,3834,80,2,1,0,8,1311,1319.1,18,3723,medium,0800090090163E855012081F0512008B0EDA,0.4272,0
5,9,-75,15.0,8,3766,68,2,1,0,6,193,209.3,12,142,light,05000900B53C087E441206C1000C008E006B,0.6945,1
3,6,-128,-9.56,73,3750,60,1,1,0,9,4061,4042.1,1,2993,medium,0300060080DA497D3C1109DD0F0100B10BDF,0.01,0
2,7,-128,-10.08,71,3632,27,2,1,0,1,2383,2376.3,5,5247,medium,0200070080D847711B12014F0905007F1465,0.01,0
16,1,-67,15.0,0,3877,83,1,1,0,2,343,325.6,81,282,light,10000100BD3C0089531102570151001A01D5,0.8858,1
16,6,-93,15.0,16,3209,6,1,1,0,5,1277,1272.1,11,6663,light,10000600A33C1046061105FD040B00071AA0,0.4783,1
2,13,-117,-0.4,69,3602,21,1,1,0,6,239,229.6,20,7111,dense,02000D008BFE456E151106EF001400C71BFF,0.4511,1
2,9,-128,-7.19,81,3684,37,2,0,0,5,4794,1839.9,25,4721,dense,0200090080E35176250205BA1219007112FE,0.01,0
11,2,-89,15.0,60,3636,29,2,1,0,48,499,496.3,1,7175,medium,0B000200A73C3C711D1230F3010100071C9D,0.142,0
11,4,-124,-9.07,71,3779,64,1,0,0,6,941,913.5,6,7148,medium,0B00040084DC477F400106AD030600EC1BF3,0.0667,0
7,9,-128,-10.38,100,4096,95,1,0,0,31,3872,5163.0,14,6384,medium,0700090080D6649F5F011F200F0E00F01824,0.01,0
2,14,-101,15.0,31,3730,51,2,1,0,0,288,272.6,84,995,medium,02000E009B3C1F7B33120020015400E30390,0.7326,1
9,4,-100,15.0,43,3356,10,3,1,0,12,404,389.9,9,3354,medium,090004009C3C2B550A130C940109001A0D66,0.3663,1
16,15,-128,-12.43,80,3801,72,1,1,0,2,2752,2764.7,6,2885,medium,10000F0080CE5082481102C00A0600450BC0,0.01,0
14,15,-128,-10.83,76,3839,81,2,1,0,1,4078,4075.1,215,6761,medium,0E000F0080D54C85511201EE0FD700691A2D,0.01,0
5,15,-128,-9.83,76,3279,8,2,1,0,2,705,718.0,26,3692,dense,05000F0080D94C4D081202C1021A006C0E3E,0.01,0
1,13,-95,15.0,23,3696,50,1,1,0,2,2643,2631.3,10,1751,light,01000D00A13C1777321102530A0A00D70632,0.7635,1
3,16,-116,1.26,58,3691,45,1,0,0,7,1044,747.5,21,6345,medium,030010008C053A772D010714041500C918AC,0.4848,1
12,9,-128,-9.85,80,3789,71,4,0,0,6,958,750.9,30,4545,dense,0C00090080D95080470406BE031E00C11186,0.01,0
1,12,-98,15.0,74,3761,69,2,1,0,32,284,289.5,190,4647,medium,01000C009E3C4A7E4512201C01BE002712F1,0.1633,0
14,9,-80,15.0,46,3225,7,1,0,0,37,363,562.9,12,4049,light,0E000900B03C2E480701256B010C00D10FB0,0.1295,0
4,10,-128,-9.7,81,3816,72,1,1,0,8,137,168.8,280,3596,dense,04000A0080D95183481108890018010C0EF4,0.01,0
1,15,-87,15.0,7,3766,64,1,1,0,2,1254,1257.0,9,3071,light,01000F00A93C077E401102E6040900FF0BDC,0.8486,0
4,8,-128,-8.81,76,3733,55,1,0,0,2,495,665.6,3309,555,dense,0400080080DD4C7B370102EF01ED0C2B020F,0.01,0
15,2,-91,15.0,71,3646,27,2,0,0,45,609,754.3,5,6818,light,0F000200A53C47721B022D61020500A21A00,0.1274,0
8,14,-128,-12.21,67,3812,77,2,1,0,0,491,491.8,23,7175,dense,08000E0080CF43834D1200EB011700071CC5,0.01,0
3,13,-98,15.0,51,3812,72,3,1,0,19,395,392.2,13,4644,medium,03000D009E3C33834813138B010D002412E5,0.3034,0
7,6,-105,11.66,39,3753,71,1,0,0,3,917,489.5,214,34,medium,07000600972F277D4701039503D6002200B3,0.6552,1
16,4,-56,15.0,0,4060,93,1,1,0,11,83,95.3,241,3960,light,10000400C83C009C5D110B5300F100780F7E,0.6464,1
13,12,-109,6.95,94,3679,38,1,0,0,36,400,437.0,8,6384,medium,0D000C00931C5E7526012490010800F018C3,0.1175,0
1,15,-128,-11.46,78,3963,87,1,1,0,4,3562,3548.9,10,3638,dense,01000F0080D24E92571104EA0D0A00360E2E,0.01,0
1,4,-128,-11.86,77,3790,74,2,1,0,7,472,476.2,176,2879,dense,0100040080D14D814A1207D801B0003F0BE7,0.01,0
2,8,-114,1.51,57,3711,45,1,1,0,8,1381,1382.3,14,1642,medium,020008008E0639792D110865050E006A0661,0.4724,0
1,12,-103,12.75,36,3691,50,5,0,0,2,600,434.1,15,2119,medium,01000C009933247732050258020F00470824,0.5482,1
10,9,-128,-11.35,71,4163,98,2,1,0,3,2241,2247.2,29,220,medium,0A00090080D347A6621203C1081D00DC006F,0.01,0
15,16,-125,-10.19,68,3720,55,1,1,0,1,705,715.1,16,4052,medium,0F00100083D7447A371101C1021000D40F4E,0.0201,0
11,3,-128,-12.01,69,4109,94,2,1,0,0,890,893.3,10,5425,dense,0B00030080D045A05E12007A030A003115DB,0.01,0
2,5,-128,-12.24,71,3753,64,1,1,0,3,219,224.6,2,5438,dense,0200050080CF477D401103DB0002003E1566,0.01,0
7,8,-112,4.38,63,3768,63,3,1,0,11,723,726.8,10,4445,medium,0700080090123F7E3F130BD3020A005D110E,0.3598,1
4,15,-108,9.12,47,3761,47,2,1,0,2,685,681.0,16,2587,medium,04000F0094242F7E2F1202AD0210001B0A72,0.6025,0
5,10,-105,14.36,44,3917,84,1,1,0,6,293,289.4,184,6644,medium,05000A0097392C8D5411062501B800F41962,0.5668,1
11,5,-99,15.0,71,3689,40,2,1,0,37,204,200.3,590,5538,medium,0B0005009D3C4776281225CC004E02A21545,0.1415,1
14,6,-128,-9.32,89,3751,59,1,1,0,7,3008,2997.0,171,3757,dense,0E00060080DB597D3B1107C00BAB00AD0E7D,0.01,0
4,5,-106,11.06,49,3757,62,2,1,0,10,754,753.7,14,4362,medium,04000500962C317D3E120AF2020E000A115E,0.4478,0
7,15,-128,-7.97,81,3639,32,1,0,0,6,1886,1070.3,217,691,dense,07000F0080E051712001065E07D900B30289,0.01,0
7,4,-128,-10.72,80,3303,8,3,1,0,9,3316,3315.0,25,3049,medium,0700040080D55050081309F40C1900E90B88,0.01,0
4,14,-117,-0.94,63,4122,98,3,1,0,10,1263,1283.8,2,6014,medium,04000E008BFC3FA262130AEF0402007E1799,0.3723,0
14,8,-128,-9.87,84,3695,48,2,0,0,8,354,329.3,7,4362,dense,0E00080080D95477300208620107000A1111,0.01,0
9,5,-128,-9.96,86,3773,72,2,1,0,10,2720,2753.1,23,938,medium,0900050080D8567F48120AA00A1700AA0366,0.01,0
15,5,-98,15.0,43,3739,58,1,1,0,12,3191,3174.9,194,6939,light,0F0005009E3C2B7B3A110C770CC2001B1B12,0.4632,0
6,8,-85,15.0,40,3793,68,1,0,0,25,1346,472.2,17,5276,light,06000800AB3C2881440119420511009C1460,0.301,1
15,1,-95,15.0,33,3630,34,1,1,0,8,1158,1154.5,4,7118,light,0F000100A13C217122110886040400CE1B54,0.5758,1
13,1,-102,14.43,44,3771,61,2,1,0,10,2340,2340.9,24,7147,light,0D0001009A3A2C7F3D120A24091800EB1B13,0.4668,0
2,10,-118,-1.52,57,4078,92,1,1,0,2,1059,1063.1,12,1749,medium,02000A008AFA399D5C110223040C00D50646,0.582,0
13,5,-107,7.82,50,3680,49,2,1,0,12,463,445.4,1932,5434,medium,0D000500951F327631120CCF018C073A15BC,0.4139,0
14,5,-128,-13.4,92,3756,67,5,1,0,30,3562,3537.2,13,5273,dense,0E00050080CA5C7D43151EEA0D0D009914A4,0.01,0
13,3,-95,15.0,13,3628,28,4,1,0,1,1394,1410.2,296,3889,light,0D000300A13C0D701C140172052801310F1D,0.7122,1
4,16,-101,14.32,43,3794,67,2,1,0,8,3188,3202.5,2,3378,light,040010009B392B81431208740C0200320DB2,0.5047,1
9,10,-128,-14.34,65,4089,95,1,1,0,1,609,587.4,14,6238,dense,09000A0080C7419E5F110161020E005E187B,0.01,0
15,9,-55,15.0,5,3683,40,3,1,0,9,91,106.8,231,4679,light,0F000900C93C05762813095B00E70047123D,0.6017,1
1,5,-128,-9.75,81,3812,72,1,0,0,7,1012,1672.2,177,6883,dense,0100050080D95183480107F403B100E31AD4,0.01,0
13,9,-92,15.0,71,3173,5,1,1,0,42,274,269.0,29,3308,medium,0D000900A43C474305112A12011D00EC0C48,0.0269,0
2,6,-128,-9.72,85,3655,29,1,0,0,11,7315,4183.4,13,6192,medium,0200060080D955731D010B931C0D003018E8,0.01,0
5,14,-68,15.0,4,3740,49,4,1,0,2,217,228.4,282,4680,light,05000E00BC3C047C311402D9001A01481246,0.728,1
1,6,-99,15.0,55,3982,88,2,1,0,20,280,293.9,7,5752,medium,010006009D3C379458121418010700781624,0.2994,0
7,13,-108,7.06,50,3850,81,1,0,0,9,355,449.7,20,202,medium,07000D00941C328751010963011400CA000F,0.4853,1
1,13,-128,-10.93,68,3945,87,2,0,0,0,1263,1726.3,30,5235,dense,01000D0080D44490570200EF041E0073147E,0.01,0
8,11,-82,15.0,11,3772,73,1,1,0,3,805,790.8,5,1959,light,08000B00AE3C0B7F49110325030500A707B6,0.7989,1
7,4,-128,-8.39,78,3996,88,2,0,0,3,431,336.7,66,516,dense,0700040080DE4E95580203AF0142000402E2,0.01,0
3,11,-89,15.0,8,3758,58,2,1,0,1,126,131.8,21,4998,medium,03000B00A73C087D3A12017E001500861352,0.8273,1
5,14,-128,-13.99,90,3747,52,1,1,0,11,2951,2962.9,23,4763,dense,05000E0080C85A7C34110B870B17009B12F5,0.01,0
2,3,-94,15.0,46,3862,81,2,1,0,15,1918,1904.8,106,5361,light,02000300A23C2E8851120F7E076A00F11454,0.3855,0
16,5,-128,-10.53,68,3614,19,2,1,0,4,1915,1917.5,135,2212,medium,1000050080D6446F1312047B078700A4080A,0.01,0
16,5,-104,13.41,42,3718,47,2,1,0,7,732,726.0,2,4157,medium,1000050098362A792F1207DC0202003D1016,0.5269,1
2,11,-93,15.0,37,3561,15,1,1,1,11,276,264.0,1283,748,medium,02000B00A33C256A0F310B14010305EC0206,0.5029,0
5,15,-122,-5.83,100,3684,43,1,0,0,39,2237,1483.2,181,4495,medium,05000F0086E964762B0127BD08B5008F1122,0.0837,0
14,15,-117,-0.16,63,3934,86,4,1,0,7,617,609.5,244,167,medium,0E000F008BFF3F8F5614076902F400A70014,0.3894,0
16,6,-118,0.18,53,3602,17,2,1,0,1,1771,1771.3,3280,2823,medium,100006008A01356E111201EB06D00C070BCF,0.5926,0
7,1,-74,15.0,2,3814,80,3,1,0,1,397,396.4,5,349,light,07000100B63C02835013018D0105005D01F9,0.8109,0
1,15,-78,15.0,11,3582,15,2,1,0,9,110,103.9,75,122,medium,01000F00B23C0B6C0F12096E004B007A0035,0.6135,1
2,14,-80,15.0,7,3381,10,1,1,0,7,490,497.9,5,7146,light,02000E00B03C07580A1107EA010500EA1B73,0.6564,0
10,2,-88,15.0,6,3695,42,3,1,0,1,193,189.9,16,1960,medium,0A000200A83C06772A1301C1001000A80745,0.7912,1
5,4,-128,-10.21,100,3138,4,1,1,0,38,239,252.4,2,4162,dense,0500040080D7643F041126EF00020042103C,0.01,0
9,2,-97,15.0,25,3637,28,3,1,0,1,405,418.7,21,2523,medium,090002009F3C19711C130195011500DB0958,0.6976,1
15,12,-108,6.48,68,3634,26,5,1,0,16,1026,1013.9,29,5755,medium,0F000C00941A44711A151002041D007B165C,0.2536,0
4,7,-128,-10.39,100,3613,18,3,1,0,24,2250,2255.5,48,6589,dense,0400070080D6646F121318CA083000BD1947,0.01,0
9,14,-120,-3.9,68,3612,20,3,1,0,3,140,149.1,13,4522,dense,09000E0088F0446F1413038C000D00AA118E,0.4446,0
6,16,-106,10.17,50,3170,5,2,1,0,10,335,339.0,29,540,medium,060010009629324305120A4F011D001C022E,0.0888,0
9,7,-109,6.94,46,4085,94,2,1,0,1,1368,1379.9,2,5976,medium,09000700931C2E9E5E120158050200581742,0.6292,0
8,5,-113,4.0,49,3752,58,2,1,0,0,327,319.6,1,3620,medium,080005008F10317D3A120047010100240EAB,0.6354,1
14,4,-119,-1.15,70,3695,46,3,1,0,5,881,869.3,198,6763,medium,0E00040089FB46772E13057103C6006B1ACF,0.4135,1
6,16,-89,15.0,56,3596,16,2,1,0,35,113,124.8,16,1872,medium,06001000A73C386D101223710010005007B2,0.1755,0
6,3,-128,-11.33,76,3717,54,2,1,0,10,474,460.0,23,1122,dense,0600030080D34C7936120ADA0117006204AF,0.01,0
2,13,-128,-10.21,100,3625,22,1,1,0,49,3464,3462.7,68,5816,dense,02000D0080D76470161131880D4400B816BA,0.01,0
15,11,-81,15.0,4,3797,73,3,1,0,3,666,679.2,28,6793,light,0F000B00AF3C04814913039A021C00891A9F,0.7469,0
12,13,-85,15.0,15,3609,31,2,1,0,3,393,419.1,8,919,light,0C000D00AB3C0F6E1F12038901080097032D,0.7374,1
5,13,-91,15.0,17,3647,26,2,0,0,1,580,315.0,21,1867,medium,05000D00A53C11721A0201440215004B0786,0.7804,1
4,14,-87,15.0,52,3746,58,2,1,0,37,445,460.9,270,1383,light,04000E00A93C347C3A1225BD010E016705CD,0.1696,0
7,5,-108,7.44,48,3768,65,1,0,0,4,606,717.3,276,177,medium,07000500941E307E4101045E021401B10038,0.588,1
8,10,-105,11.47,52,4130,96,1,1,0,10,547,540.0,29,7021,medium,08000A00972E34A360110A23021D006D1B2E,0.4606,0
5,16,-122,-0.16,77,3635,30,1,0,0,8,2064,1379.5,7,7101,medium,0500100086FF4D711E010810080700BD1BEF,0.3862,0
5,14,-79,15.0,14,3762,65,3,1,0,11,482,485.5,6,2656,light,05000E00B13C0E7E41130BE2010600600AA1,0.5298,1
2,4,-127,-13.14,88,3670,36,2,1,0,11,766,757.6,1,766,medium,0200040081CB587524120BFE020100FE02C4,0.01,0
6,9,-127,-12.16,78,4105,95,1,1,0,10,2523,2527.3,3,7109,medium,0600090081CF4EA05F110ADB090300C51B47,0.01,0
14,3,-128,-15.81,71,3735,59,1,0,0,3,2943,2201.9,8,6293,medium,0E00030080C1477B3B01037F0B08009518D2,0.01,0
13,4,-114,-0.17,57,3752,60,3,1,0,7,792,784.1,18,2067,medium,0D0004008EFF397D3C1307180312001308B8,0.4376,1
7,11,-126,-9.15,81,3685,41,2,1,0,1,1840,1829.6,3444,2283,medium,07000B0082DB51762912013007740DEB0867,0.0188,0
12,7,-103,15.0,96,3829,82,5,0,0,42,215,163.5,274,3408,dense,0C000700993C608452052AD7001201500D20,0.0784,0
12,14,-128,-14.72,88,3648,28,1,0,0,10,1780,4072.0,20,174,medium,0C000E0080C558721C010AF4061400AE00C7,0.01,0
13,4,-93,15.0,32,3666,31,1,1,0,4,1109,1122.3,22,3228,light,0D000400A33C20741F1104550416009C0CE3,0.6673,1
5,2,-96,15.0,44,3631,24,3,1,0,12,292,317.0,139,4798,medium,05000200A03C2C7118130C24018B00BE1211,0.411,0
13,5,-128,-13.01,77,3823,71,2,0,0,5,554,534.3,6,1230,dense,0D00050080CC4D844702052A020600CE0408,0.01,0
14,8,-128,-7.84,86,4032,92,3,1,0,11,1442,1443.5,3,760,dense,0E00080080E156995C130BA2050300F80239,0.01,0
6,14,-117,2.38,57,3910,84,4,1,0,9,1582,1566.8,3,6042,medium,06000E008B0A398D5414092E0603009A17BE,0.3842,0
11,4,-128,-9.62,91,4006,90,2,1,0,9,3524,3522.5,14,6493,dense,0B00040080DA5B965A1209C40D0E005D190F,0.01,0
14,11,-128,-12.12,81,3598,19,2,1,0,2,2707,2709.6,7,6188,dense,0E000B0080D0516D131202930A07002C18BE,0.01,0
14,4,-73,15.0,26,3812,75,3,1,0,39,222,193.9,21,2694,light,0E000400B73C1A834B1327DE001500860A5B,0.1832,1
2,7,-128,-10.61,78,3806,75,1,1,0,6,1605,1614.0,26,3677,dense,0200070080D64E824B110645061A005D0E8D,0.01,0
6,11,-70,15.0,0,4122,97,2,0,0,6,93,96.9,30,1092,medium,06000B00BA3C00A26102065D001E00440402,0.7295,1
13,4,-128,-9.22,86,3773,77,3,1,1,6,258,263.2,28,3306,dense,0D00040080DB567F4D330602011C00EA0CB2,0.01,0
15,6,-77,15.0,0,3768,67,2,0,0,3,105,101.3,19,2604,medium,0F000600B33C007E430203690013002C0AE3,0.8103,1
5,1,-128,-10.57,85,3725,55,2,1,0,9,2256,2238.5,236,1431,dense,0500010080D6557A371209D008EC009705F4,0.01,0
14,7,-128,-9.73,79,3736,55,3,1,0,2,372,374.4,185,3553,dense,0E00070080D94F7B3713027401B900E10DCB,0.01,0
11,2,-128,-13.44,78,3789,72,5,0,0,5,776,418.5,57,4465,dense,0B00020080CA4E8048050508033900711126,0.01,0
6,4,-121,-4.27,95,3749,56,2,0,0,40,857,1317.8,264,4723,medium,0600040087EF5F7C380228590308017312CC,0.0928,0
10,3,-128,-12.92,85,4160,97,4,0,0,10,599,861.7,44,2642,dense,0A00030080CC55A661040A57022C00520A92,0.01,0
5,8,-128,-12.01,89,4033,91,2,1,0,11,2064,2079.7,9,6893,dense,0500080080D059995B120B10080900ED1AAF,0.01,0
14,9,-84,15.0,13,3976,87,1,1,0,7,1114,1104.9,1870,385,light,0E000900AC3C0D935711075A044E0781011A,0.6856,1
1,12,-122,-4.5,68,3998,89,1,1,0,3,3306,3296.6,6,835,medium,01000C0086EE4495591103EA0C0600430318,0.4883,1
11,12,-93,15.0,72,3756,61,3,1,0,38,1972,1973.5,27,658,light,0B000C00A33C487D3D1326B4071B0092027C,0.1277,0
13,6,-76,15.0,12,3746,59,3,1,1,11,602,614.0,246,2655,light,0D000600B43C0C7C3B330B5A02F6005F0A10,0.5367,0
6,8,-128,-8.0,86,3810,71,5,1,1,11,194,215.8,7,7010,dense,0600080080E0568347350BC2000700621B00,0.01,0
8,14,-116,-1.36,71,3806,78,2,1,0,9,864,879.7,27,5977,medium,08000E008CFB47824E120960031B005917BB,0.3766,1
5,4,-126,-9.66,100,3252,6,1,1,0,21,1647,1638.3,14,5038,medium,0500040082D9644B0611156F060E00AE1373,0.01,0
15,9,-128,-10.23,79,3594,21,2,1,0,7,308,295.9,1083,4439,dense,0F00090080D74F6D15120734013B045711E8,0.01,0
11,4,-105,9.83,33,3704,48,2,1,0,3,389,388.6,267,4048,medium,0B0004009727217830120385010B01D00F14,0.6499,0
1,15,-128,-9.2,96,3727,53,1,1,1,12,1734,1739.5,24,6436,dense,01000F0080DB607A35310CC606180024193B,0.01,0
5,4,-128,-8.21,74,3572,17,3,1,0,6,3798,3818.3,120,1561,dense,0500040080DF4A6B111306D60E78001906A4,0.01,0
16,9,-97,15.0,31,4137,95,1,1,0,10,1630,1629.5,15,5753,light,100009009F3C1FA35F110A5E060F0079164F,0.5449,0
9,2,-97,15.0,25,3774,63,1,1,0,2,272,271.4,2645,2075,medium,090002009F3C197F3F11021001550A1B0837,0.7529,0
13,2,-84,15.0,51,3715,44,2,0,0,36,287,691.7,169,1283,light,0D000200AC3C33792C02241F01A90003052C,0.1772,0
13,10,-125,-8.55,77,3619,22,5,1,0,3,2799,2782.5,83,2625,medium,0D000A0083DE4D6F161503EF0A5300410AEC,0.0566,0
5,3,-86,15.0,19,3750,61,3,1,0,7,1028,1033.8,195,1779,light,05000300AA3C137D3D13070404C300F3065A,0.5895,1
1,9,-103,12.52,45,3116,4,2,1,0,5,349,345.1,19,5525,medium,0100090099322D3D0412055D01130095158D,0.1103,0
11,6,-114,1.25,88,3756,60,4,1,0,24,893,883.0,131,4386,medium,0B0006008E05587D3C14187D0383002211CB,0.163,0
12,13,-128,-9.74,81,3385,10,1,1,0,6,320,307.9,209,1298,dense,0C000D0080D951580A11064001D1001205A8,0.01,0
11,4,-128,-6.94,79,3706,47,2,1,0,5,195,200.3,25,934,dense,0B00040080E44F782F1205C3001900A6035A,0.01,0
5,12,-119,-0.68,65,3217,6,3,1,0,10,150,144.3,6,2622,dense,05000C0089FD414706130A960006003E0A41,0.2467,0
12,1,-128,-12.86,81,3685,37,1,0,0,10,1141,1535.4,28,2511,medium,0C00010080CD517625010A75041C00CF098E,0.01,0
16,9,-128,-12.07,82,3802,67,2,0,0,4,112,219.6,28,6463,dense,1000090080D0528243020470001C003F1918,0.01,0
2,11,-124,-7.58,83,3527,12,1,1,0,8,1109,1105.1,126,4076,medium,02000B0084E253660C110855047E00EC0FEF,0.1594,0
3,7,-89,15.0,22,3801,64,4,1,0,7,1458,1460.7,12,1124,light,03000700A73C1682401407B2050C0064040D,0.5435,1
4,13,-128,-11.17,73,3851,81,1,1,0,5,2430,2435.3,8,6207,dense,04000D0080D349875111057E0908003F184C,0.01,0
1,6,-128,-10.6,72,3777,62,1,1,0,1,2250,2257.9,27,2544,medium,0100060080D6487F3E1101CA081B00F00952,0.01,0
12,1,-89,15.0,74,3717,58,2,1,0,49,268,279.8,1,3953,medium,0C000100A73C4A793A12310C010100710F1F,0.1234,0
16,4,-128,-13.3,76,4139,97,2,1,0,12,2071,2081.1,15,2525,medium,1000040080CB4CA361120C17080F00DD09E5,0.01,0
10,1,-128,-12.52,83,3615,20,2,0,0,11,135,235.4,136,1643,dense,0A00010080CE536F14020B870088006B0656,0.01,0
12,15,-83,15.0,25,3161,5,4,1,0,6,457,484.0,14,3145,light,0C000F00AD3C1942051406C9010E00490C7C,0.1102,0
7,8,-88,15.0,78,3658,39,2,0,0,47,158,99.8,74,5409,dense,07000800A83C4E7327022F9E004A002115C2,0.1181,0
16,14,-127,-10.95,86,4138,96,2,1,0,12,275,254.3,274,5095,dense,10000E0081D456A360120C13011201E7134E,0.01,0
15,9,-93,15.0,24,4014,90,1,1,0,0,2513,2511.8,17,2174,light,0F000900A33C18975A1100D10911007E08CA,0.8132,1
14,15,-116,0.71,54,3778,75,3,1,0,2,713,712.9,161,1354,medium,0E000F008C03367F4B1302C902A1004A0514,0.5357,0
8,4,-127,-11.03,66,3770,58,1,1,0,4,236,244.0,233,1229,dense,0800040081D4427F3A1104EC00E900CD0428,0.01,0
12,1,-128,-9.02,82,3798,71,2,1,0,6,4008,3999.7,1433,5154,medium,0C00010080DC5281471206A80F990522141A,0.01,0
3,4,-128,-13.44,100,3232,7,1,1,0,43,3943,3952.7,55,482,medium,0300040080CA644907112B670F3700E2014B,0.01,0
10,3,-118,-2.61,100,3800,74,3,1,0,40,1265,1277.7,1,3798,medium,0A0003008AF664824A1328F1040100D60E37,0.0835,0
1,16,-118,0.92,65,3170,5,2,1,0,3,1677,1656.7,223,4946,medium,010010008A0441430512038D06DF00521382,0.0988,0
16,15,-128,-10.44,81,4105,95,1,1,0,12,3704,3713.2,6,6435,medium,10000F0080D651A05F110C780E06002319B6,0.01,0
5,8,-93,15.0,22,3839,81,3,1,0,7,1754,1761.9,2999,6896,light,05000800A33C1685511307DA06B70BF01AE9,0.5775,0
2,8,-67,15.0,8,3790,70,4,0,0,4,225,300.3,248,1542,light,02000800BD3C0881460404E100F80006061F,0.6621,0
13,9,-116,-0.23,88,3578,15,1,1,0,39,1235,1227.8,130,5727,medium,0D0009008CFF586B0F1127D30482005F1625,0.1145,0
14,16,-128,-8.4,87,3193,6,1,1,0,16,1379,1367.3,17,6282,dense,0E00100080DE5745061110630511008A1889,0.01,0
13,3,-128,-10.94,68,3619,26,1,1,0,0,1552,1551.3,25,1712,dense,0D00030080D4446F1A110010061900B006F9,0.01,0
11,7,-119,-1.53,55,3738,49,1,1,0,2,122,128.5,1,4640,dense,0B00070089FA377B3111027A0001002012F1,0.5926,1
12,15,-127,-9.34,100,3687,49,1,0,0,32,1570,1854.5,75,184,medium,0C000F0081DB647631012022064B00B8006E,0.01,0
14,1,-108,9.54,59,3824,80,2,0,0,10,950,749.1,1680,5133,medium,0E00010094263B8450020AB60390060D14D8,0.4097,1
12,15,-87,15.0,5,3680,38,1,1,0,0,881,897.9,124,772,light,0C000F00A93C057626110071037C00040311,0.9215,1
13,16,-95,15.0,30,3902,84,1,1,0,8,183,185.3,25,4530,medium,0D001000A13C1E8C541108B7001900B211AB,0.5888,0
3,13,-128,-13.13,81,3752,65,1,1,0,12,3322,3318.5,19,2314,medium,03000D0080CB517D41110CFA0C13000A0991,0.01,0
5,8,-122,-4.88,78,3793,67,1,0,0,11,2822,2167.4,3,2873,medium,0500080086EC4E8143010B060B0300390BED,0.3257,0
14,16,-110,5.12,49,3595,20,1,1,0,6,81,97.8,2230,1295,dense,0E0010009214316D1411065100B6080F05E4,0.5437,0
4,15,-128,-11.09,78,3733,55,1,1,0,0,3313,3296.2,285,1101,medium,04000F0080D44E7B371100F10C1D014D04DE,0.01,0
7,1,-80,15.0,2,3893,83,3,0,0,5,98,181.1,26,7170,medium,07000100B03C028B53030562001A00021C72,0.705,1
9,4,-122,-4.05,73,3663,29,1,1,0,10,2070,2066.0,171,3067,medium,0900040086F049741D110A1608AB00FB0B6C,0.368,0
12,13,-128,-7.17,88,3745,63,3,1,0,6,3552,3540.7,19,663,medium,0C000D0080E3587C3F1306E00D13009702DC,0.01,0
7,12,-128,-10.54,79,4068,93,3,1,0,6,1222,1208.6,77,6368,dense,07000C0080D64F9C5D1306C6044D00E018D8,0.01,0
16,4,-128,-15.03,82,3820,78,2,0,0,9,684,1512.5,10,6895,dense,1000040080C452844E0209AC020A00EF1A9B,0.01,0
12,4,-100,14.81,37,3667,41,4,1,0,12,230,243.3,89,2594,medium,0C0004009C3B257429140CE6005900220A91,0.4089,1
10,15,-68,15.0,3,3604,19,1,0,0,12,81,80.8,2843,3940,medium,0A000F00BC3C036E13010C51001B0B640F34,0.613,0
8,4,-128,-10.31,95,3784,64,2,0,0,41,424,395.5,6,4102,dense,0800040080D75F80400229A8010600061048,0.01,0
2,1,-110,6.32,56,3776,62,2,1,0,6,779,760.3,185,6605,medium,020001009219387F3E12060B03B900CD195D,0.4844,1
7,12,-128,-11.37,81,3650,31,1,1,0,4,2696,2690.3,16,3540,medium,07000C0080D351731F1104880A1000D40D2A,0.01,0
12,16,-122,-4.18,76,3617,19,1,1,0,10,1307,1315.3,13,1246,medium,0C00100086EF4C6F13110A1B050D00DE04F7,0.355,0
2,1,-128,-9.36,72,3696,43,4,1,0,4,1903,1909.8,10,684,dense,0200010080DB48772B14046F070A00AC02F3,0.01,0
7,16,-72,15.0,1,4181,99,4,1,0,2,302,306.2,45,3519,light,07001000B83C01A86314022E012D00BF0D90,0.7414,0
1,12,-128,-10.81,100,4038,90,2,0,0,20,6209,3391.3,16,2177,dense,01000C0080D564995A0214411810008108C7,0.01,0
8,16,-119,-3.25,65,3715,55,2,1,0,1,1138,1131.5,214,838,medium,0800100089F341793712017204D6004603B3,0.5252,1
14,12,-128,-10.4,77,3738,54,3,1,0,1,308,309.9,82,5813,dense,0E000C0080D64D7B36130134015200B51672,0.01,0
13,15,-114,1.95,63,3782,63,1,1,1,11,1413,1416.3,1,2478,medium,0D000F008E083F803F310B85050100AE0996,0.4021,0
10,16,-116,1.99,67,3925,85,2,0,0,6,1380,875.4,3,1399,medium,0A0010008C08438E550206640503007705BD,0.4362,1
6,11,-83,15.0,6,4091,93,2,0,0,0,1006,746.2,5,6599,light,06000B00AD3C069F5D0200EE030500C71928,0.8676,1
15,3,-89,15.0,27,3530,13,2,1,0,9,178,163.5,17,156,medium,0F000300A73C1B670D1209B20011009C00FB,0.5504,0
3,8,-90,15.0,21,3705,49,2,1,0,4,440,455.5,2,508,medium,03000800A63C1578311204B8010200FC0108,0.6838,1
8,2,-112,6.87,46,3789,70,1,1,1,2,594,607.6,1896,5965,medium,08000200901B2E80463102520268074D1724,0.6413,1
10,2,-104,8.92,50,4016,91,2,1,0,11,111,126.7,6,7176,dense,0A000200982432975B120B6F000600081CED,0.4287,0
9,1,-78,15.0,4,4091,95,3,1,0,2,155,151.6,5,3158,medium,09000100B23C049F5F13029B000500560CBC,0.7735,1
13,2,-107,9.14,42,3778,70,3,1,0,1,480,474.3,6,3958,medium,0D00020095252A7F461301E0010600760FCE,0.6139,1
2,14,-128,-13.25,100,3436,12,2,0,0,43,4994,2954.5,300,1641,medium,02000E0080CB645D0C022B82132C01690681,0.01,0
10,8,-109,5.86,53,3725,51,3,1,0,5,3664,3668.2,24,6283,light,0A0008009317357A331305500E18008B1809,0.4866,1
16,1,-84,15.0,0,4048,92,2,1,0,0,823,838.3,23,6108,light,10000100AC3C009A5C120037031700DC17A6,0.9,1
3,16,-128,-11.17,73,3750,61,1,1,0,7,3985,3990.9,23,4012,dense,0300100080D3497D3D1107910F1700AC0FC1,0.01,0
16,3,-99,15.0,33,3648,28,1,1,0,2,3618,3632.4,18,6840,light,100003009D3C21721C1102220E1200B81A35,0.7104,0
3,6,-113,3.11,53,3763,65,3,0,0,1,865,874.8,26,5795,medium,030006008F0C357E41030161031A00A316D9,0.5598,0
8,1,-59,15.0,0,3632,35,2,1,0,2,99,98.3,30,6134,light,08000100C53C007123120263001E00F617E1,0.8392,1
8,10,-107,10.68,41,3982,88,1,0,0,7,1351,1054.6,24,1293,medium,08000A00952B2994580107470518000D05F2,0.5607,0
2,11,-121,-3.9,63,3773,71,3,0,0,9,5087,2476.8,299,562,medium,02000B0087F03F7F470309DF132B013202CC,0.3786,0
15,11,-115,0.07,63,3786,70,2,1,0,5,751,770.6,6,344,medium,0F000B008D003F80461205EF020600580113,0.4698,0
12,14,-90,15.0,37,3849,82,2,0,0,21,3203,2054.2,29,4391,light,0C000E00A63C2586520215830C1D00271194,0.3357,1
14,5,-102,15.0,45,3573,13,2,1,0,5,199,206.2,28,4194,medium,0E0005009A3C2D6B0D1205C7001C0062108A,0.5515,1
15,13,-80,15.0,12,3648,28,2,1,0,11,642,636.7,28,940,light,0F000D00B03C0C721C120B82021C00AC03B8,0.5683,1
16,5,-128,-12.47,66,4175,99,1,0,0,1,2299,3630.7,28,3186,medium,1000050080CE42A7630101FB081C00720C04,0.01,0
1,9,-109,7.81,50,3632,22,2,0,0,9,388,498.7,8,3492,medium,01000900931F327116020984010800A40D49,0.4598,0
1,3,-108,9.61,39,4176,98,5,1,0,5,379,375.8,28,1790,medium,01000300942627A76215057B011C00FE06A7,0.4823,0
10,15,-128,-10.77,76,3737,56,2,1,0,5,2184,2211.5,135,1712,dense,0A000F0080D54C7B38120588088700B006B7,0.01,0
12,16,-128,-8.95,78,3618,26,4,1,0,11,3912,3913.5,30,1507,dense,0C00100080DC4E6F1A140B480F1E00E30539,0.01,0
12,6,-68,15.0,6,4036,90,2,1,0,7,106,86.6,6,4614,medium,0C000600BC3C06995A12076A000600061255,0.6791,0
9,3,-86,15.0,22,3867,83,1,1,0,5,500,506.1,7,7160,light,09000300AA3C1688531105F4010700F81B79,0.6922,1
14,16,-114,5.91,100,3768,66,3,1,0,40,909,927.4,20,1328,medium,0E0010008E18647E4213288D031400300559,0.0838,0
8,1,-128,-9.21,80,3100,3,2,1,0,2,3363,3361.7,7,1351,dense,0800010080DB503C031202230D0700470532,0.01,0
12,7,-96,15.0,34,3742,62,1,1,0,1,254,246.7,70,577,medium,0C000700A03C227C3E1101FE0046004102CE,0.7302,0
8,15,-128,-9.62,72,4200,99,1,1,0,0,1970,1977.8,19,2964,dense,08000F0080DA48AA631100B2071300940B80,0.01,0
10,1,-128,-8.72,100,3785,70,1,1,0,48,2988,3004.3,15,1500,medium,0A00010080DD6480461130AC0B0F00DC05D9,0.01,0
12,7,-128,-10.15,84,3764,65,1,1,0,10,1836,1831.2,27,7144,dense,0C00070080D7547E41110A2C071B00E81BB6,0.01,0
16,11,-67,15.0,0,3745,60,2,1,0,9,155,164.6,1,3719,light,10000B00BD3C007C3C12099B000100870E72,0.6568,1
3,6,-128,-6.87,79,3898,85,2,0,0,3,511,637.4,7,4729,dense,0300060080E54F8B550203FF010700791202,0.01,0
15,7,-120,-0.87,63,3767,63,3,1,0,4,3072,3061.8,5,1690,medium,0F00070088FD3F7E3F1304000C05009A0665,0.4593,0
7,4,-88,15.0,16,3599,18,2,0,0,6,896,822.9,1466,1451,light,07000400A83C106D1202068003BA05AB051F,0.6595,0
2,3,-128,-10.56,84,4029,91,2,1,0,15,3207,3195.8,5,5442,medium,0200030080D654985B120F870C050042159D,0.01,0
16,12,-83,15.0,6,3797,73,1,1,0,0,649,674.9,21,5249,light,10000C00AD3C0681491100890215008114B7,0.9158,1
15,12,-102,14.86,34,3772,65,1,1,0,6,347,352.1,5,5813,medium,0F000C009A3B227F4111065B010500B51614,0.613,0
13,7,-109,10.84,59,3713,51,3,1,0,20,704,698.1,13,4550,medium,0D000700932B3B79331314C0020D00C61113,0.2727,1
4,10,-123,-7.65,73,3770,68,1,0,0,9,687,1587.8,11,3172,medium,04000A0085E1497F440109AF020B00640CBE,0.1788,0
9,11,-128,-9.34,81,4103,95,3,1,0,5,2052,2052.8,30,146,dense,09000B0080DB51A05F130504081E00920098,0.01,0
11,3,-85,15.0,9,3664,41,1,1,0,2,1138,1135.2,26,1215,light,0B000300AB3C097429110272041A00BF0487,0.8379,1
6,1,-82,15.0,6,3598,18,4,1,0,1,695,703.4,18,4199,light,06000100AE3C066D121401B7021200671019,0.7447,1
8,9,-60,15.0,0,3759,65,2,1,0,6,71,87.3,17,4079,light,08000900C43C007D41120647001100EF0F57,0.7295,0
12,4,-128,-9.48,76,4130,96,1,0,0,3,1189,1066.0,11,868,dense,0C00040080DA4CA3600103A5040B00640348,0.01,0
2,6,-73,15.0,11,3769,65,5,0,0,8,248,140.2,47,5332,medium,02000600B73C0B7E410508F8002F00D414D9,0.5294,0
10,13,-115,2.07,56,3734,57,3,1,0,3,631,640.0,16,5599,medium,0A000D008D08387B39130377021000DF15D8,0.5081,1
12,1,-87,15.0,14,3848,80,2,1,0,5,1173,1182.3,11,1962,light,0C000100A93C0E8650120595040B00AA0705,0.692,0
9,8,-77,15.0,0,3381,10,4,0,0,3,251,104.9,212,1947,medium,09000800B33C00580A0403FB00D4009B07B0,0.6637,0
6,9,-71,15.0,2,3719,57,4,1,0,9,104,121.6,8,3124,medium,06000900B93C027939140968000800340C18,0.5768,1
5,16,-84,15.0,18,3682,45,2,1,0,12,632,657.2,13,2514,light,05001000AC3C12762D120C78020D00D209ED,0.5275,1
14,7,-128,-11.17,74,3710,40,1,1,0,5,2206,2190.9,261,4715,dense,0E00070080D34A792811059E0805016B1288,0.01,0
10,4,-88,15.0,27,3605,20,5,1,0,3,1379,1382.9,5,1023,light,0A000400A83C1B6E14150363050500FF039C,0.5659,0
2,5,-125,-8.24,85,4151,98,4,0,0,17,2053,3026.5,3506,4931,medium,0200050083DF55A56204110508B20D4313C7,0.0415,0
13,9,-118,-0.96,63,3584,16,3,1,0,8,2740,2732.8,1104,3556,medium,0D0009008AFC3F6C101308B40A5004E40D8C,0.3993,0
7,4,-89,15.0,19,3605,23,1,0,0,1,2786,2248.7,9,4886,light,07000400A73C136E170101E20A09001613A1,0.8128,1
9,8,-93,15.0,16,3688,39,3,0,0,2,332,299.2,24,2759,medium,09000800A33C10762703024C011800C70AB0,0.7165,1
12,9,-109,9.21,38,3725,56,1,1,0,2,544,548.2,30,7067,medium,0C0009009325267A38110220021E009B1BBE,0.6838,0
16,4,-101,15.0,35,3775,70,1,0,0,1,547,363.4,3071,7136,medium,100004009B3C237F4601012302FF0BE01B69,0.7247,1
14,3,-77,15.0,2,3964,89,1,1,0,12,294,291.0,3,5179,light,0E000300B33C029259110C260103003B1473,0.6167,0
13,16,-71,15.0,0,3888,84,2,1,0,8,264,270.2,13,4032,light,0D001000B93C008A54120808010D00C00F31,0.6802,1
15,8,-128,-10.87,84,3575,14,1,1,0,6,1909,1900.8,8,2113,dense,0F00080080D5546B0E1106750708004108D1,0.01,0
3,11,-106,7.61,36,3760,56,1,0,1,0,208,91.8,3,6492,dense,03000B00961E247E382100D00003005C198B,0.7448,0
5,7,-111,8.59,71,3808,79,1,1,0,23,551,553.2,10,3970,medium,05000700912247824F111727020A00820F8B,0.2438,1
16,5,-128,-10.47,96,3736,54,2,0,0,33,4379,4163.9,16,911,dense,1000050080D6607B3602211B1110008F0309,0.01,0
10,14,-128,-11.01,100,4100,95,2,1,0,24,1447,1460.0,95,2532,dense,0A000E0080D464A05F1218A7055F00E4095C,0.01,0
12,1,-85,15.0,16,3746,63,1,1,0,7,523,538.9,294,6895,light,0C000100AB3C107C3F11070B022601EF1A25,0.6722,1
12,13,-89,15.0,20,3907,83,1,0,0,4,1533,1719.8,13,2142,light,0C000D00A73C148C530104FD050D005E0826,0.7268,1
11,10,-56,15.0,10,3600,17,1,1,0,11,96,90.7,78,4796,light,0B000A00C83C0A6E11110B60004E00BC12D3,0.6076,1
3,4,-124,-6.25,84,3810,78,1,0,0,8,397,228.5,1272,833,dense,0300040084E754834E01088D01F804410347,0.2629,0
11,13,-128,-9.7,75,3691,43,1,1,0,3,2064,2086.0,83,6722,medium,0B000D0080D94B772B110310085300421AC7,0.01,0
7,15,-94,15.0,20,3756,63,2,1,0,4,276,288.6,8,2263,medium,07000F00A23C147D3F120414010800D708CA,0.6885,1
12,15,-128,-9.61,63,4141,97,3,1,0,1,2584,2583.5,23,3026,dense,0C000F0080DA3FA4611301180A1700D20B58,0.01,0
12,13,-90,15.0,21,4163,98,3,0,0,10,172,235.6,255,3174,medium,0C000D00A63C15A662030AAC00FF00660CA8,0.5235,1
7,8,-71,15.0,0,3773,68,2,0,0,2,246,262.7,5,814,light,07000800B93C007F440202F60005002E033F,0.8392,1
11,2,-128,-9.05,67,3733,59,2,0,0,4,447,618.6,296,4246,dense,0B00020080DC437B3B0204BF0128019610ED,0.01,0
9,14,-128,-9.03,97,3995,89,1,0,0,17,738,1684.9,20,4851,dense,09000E0080DC6195590111E2021400F3122D,0.01,0
3,5,-94,15.0,29,4157,98,2,1,0,8,198,185.7,11,5585,medium,03000500A23C1DA5621208C6000B00D115A2,0.5618,0
3,8,-124,-6.06,86,3452,11,3,0,0,12,1008,2243.7,199,4514,medium,0300080084E8565F0B030CF003C700A21100,0.1963,0
12,3,-111,6.66,56,4047,91,1,0,0,4,829,899.1,3,6436,medium,0C000300911B389A5B01043D0303002419DC,0.5484,1
4,10,-78,15.0,8,3971,90,3,1,0,8,639,633.6,9,2629,light,04000A00B23C08935A13087F020900450A61,0.6116,1
13,15,-111,4.98,55,3949,86,1,1,0,0,746,746.9,133,1515,medium,0D000F0091143790561100EA028500EB056A,0.6365,1
13,10,-96,15.0,23,4035,91,2,1,0,5,388,387.6,2,2399,medium,0D000A00A03C17995B1205840102005F0955,0.6513,1
6,13,-91,15.0,25,3165,5,3,1,0,8,344,341.3,7,2425,medium,06000D00A53C194205130858010700790981,0.1092,0
2,6,-99,15.0,63,3761,63,4,1,0,25,437,440.9,25,1382,medium,020006009D3C3F7E3F1419B50119006605A5,0.2074,1
12,4,-105,12.32,43,3777,61,5,1,0,7,207,205.8,1791,4082,medium,0C00040097312B7F3D1507CF00FF06F20F72,0.4356,1
15,6,-76,15.0,2,3743,54,3,0,0,8,376,123.7,135,4598,medium,0F000600B43C027C36030878018700F611DD,0.6347,1
4,15,-128,-11.78,96,3657,39,1,1,0,34,475,471.9,2694,3519,dense,04000F0080D16073271122DB01860ABF0D94,0.01,0
7,9,-107,11.69,42,3724,56,3,1,0,0,404,403.7,24,4613,medium,07000900952F2A7A381300940118000512DD,0.6358,0
1,14,-128,-10.46,82,4055,93,1,1,0,11,805,810.6,6,368,dense,01000E0080D6529B5D110B250306007001C8,0.01,0
7,14,-69,15.0,0,3651,32,2,1,0,0,128,141.8,6,2163,light,07000E00BB3C0073201200800006007308F8,0.9,1
7,2,-98,15.0,28,3664,38,1,0,0,0,124,288.2,185,5265,medium,070002009E3C1C742601007C00B900911479,0.7904,1
11,13,-128,-10.48,76,4023,90,1,1,0,5,3191,3207.9,20,4546,medium,0B000D0080D64C985A1105770C1400C21113,0.01,0
9,10,-72,15.0,0,3688,42,1,1,1,2,150,137.7,26,2746,medium,09000A00B83C00762A310296001A00BA0A6A,0.8858,1
15,2,-128,-10.96,91,4048,90,1,1,0,8,4108,4136.2,519,3341,dense,0F00020080D45B9A5A11080C1007020D0DA8,0.01,0
5,6,-73,15.0,1,3733,56,1,1,0,4,298,285.9,4,437,light,05000600B73C017B3811042A010400B501CF,0.8209,1
4,1,-128,-8.68,74,4118,96,1,1,0,1,1063,1060.6,271,1286,dense,0400010080DD4AA160110127040F0106059F,0.01,0
10,2,-128,-16.28,74,3614,27,1,1,0,4,2300,2299.5,254,2342,dense,0A00020080BF4A6F1B1104FC08FE002609C9,0.01,0
13,12,-102,13.08,58,3621,28,5,1,0,12,123,101.7,16,4556,dense,0D000C009A343A701C150C7B001000CC1182,0.3213,1
2,6,-71,15.0,0,3615,28,1,1,0,1,189,161.1,3,2311,light,02000600B93C006F1C1101BD0003000709B6,0.9173,1
3,6,-73,15.0,30,3650,35,2,0,0,29,170,206.2,22,6770,light,03000600B73C1E7323021DAA001600721AD9,0.2675,0
7,10,-128,-15.41,74,3657,35,3,1,0,4,1922,1897.3,16,2440,dense,07000A0080C24A73231304820710008809AC,0.01,0
5,15,-109,9.66,49,4000,89,1,0,0,0,735,751.9,9,6742,medium,05000F0093273196590100DF020900561A29,0.6707,1
8,12,-128,-10.15,80,3953,86,1,1,0,6,208,204.8,16,742,dense,08000C0080D75091561106D0001000E602BA,0.01,0
13,4,-128,-11.76,84,3901,83,2,1,0,4,773,773.0,11,2301,dense,0D00040080D1548C53120405030B00FD08BC,0.01,0
13,7,-128,-10.46,72,3943,87,1,1,0,1,3617,3617.8,19,2476,dense,0D00070080D64890571101210E1300AC0921,0.01,0
14,12,-99,15.0,48,4074,94,1,1,0,11,209,193.3,4,138,medium,0E000C009D3C309D5E110BD10004008A002A,0.4603,0
11,10,-84,15.0,12,3746,59,2,1,0,6,441,438.0,25,2648,light,0B000A00AC3C0C7C3B1206B9011900580A02,0.677,1
8,9,-79,15.0,11,3951,88,1,1,0,8,696,682.5,9,4084,light,08000900B13C0B91581108B8020900F40F6B,0.6706,0
11,1,-115,0.71,98,3769,67,4,0,0,42,217,134.7,2,2448,dense,0B0001008D03627E43042AD90002009009C3,0.0813,0
2,12,-114,0.11,77,3741,52,5,1,0,21,970,968.8,30,6071,medium,02000C008E004D7C341515CA031E00B717A7,0.1934,0
9,2,-117,-1.93,73,3774,70,4,1,1,12,593,599.4,18,6289,medium,090002008BF8497F46340C510212009118D6,0.2948,1
2,12,-89,15.0,34,3637,25,1,1,0,11,154,164.6,4,583,medium,02000C00A73C227119110B9A000400470284,0.5146,1
10,15,-128,-8.58,75,3722,59,4,1,0,6,4118,4106.0,6,1926,medium,0A000F0080DE4B7A3B140616100600860743,0.01,0
12,4,-128,-11.27,76,3658,19,1,1,0,9,2826,2843.9,30,5446,dense,0C00040080D34C731311090A0B1E0046156E,0.01,0
3,13,-97,15.0,35,3665,44,1,0,0,2,3126,3129.9,134,1465,light,03000D009F3C23742C0102360C8600B905A2,0.6998,1
9,15,-128,-10.31,83,3580,15,1,1,0,11,469,460.7,11,2116,dense,09000F0080D7536C0F110BD5010B004408D1,0.01,0
7,8,-92,15.0,27,3578,22,1,1,0,5,1413,1418.3,156,2260,light,07000800A43C1B6B16110585059C00D40843,0.6683,1
4,10,-90,15.0,17,3804,72,2,1,0,5,1072,1055.8,24,6116,light,04000A00A63C118248120530041800E4170C,0.6784,0
13,2,-116,2.42,100,3975,89,2,1,0,36,157,164.6,136,4890,dense,0D0002008C0A64935912249D0088001A13FD,0.1021,0
9,12,-105,14.04,32,3798,66,1,0,0,1,703,497.3,7,4257,medium,09000C0097382081420101BF020700A110EB,0.7412,1
15,6,-55,15.0,0,3771,63,1,1,0,5,78,89.4,26,2131,light,0F000600C93C007F3F11054E001A00530831,0.7975,1
6,10,-128,-7.4,83,3811,78,2,1,0,6,3234,3205.6,20,1443,dense,06000A0080E253834E1206A20C1400A3057F,0.01,0
10,8,-87,15.0,4,3609,20,1,1,0,2,1542,1536.4,110,2331,light,0A000800A93C046E14110206066E001B0938,0.8645,1
11,14,-128,-8.6,87,3678,46,1,0,0,10,840,3955.6,30,1192,medium,0B000E0080DE57752E010A48031E00A80456,0.01,0
5,4,-102,13.76,45,3790,76,2,1,0,10,473,472.8,12,5875,medium,050004009A372D814C120AD9010C00F31672,0.463,0
7,12,-96,15.0,25,3789,73,3,1,0,9,339,343.3,20,5176,medium,07000C00A03C198049130953011400381479,0.5273,0
10,6,-125,-7.69,93,4087,95,2,1,0,37,1534,1527.9,93,2161,medium,0A00060083E15D9E5F1225FE055D00710861,0.0293,0
13,5,-124,-8.47,77,3619,21,2,1,0,4,1386,1415.0,25,6389,medium,0D00050084DE4D6F1512046A051900F5186A,0.0862,0
7,2,-128,-11.26,78,3684,42,1,1,0,2,246,244.6,17,6012,dense,0700020080D34E762A1102F60011007C173A,0.01,0
4,12,-128,-13.09,88,3656,30,4,0,0,8,1813,2270.8,20,5215,dense,04000C0080CC58731E0408150714005F149A,0.01,0
10,14,-128,-9.91,75,4119,96,4,1,0,11,4123,4135.9,11,6367,dense,0A000E0080D84BA160140B1B100B00DF18D3,0.01,0
2,13,-128,-13.23,89,3909,84,1,1,0,47,1074,1070.1,331,1799,dense,02000D0080CB598C54112F32044B01070784,0.01,0
4,14,-128,-8.55,75,3910,84,5,1,0,5,948,971.7,26,2167,dense,04000E0080DE4B8D541505B4031A007708BF,0.01,0
12,6,-104,15.0,52,3697,46,2,0,0,9,552,393.3,20,2580,medium,0C000600983C34772E020928021400140AFC,0.4519,1
6,11,-122,-5.17,65,3789,63,2,1,0,4,1770,1754.9,194,1119,medium,06000B0086EB41803F1204EA06C2005F0491,0.4431,1
10,13,-123,-6.66,73,3792,63,3,1,0,1,1683,1697.4,17,5345,medium,0A000D0085E549813F130193061100E11478,0.3302,0
8,9,-116,-3.48,62,3763,61,1,1,0,7,1230,1221.9,212,3912,medium,080009008CF23E7E3D1107CE04D400480F84,0.4614,1
12,11,-128,-8.8,73,3755,58,1,1,0,7,1886,1905.2,18,6694,medium,0C000B0080DD497D3A11075E071200261AD4,0.01,0
1,5,-83,15.0,53,3789,74,2,1,0,47,870,885.2,1667,2117,light,01000500AD3C35804A122F6603830645080F,0.1514,1
8,14,-96,15.0,27,3816,79,1,1,0,10,290,296.7,24,2238,medium,08000E00A03C1B834F110A22011800BE0817,0.561,1
8,16,-96,15.0,29,3846,80,3,1,0,8,1965,1962.4,27,712,light,08001000A03C1D86501308AD071B00C802AB,0.5306,1
15,5,-128,-10.04,93,3863,82,1,0,0,10,304,913.0,3004,5248,dense,0F00050080D85D8852010A3001BC0B801456,0.01,0
10,7,-113,3.1,60,3887,83,1,1,0,10,903,901.4,255,5962,medium,0A0007008F0C3C8A53110A8703FF004A1747,0.4284,1
3,2,-84,15.0,3,3911,84,1,1,0,1,435,456.5,14,6635,light,03000200AC3C038D541101B3010E00EB19FE,0.9008,1
5,16,-128,-9.23,82,3709,47,1,1,0,9,3138,3139.0,22,6081,dense,0500100080DB52782F1109420C1600C11728,0.01,0
13,7,-90,15.0,37,4083,94,1,0,0,18,3040,2403.2,23,234,light,0D000700A63C259E5E0112E00B1700EA00B3,0.3936,1
8,3,-104,12.99,41,3987,88,2,1,0,0,498,503.8,170,4634,medium,0800030098342994581200F201AA001A128C,0.6786,0
11,4,-76,15.0,0,3610,28,1,1,0,5,383,395.0,10,2139,light,0B000400B43C006F1C11057F010A005B085D,0.7975,0
4,3,-118,-1.73,67,3739,48,1,0,0,5,958,685.3,6,6964,medium,040003008AF9437B300105BE030600341B01,0.4761,0
14,13,-106,7.68,37,3601,16,4,1,0,4,520,529.6,292,3601,medium,0E000D00961F256E10140408022401110E8A,0.5411,0
7,16,-97,15.0,60,3891,81,1,1,0,30,430,438.0,3594,6347,medium,070010009F3C3C8B51111EAE010A0ECB180D,0.2128,0
7,1,-128,-13.98,92,3649,34,3,1,0,9,876,883.5,2,3939,medium,0700010080C85C722213096C030200630F65,0.01,0
10,12,-128,-12.46,100,3896,84,2,1,0,42,1553,1556.1,3,3352,medium,0A000C0080CE648B54122A11060300180D0C,0.01,0
2,10,-128,-11.44,73,3846,82,1,1,1,3,663,650.9,2,3765,dense,02000A0080D2498652310397020200B50EC4,0.01,0
9,5,-127,-6.99,74,3730,50,3,1,0,2,1688,1688.1,667,5693,medium,0900050081E44A7B32130298069B023D1623,0.0351,0
11,2,-101,12.34,47,3800,71,2,1,0,6,2136,2137.0,2921,585,light,0B0002009B312F824712065808690B490277,0.5238,1
10,14,-84,15.0,18,4074,93,1,1,0,8,126,125.8,21,6105,medium,0A000E00AC3C129D5D11087E001500D91730,0.6405,1
15,16,-62,15.0,3,3789,69,4,1,0,11,147,151.1,3,2358,light,0F001000C23C038045140B93000300360980,0.5346,1
2,13,-99,15.0,49,4073,93,4,1,0,9,3980,3977.2,20,3868,light,02000D009D3C319D5D14098C0F14001C0F6A,0.4122,1
1,14,-128,-14.76,78,3744,63,2,1,0,9,522,518.8,11,2847,dense,01000E0080C54E7C3F12090A020B001F0B3F,0.01,0
9,1,-105,11.81,87,3782,74,3,0,0,44,955,575.8,2498,857,medium,09000100972F57804A032CBB03C20959034D,0.1002,0
4,14,-128,-12.16,98,4078,93,3,0,0,38,1190,1932.1,18,1185,dense,04000E0080CF629D5D0326A6041200A10422,0.01,0
15,7,-128,-12.24,93,3791,66,3,1,0,9,437,442.5,1,4492,dense,0F00070080CF5D81421309B50101008C11BB,0.01,0
16,14,-120,-2.87,67,3764,60,1,0,0,11,1149,584.0,29,5510,medium,10000E0088F5437E3C010B7D041D0086151E,0.3842,0
6,9,-86,15.0,18,3743,57,3,1,0,8,766,769.7,22,29,light,06000900AA3C127C391308FE0216001D0096,0.573,0
13,9,-94,15.0,17,3871,82,3,1,0,2,354,351.4,148,2281,medium,0D000900A23C118952130262019400E90889,0.7117,1
11,4,-91,15.0,27,3803,73,3,1,0,4,203,210.6,163,2538,medium,0B000400A53C1B82491304CB00A300EA0980,0.6192,0
10,16,-128,-10.2,80,3521,13,2,0,0,12,178,476.5,27,516,dense,0A00100080D750660D020CB2001B000402B2,0.01,0
1,6,-128,-11.39,82,3611,22,1,0,0,6,6851,4010.9,22,5528,dense,0100060080D2526F160106C31A160098150D,0.01,0
11,7,-79,15.0,0,3659,38,2,1,0,0,525,526.5,17,1157,light,0B000700B13C00732612000D021100850495,0.9,0
16,6,-128,-12.63,97,3938,86,3,0,0,39,426,588.6,14,5078,dense,1000060080CD618F560327AA010E00D61320,0.01,0
14,1,-117,-2.18,59,3380,10,3,1,0,4,1569,1571.0,23,558,medium,0E0001008BF73B580A1304210617002E0282,0.4379,0
6,2,-93,15.0,46,4072,93,1,1,0,22,1834,1826.9,16,4143,light,06000200A33C2E9D5D11162A0710002F1073,0.3185,0
16,3,-128,-11.4,77,3795,66,2,1,0,4,1770,1757.7,8,4542,dense,1000030080D24D81421204EA060800BE1158,0.01,0
14,4,-128,-12.05,71,3713,49,1,0,0,3,512,543.7,29,3207,dense,0E00040080D0477931010300021D00870CA5,0.01,0
8,13,-104,13.5,42,3714,55,2,1,0,8,353,360.2,13,3515,medium,08000D0098362A7937120861010D00BB0DEC,0.5088,1
3,1,-117,0.16,52,3736,57,1,0,0,1,624,860.7,3,5708,medium,030001008B01347B390101700203004C167C,0.631,1
14,7,-125,-10.04,76,3072,3,1,0,0,5,1476,1842.3,268,1666,medium,0E00070083D84C39030105C4050C01820673,0.01,0
11,2,-128,-12.5,81,3933,87,3,0,0,8,1301,745.6,22,2690,dense,0B00020080CE518F57030815051600820A36,0.01,0
5,2,-128,-12.55,73,4012,90,1,1,0,0,3332,3351.9,13,1313,dense,0500020080CE49975A1100040D0D0021055F,0.01,0
15,10,-128,-10.29,81,3741,65,2,0,0,6,2549,2781.5,24,4511,medium,0F000A0080D7517C410206F50918009F11A3,0.01,0
5,1,-110,6.34,55,3739,54,2,1,0,6,120,139.7,1092,196,dense,050001009219377B36120678004404C4001E,0.4888,0
9,13,-77,15.0,12,4048,92,1,1,0,9,362,377.2,26,7105,light,09000D00B33C0C9A5C11096A011A00C11B79,0.6434,1
8,14,-70,15.0,3,3818,69,3,1,0,3,355,367.6,7,820,light,08000E00BA3C03834513036301070034033B,0.7515,1
8,2,-75,15.0,0,3807,77,4,1,0,6,132,131.2,23,1026,medium,08000200B53C00824D1406840017000204B9,0.6485,0
12,13,-73,15.0,6,3705,48,1,0,0,0,136,115.7,141,4161,medium,0C000D00B73C067830010088008D004110FB,0.9158,1
8,4,-111,5.84,95,3363,10,2,0,0,50,344,417.3,26,7037,medium,0800040091175F560A023258011A007D1B21,0.0854,0
5,10,-115,-0.37,95,3803,77,1,1,0,30,1417,1423.6,11,4447,medium,05000A008DFF5F824D111E89050B005F1136,0.1429,0
1,7,-127,-8.92,86,3818,76,4,1,0,8,2243,2256.8,14,2294,medium,0100070081DC56834C1408C3080E00F608CB,0.01,0
6,16,-67,15.0,0,3955,87,2,1,0,8,70,80.2,126,244,medium,06001000BD3C009157120846007E00F400C0,0.6802,1
16,15,-128,-9.77,72,4130,96,4,1,0,8,299,311.8,2,4435,dense,10000F0080D948A36014082B010200531106,0.01,0
7,15,-110,3.18,52,3741,59,3,1,0,12,582,581.2,3251,2242,medium,07000F00920D347C3B130C4602B30CC20835,0.3842,1
9,10,-128,-11.74,68,3792,69,1,1,0,3,1675,1676.2,6,2827,dense,09000A0080D144814511038B0606000B0B66,0.01,0
3,2,-126,-7.76,100,3859,81,1,1,0,33,2705,2702.5,14,2201,medium,0300020082E16487511121910A0E0099084B,0.0244,0
12,8,-101,15.0,37,3759,59,3,1,0,2,324,327.0,27,3093,medium,0C0008009B3C257D3B130244011B00150C50,0.6166,1
12,3,-104,11.68,42,4151,99,1,1,0,4,100,103.1,1,2362,dense,0C000300982F2AA5631104640001003A0978,0.6178,0
13,12,-115,-0.44,70,3778,69,2,0,0,8,1252,1272.2,14,5723,medium,0D000C008DFE467F450208E4040E005B167F,0.3944,0
16,4,-80,15.0,10,4151,98,2,1,0,7,514,524.0,14,2441,light,10000400B03C0AA562120702020E008909A2,0.6622,1
15,1,-119,-5.53,58,3516,13,2,0,0,3,536,808.9,179,6286,medium,0F00010089EA3A650D02031802B3008E1862,0.474,1
16,12,-128,-13.47,78,3764,59,5,1,0,11,1363,1372.3,105,6773,dense,10000C0080CA4E7E3B150B53056900751AE3,0.01,0
11,15,-84,15.0,20,3721,52,1,1,0,12,711,711.9,23,5637,light,0B000F00AC3C147A34110CC7021700051663,0.5493,1
2,7,-96,15.0,28,3741,58,2,1,0,8,3016,3043.1,235,383,light,02000700A03C1C7C3A1208C80BEB007F0116,0.5659,1
3,6,-128,-8.67,97,3771,66,2,1,0,47,609,603.0,5,6487,dense,0300060080DD617F42122F610205005719DD,0.01,0
7,14,-118,-3.58,63,3682,37,3,1,0,11,539,540.9,7,3664,medium,07000E008AF23F7625130B1B020700500ECB,0.355,0
13,11,-81,15.0,14,3803,76,1,1,0,5,583,574.4,10,5528,light,0D000B00AF3C0E824C110547020A00981537,0.7305,1
7,2,-117,-2.72,64,3715,56,1,1,0,6,1565,1540.1,4,2909,medium,070002008BF540793811061D0604005D0B93,0.4719,0
6,15,-70,15.0,0,3808,75,2,1,0,4,384,367.8,9,3393,light,06000F00BA3C00824B120480010900410D94,0.7824,1
7,3,-92,15.0,81,4171,98,1,1,0,47,230,217.5,204,4109,medium,07000300A43C51A762112FE600CC000D10F4,0.1204,0
10,3,-89,15.0,25,3951,85,2,1,0,8,743,758.0,15,5566,light,0A000300A73C1991551208E7020F00BE1593,0.5782,0
13,11,-80,15.0,9,3974,88,2,1,0,3,635,644.0,47,4051,light,0D000B00B03C09935812037B022F00D30F6D,0.7665,1
16,12,-126,-8.17,83,3762,63,1,1,0,11,2168,2173.0,8,112,medium,10000C0082DF537E3F110B78080800700055,0.0473,0
13,16,-87,15.0,22,3755,58,1,0,0,11,1008,1569.4,13,2347,light,0D001000A93C167D3A010BF0030D002B094E,0.5611,0
14,12,-128,-12.75,70,3743,61,2,1,0,0,3170,3134.2,226,7086,medium,0E000C0080CD467C3D1200620CE200AE1B69,0.01,0
1,14,-128,-9.0,94,3666,35,1,0,0,49,793,2206.1,24,1814,medium,01000E0080DC5E742301311903180016078F,0.01,0
4,6,-128,-6.34,98,3667,43,2,1,0,22,1410,1419.4,24,4981,dense,0400060080E762742B121682051800751311,0.01,0
10,15,-128,-7.7,82,3863,82,1,1,0,8,2159,2160.0,11,6899,medium,0A000F0080E152885211086F080B00F31AD6,0.01,0
5,1,-76,15.0,9,4017,90,2,1,0,0,379,359.2,1,4068,light,05000100B43C09975A12007B010100E40F90,0.8514,1
3,5,-118,-1.61,100,3687,37,3,1,0,49,2083,2059.5,1438,1220,medium,030005008AFA647625133123089E05C40420,0.0837,0
12,6,-120,-2.19,56,3792,62,5,1,0,0,1431,1427.4,24,2460,medium,0C00060088F738813E1500970518009C0994,0.4966,0
4,5,-101,15.0,24,3651,36,1,1,0,0,660,646.8,19,6638,medium,040005009B3C187324110094021300EE190E,0.8132,1
4,7,-128,-8.24,95,3626,23,1,1,0,25,2176,2187.5,19,1046,dense,0400070080DF5F70171119800813001604DF,0.01,0
6,13,-128,-11.62,85,3657,39,2,1,0,8,3251,3235.0,29,1533,dense,06000D0080D25573271208B30C1D00FD055C,0.01,0
6,3,-79,15.0,23,3856,82,1,1,1,20,153,157.7,28,757,medium,06000300B13C178752311499001C00F502AF,0.4067,0
10,12,-128,-10.87,73,3929,84,1,0,0,10,1971,1652.2,196,5076,dense,0A000C0080D5498E54010AB307C400D413BC,0.01,0
4,11,-128,-9.28,68,3824,79,1,1,0,0,3366,3374.8,20,6573,medium,04000B0080DB44844F1100260D1400AD19AA,0.01,0
14,12,-82,15.0,13,3743,59,4,1,0,4,608,594.9,298,3334,light,0E000C00AE3C0D7C3B140460022A01060D93,0.6412,1
5,12,-105,10.46,43,3758,63,1,0,0,6,511,928.2,5,3062,medium,05000C00972A2B7D3F0106FF010500F60B9E,0.5714,0
5,1,-87,15.0,10,3801,73,2,0,0,1,291,299.7,258,1171,medium,05000100A93C0A824902012301020193040D,0.8169,1
10,14,-78,15.0,36,3626,30,2,1,0,27,969,970.7,115,4783,light,0A000E00B23C24701E121BC9037300AF1276,0.2743,1
7,1,-128,-11.17,76,3826,76,2,1,0,1,3103,3102.0,30,1122,medium,0700010080D34C844C12011F0C1E00620459,0.01,0
12,5,-75,15.0,11,3770,59,3,1,0,8,310,299.2,11,3542,light,0C000500B53C0B7F3B130836010B00D60D5C,0.6,1
11,14,-123,-7.41,77,3721,55,1,1,0,10,1348,1339.7,18,537,medium,0B000E0085E24D7A37110A4405120019023E,0.189,0
2,7,-111,3.16,63,3807,75,1,1,0,9,1154,1171.1,13,2002,medium,02000700910D3F824B110982040D00D20720,0.4312,0
12,4,-108,6.24,47,3688,40,1,1,0,8,423,448.3,7,5839,medium,0C00040094192F76281108A7010700CF16B8,0.5155,0
2,10,-77,15.0,0,3795,73,1,1,0,3,410,426.2,205,3585,light,02000A00B33C00814911039A01CD00010EA4,0.8553,1
12,2,-96,15.0,28,3612,27,2,1,0,0,225,237.0,182,5481,medium,0C000200A03C1C6F1B1200E100B60069153C,0.7488,1
5,14,-128,-10.67,100,3650,31,4,1,0,48,2585,2574.4,81,4677,medium,05000E0080D564731F1430190A51004512C8,0.01,0
10,16,-87,15.0,19,3774,65,2,1,0,10,1218,1221.8,15,4917,light,0A001000A93C137F41120AC2040F003513E7,0.5619,1
8,1,-128,-13.0,87,3671,41,1,0,0,4,1941,2293.0,18,3562,medium,0800010080CC577529010495071200EA0D25,0.01,0
6,10,-96,15.0,27,4163,99,2,1,0,2,2137,2120.2,84,4133,light,06000A00A03C1BA663120259085400251054,0.7032,0
13,3,-61,15.0,1,3570,17,1,1,0,5,152,153.3,29,5575,light,0D000300C33C016B11110598001D00C71550,0.7927,1
7,4,-117,1.44,98,3253,7,3,0,0,38,165,137.3,25,2345,dense,070004008B06624B070326A50019002909FD,0.0676,0
13,12,-128,-9.82,82,3716,53,1,1,0,11,1632,1634.8,20,3892,dense,0D000C0080D9527935110B60061400340F08,0.01,0
4,12,-128,-13.85,92,4113,96,1,1,0,12,1344,1343.0,15,1746,dense,04000C0080C95CA160110C40050F00D20672,0.01,0
13,2,-86,15.0,7,4064,92,2,1,0,3,529,544.1,6,1269,light,0D000200AA3C079C5C120311020600F50451,0.7763,1
14,10,-128,-6.83,85,3612,30,1,1,0,7,2030,2009.2,10,571,medium,0E000A0080E5556F1E1107EE070A003B0276,0.01,0
8,7,-82,15.0,14,3371,9,2,0,0,6,330,394.6,2,2747,light,08000700AE3C0E570902064A010200BB0A97,0.6058,1
4,8,-128,-11.95,95,4136,96,2,0,0,10,1252,1553.3,2,2558,dense,0400080080D05FA360020AE4040200FE0977,0.01,0
16,7,-117,0.51,65,4053,93,4,0,0,12,426,699.8,7,2324,medium,100007008B02419B5D040CAA01070014096A,0.3206,0
13,3,-54,15.0,2,3878,83,1,1,0,6,107,119.7,11,4980,light,0D000300CA3C02895311066B000B007413DB,0.7608,0
2,16,-57,15.0,1,4014,89,4,1,0,6,116,111.1,608,3769,light,02001000C73C019759140674006002B90EFF,0.6446,1
16,11,-104,11.0,52,3744,62,1,0,0,11,302,389.3,131,4773,medium,10000B00982C347C3E010B2E018300A512CD,0.4447,0
11,13,-101,15.0,43,3741,54,2,0,0,11,375,279.0,80,5217,medium,0B000D009B3C2B7C36020B770150006114FC,0.4544,0
11,16,-118,-0.48,61,3408,10,1,1,0,0,1050,1063.7,1,954,medium,0B0010008AFE3D5A0A11001A040100BA037A,0.602,0
16,1,-128,-13.19,71,4039,92,1,1,0,1,533,539.8,7,3303,dense,1000010080CB47995C110115020700E70C82,0.01,0
12,7,-89,15.0,24,3177,5,4,1,0,9,618,617.9,12,5378,light,0C000700A73C18430514096A020C00021577,0.1,0
2,14,-115,-0.03,71,3756,58,1,1,0,10,915,904.7,26,2332,medium,02000E008D00477D3A110A93031A001C096A,0.3842,1
14,2,-128,-12.08,80,3750,55,3,1,0,8,261,276.2,1,2151,dense,0E00020080D0507D37130805010100670868,0.01,0
16,6,-128,-10.41,80,4088,93,1,1,0,3,713,714.4,3,6216,dense,1000060080D6509E5D1103C90203004818F6,0.01,0
8,6,-128,-11.24,84,3934,85,1,0,0,11,725,543.4,42,3590,dense,0800060080D3548F55010BD5022A00060E20,0.01,0
2,3,-122,-10.34,75,3609,20,1,1,0,10,1385,1386.2,17,5248,medium,0200030086D74B6E14110A6905110080145F,0.0155,0
7,1,-84,15.0,14,3806,73,3,1,0,6,604,619.6,3,1632,light,07000100AC3C0E824913065C02030060062D,0.6311,1
12,7,-71,15.0,0,3866,83,1,0,0,10,113,173.7,26,6898,light,0C000700B93C008853010A71001A00F21A35,0.6695,1
4,15,-112,3.71,58,3671,29,1,0,0,4,1265,794.9,8,6530,medium,04000F00900F3A751D0104F10408008219D7,0.5385,0
11,8,-88,15.0,12,3470,12,1,1,0,2,1587,1580.5,15,4192,light,0B000800A83C0C610C110233060F00601059,0.822,1
9,6,-128,-9.65,67,3720,46,3,1,0,0,1822,1798.8,21,6277,dense,0900060080D9437A2E13001E0715008518FA,0.01,0
2,10,-115,0.15,76,3676,41,1,1,0,12,842,835.9,12,5517,medium,02000A008D014C7529110C4A030C008D156E,0.3395,0
14,4,-85,15.0,10,3741,58,3,1,0,3,982,983.6,7,1872,light,0E000400AB3C0A7C3A1303D6030700500766,0.7194,1
14,9,-82,15.0,8,3823,79,1,1,0,3,1011,1010.0,7,1199,light,0E000900AE3C08844F1103F3030700AF043A,0.8143,1
1,6,-118,-3.12,61,4021,91,4,1,0,10,172,166.3,24,6667,dense,010006008AF43D985B140AAC0018000B1A88,0.3546,1
8,12,-104,11.68,40,3780,65,5,1,0,4,503,484.0,2056,3275,medium,08000C00982F2880411504F7010808CB0C16,0.4955,0
2,1,-93,15.0,18,3592,16,4,0,1,4,2335,1567.9,28,2803,light,02000100A33C126D1024041F091C00F30ACD,0.6204,1
6,7,-84,15.0,1,3708,45,1,1,0,2,530,535.8,2510,5155,light,06000700AC3C01782D11021202CE092314CF,0.8805,1
9,4,-108,10.75,56,3916,85,2,1,0,10,3763,3781.0,24,59,light,09000400942B388D55120AB30E18003B0096,0.4211,0
14,15,-99,15.0,34,3786,76,3,1,0,9,246,256.6,23,6252,medium,0E000F009D3C22804C1309F60017006C180B,0.4938,1
1,2,-107,7.95,42,3608,19,2,0,0,6,581,1253.9,180,4310,medium,0100020095202A6E1302064502B400D6106D,0.5457,0
10,12,-128,-8.31,71,3802,78,5,1,0,5,1891,1898.6,29,6477,dense,0A000C0080DF47824E150563071D004D1985,0.01,0
13,8,-93,15.0,35,4139,97,1,1,0,8,246,239.4,21,1079,medium,0D000800A33C23A3611108F600150037049F,0.5672,1
6,5,-97,15.0,34,3284,9,1,1,0,10,281,282.0,81,2844,medium,060005009F3C224E09110A190151001C0BD9,0.4135,0
13,14,-76,15.0,35,3809,79,1,1,0,35,131,140.0,3,4524,medium,0D000E00B43C23824F112383000300AC1159,0.2205,0
4,1,-78,15.0,0,3785,73,1,0,0,3,249,125.5,2,6177,medium,04000100B23C0080490103F90002002118C0,0.8553,1
16,9,-98,15.0,34,3656,35,1,1,0,3,340,337.2,1197,7094,medium,100009009E3C22732311035401AD04B61BC2,0.6808,1
6,5,-100,15.0,37,3766,67,2,0,0,4,175,171.7,23,548,medium,060005009C3C257E430204AF0017002402DF,0.6087,1
7,13,-123,-5.15,73,4002,90,4,1,0,9,1098,1081.4,17,231,medium,07000D0085EB49965A14094A041100E70036,0.3051,0
6,4,-101,13.53,48,3327,9,5,0,0,7,323,350.7,6,6196,medium,060004009B363052090507430106003418F4,0.3513,1
4,2,-89,15.0,15,3964,88,3,0,0,7,161,149.5,17,5491,medium,04000200A73C0F92580307A100110073151A,0.6054,1
15,14,-81,15.0,49,3883,82,1,1,0,40,775,760.4,268,6401,light,0F000E00AF3C318A52112807030C01011971,0.1654,0
3,11,-67,15.0,0,3979,89,4,0,0,0,261,205.6,14,1845,light,03000B00BD3C009359040005010E003507FB,0.8,1
15,5,-77,15.0,8,3725,57,4,1,0,12,648,643.9,179,2458,light,0F000500B33C087A39140C8802B3009A09EA,0.5004,1
9,16,-99,15.0,29,3810,76,1,0,0,3,722,630.3,14,2559,medium,090010009D3C1D834C0103D2020E00FF0983,0.7065,0
7,14,-71,15.0,3,3616,21,3,0,0,11,196,205.5,135,3242,light,07000E00B93C036F15030BC4008700AA0CDE,0.568,0
4,11,-102,14.98,91,4163,98,3,1,0,48,417,403.9,26,4769,medium,04000B009A3C5BA6621330A1011A00A11223,0.0952,0
3,7,-111,5.09,61,4117,96,2,1,0,12,649,640.6,14,2570,medium,0300070091143DA160120C89020E000A0A57,0.3749,0
15,1,-73,15.0,3,4157,99,1,0,0,2,121,123.2,3,1263,medium,0F000100B73C03A563010279000300EF04D1,0.8698,1
14,13,-111,5.81,50,3730,54,1,1,0,5,726,724.6,2933,3450,medium,0E000D009117327B361105D602750B7A0D59,0.5582,1
7,9,-118,-0.37,66,3046,2,4,0,0,5,1361,2071.5,217,2899,medium,070009008AFF42360204055105D900530B75,0.0811,0
5,7,-128,-8.6,92,3620,25,1,0,0,19,1780,3240.6,23,5065,medium,0500070080DE5C70190113F4061700C91378,0.01,0
16,14,-104,9.35,45,4011,91,4,1,0,1,3769,3770.0,19,3522,light,10000E0098252D975B1401B90E1300C20DAF,0.5639,0
15,9,-106,10.98,39,3824,80,2,0,0,6,210,276.3,29,405,medium,0F000900962C2784500206D2001D00950125,0.5588,1
16,12,-128,-11.78,74,3746,57,2,1,0,8,3125,3114.4,19,3643,dense,10000C0080D14A7C391208350C13003B0EE7,0.01,0
14,16,-128,-12.94,100,3772,64,1,1,0,44,417,419.6,142,4152,dense,0E00100080CC647F40112CA1018E00381097,0.01,0
14,3,-109,7.06,69,3763,67,1,1,0,24,4051,4049.7,220,5753,light,0E000300931C457E431118D30FDC00791603,0.2403,1
5,8,-86,15.0,12,3614,22,5,1,0,3,471,452.3,83,6715,light,05000800AA3C0C6F161503D70153003B1AAC,0.6266,1
5,13,-101,14.36,53,3653,36,1,1,0,22,237,236.5,23,2992,medium,05000D009B393573241116ED001700B00B7D,0.3,1
12,16,-86,15.0,8,3718,51,2,0,0,8,194,182.3,17,5081,medium,0C001000AA3C0879330208C2001100D9135C,0.6476,1
16,9,-77,15.0,13,3994,90,1,1,0,8,343,345.8,21,5735,light,10000900B33C0D955A11085701150067164A,0.662,1
3,14,-128,-11.12,93,3603,16,1,0,0,12,3177,2717.6,23,1579,medium,03000E0080D45D6E10010C690C17002B0648,0.01,0
7,8,-128,-12.48,69,3739,56,3,1,0,4,2878,2883.1,4,5657,medium,0700080080CE457B3813043E0B04001916D5,0.01,0
15,9,-108,9.5,72,3749,64,1,0,0,32,1514,1256.0,11,2314,medium,0F0009009426487C400120EA050B000A092E,0.1761,0
8,9,-75,15.0,0,4075,93,2,1,0,3,415,413.3,9,3906,light,08000900B53C009D5D12039F010900420F52,0.8103,1
6,8,-125,-11.06,82,3428,12,2,1,0,9,1588,1575.2,29,6366,medium,0600080083D4525C0C120934061D00DE18DD,0.01,0
12,4,-126,-10.12,82,3446,11,4,1,0,9,1982,1997.5,391,5440,medium,0C00040082D8525E0B1409BE07870140152D,0.01,0
16,5,-90,15.0,23,4044,91,1,1,0,7,210,214.8,5,2715,medium,10000500A63C179A5B1107D20005009B0AA9,0.641,1
8,2,-76,15.0,0,4009,89,2,1,0,5,504,508.3,24,4800,light,08000200B43C0096591205F8011800C0125F,0.7555,1
2,5,-120,-1.51,61,3751,62,5,1,0,1,2380,2379.2,539,4913,medium,0200050088FA3D7D3E15014C091B02311304,0.4585,0
12,4,-123,-8.49,97,3363,9,2,1,0,50,1357,1360.1,16,618,medium,0C00040085DE61560912324D0510006A0287,0.0209,0
12,13,-119,-2.67,70,3739,57,1,1,0,11,1339,1334.9,17,3165,medium,0C000D0089F5467B39110B3B0511005D0C93,0.3731,0
1,2,-122,-5.35,67,3723,48,2,0,0,2,3398,1627.8,22,791,medium,0100020086EB437A300202460D16001703C3,0.4587,0
15,14,-128,-11.17,75,3680,43,1,0,0,7,321,312.2,14,4545,dense,0F000E0080D34B762B010741010E00C11151,0.01,0
7,15,-96,15.0,29,4137,96,1,1,0,6,305,305.7,14,4111,medium,07000F00A03C1DA360110631010E000F1046,0.6361,0
10,13,-128,-8.24,82,3686,36,2,1,0,9,250,253.1,24,3573,dense,0A000D0080DF5276241209FA001800F50D42,0.01,0
5,15,-128,-11.54,86,3647,30,2,1,0,11,4066,4058.3,300,3623,medium,05000F0080D256721E120BE20F2C01270E86,0.01,0
6,7,-86,15.0,6,3648,33,1,1,0,5,1912,1923.4,5,338,light,06000700AA3C067221110578070500520130,0.7688,1
4,16,-128,-9.36,81,3825,76,2,1,0,8,228,235.2,30,720,dense,0400100080DB51844C1208E4001E00D002CA,0.01,0
14,6,-128,-13.97,77,3077,3,1,1,0,5,1537,1543.7,28,424,dense,0E00060080C84D3903110501061C00A8011A,0.01,0
3,2,-123,-7.49,60,3641,36,2,1,0,1,1044,1040.3,23,5740,medium,0300020085E23C72241201140417006C1646,0.2796,1
6,13,-109,6.98,60,3608,17,4,0,0,12,4205,3638.7,2,6575,light,06000D00931C3C6E11040C6D100200AF1978,0.3364,0
16,4,-122,-6.68,65,3790,67,4,1,0,1,1645,1644.1,2,1006,medium,1000040086E541814314016D060200EE0305,0.3352,0
4,14,-128,-9.18,74,3408,11,2,1,0,4,1314,1304.4,8,1309,dense,04000E0080DB4A5A0B1204220508001D0589,0.01,0
14,12,-128,-10.5,84,4177,99,2,1,0,12,427,417.7,7,6600,dense,0E000C0080D654A763120CAB010700C819B4,0.01,0
3,16,-74,15.0,2,3749,63,2,0,0,4,898,632.7,2461,4150,light,03001000B63C027C3F020482039D09361095,0.773,1
12,6,-92,15.0,28,3822,74,2,0,0,6,1497,1402.4,30,6654,light,0C000600A43C1C844A0206D9051E00FE195B,0.607,1
2,6,-128,-11.64,74,3654,35,4,1,0,3,294,287.4,17,5105,dense,0200060080D14A7323140326011100F113C2,0.01,0
1,2,-128,-11.53,75,3823,80,3,1,0,6,199,186.8,2,5855,dense,0100020080D24B84501306C7000200DF1688,0.01,0
15,5,-93,15.0,31,3641,29,3,1,0,6,3026,3027.6,6,6324,light,0F000500A33C1F721D1306D20B0600B418E5,0.5608,0
4,11,-118,1.29,60,3798,65,3,0,0,4,1045,1615.3,28,2767,medium,04000B008A053C8141030415041C00CF0A49,0.4729,0
6,9,-128,-12.96,80,3750,63,2,1,0,10,337,353.9,30,1684,dense,0600090080CC507D3F120A51011E009406BE,0.01,0
16,9,-120,-2.36,73,3902,84,3,1,0,8,133,152.7,115,483,dense,1000090088F7498C54130885007300E301DC,0.3598,0
15,8,-102,13.7,44,3720,48,1,0,0,6,372,461.0,21,6316,medium,0F0008009A372C7A30010674011500AC18FE,0.5668,0
13,1,-128,-8.93,72,3372,10,1,0,0,2,511,521.2,24,4146,dense,0D00010080DC48570A0102FF0118003210F5,0.01,0
15,4,-111,9.45,64,3482,12,1,1,0,16,1194,1189.6,1981,6366,medium,0F000400912640620C1110AA04BD07DE1866,0.3343,0
5,4,-120,-1.22,89,3784,65,2,0,0,29,2512,1860.9,7,1317,medium,0500040088FB598041021DD00907002505E3,0.1518,0
14,5,-118,-0.42,61,3980,89,1,0,0,3,888,1132.3,30,4006,medium,0E0005008AFE3D9459010378031E00A60FFF,0.542,1
13,6,-119,-2.46,100,3590,17,2,1,0,45,275,273.1,17,4411,dense,0D00060089F6646D11122D130111003B1194,0.0884,1
5,1,-95,15.0,23,4117,95,3,1,0,2,74,84.6,22,2994,dense,05000100A13C17A15F13024A001600B20B1B,0.6832,1
15,2,-97,15.0,36,3990,90,1,1,0,12,366,372.5,28,6463,medium,0F0002009F3C24955A110C6E011C003F1910,0.4894,0
9,11,-128,-8.03,100,3747,60,1,1,0,50,879,881.3,16,1873,dense,09000B0080E0647C3C11326F031000510716,0.01,0
2,11,-113,5.16,53,3954,87,2,0,0,8,1965,611.8,3,6535,medium,02000B008F153591570208AD07030087199E,0.4639,0
13,1,-117,2.02,67,3781,60,1,1,0,7,848,835.7,9,5494,medium,0D0001008B0843803C110750030900761559,0.4446,0
14,5,-128,-10.3,71,3785,67,2,1,0,4,2644,2645.5,29,6975,dense,0E00050080D74780431204540A1D003F1B78,0.01,0
3,1,-119,-3.73,64,4041,92,1,1,0,5,1034,1020.3,1,4420,medium,0300010089F1409A5C11050A04010044118B,0.4836,0
6,1,-128,-9.36,79,3659,45,1,1,0,3,1389,1394.0,842,6660,dense,0600010080DB4F732D11036D054A03041A24,0.01,0
15,11,-81,15.0,8,3818,73,4,1,0,3,162,168.5,18,3130,medium,0F000B00AF3C0883491403A20012003A0C4A,0.6857,1
1,13,-128,-11.23,100,3649,31,1,0,0,35,356,232.6,4,1106,dense,01000D0080D364721F012364010400520416,0.01,0
1,8,-120,-5.64,73,4111,94,1,1,0,8,1238,1236.4,125,4750,medium,0100080088E949A15E1108D6047D008E126E,0.3573,1
15,5,-116,3.6,81,3798,71,2,1,0,20,1815,1807.3,10,2469,medium,0F0005008C0E518147121417070A00A50987,0.2297,0
5,2,-128,-11.96,82,3924,86,2,1,0,6,1872,1861.3,55,4114,dense,0500020080D0528E561206500737001210F4,0.01,0
16,12,-128,-13.09,77,4140,97,3,0,0,3,1868,1499.7,1,4259,dense,10000C0080CC4DA46103034C070100A3100C,0.01,0
10,11,-115,1.21,59,3810,76,1,1,0,4,1108,1111.9,4,6233,medium,0A000B008D053B834C110454040400591856,0.5335,0
16,3,-125,-10.24,62,3061,3,2,1,0,1,1781,1794.7,4,4804,medium,1000030083D73E38031201F5060400C4123D,0.01,0
10,5,-128,-14.06,77,3833,81,1,1,0,4,4432,4441.0,29,5588,medium,0A00050080C84D8551110450111D00D41565,0.01,0
11,13,-128,-10.92,74,3741,60,1,1,0,1,735,747.2,53,1489,dense,0B000D0080D44A7C3C1101DF023500D105C0,0.01,0
16,11,-108,8.51,45,3743,63,4,1,0,8,559,556.5,3173,4979,medium,10000B0094222D7C3F14082F02650C7313C1,0.4414,1
10,2,-91,15.0,32,3841,78,1,0,1,10,166,185.1,90,4280,medium,0A000200A53C20864E210AA6005A00B8102B,0.5409,1
9,7,-112,3.43,49,3968,88,2,1,0,4,1702,1707.0,68,3251,medium,09000700900E3192581204A6064400B30CD5,0.5524,0
15,3,-106,8.82,43,3734,61,1,1,0,0,495,496.6,13,2681,medium,0F00030096232B7B3D1100EF010D00790A4E,0.7049,1
4,9,-86,15.0,17,3710,43,1,1,0,5,606,614.3,19,948,light,04000900AA3C11792B11055E021300B40340,0.7161,1
16,8,-128,-13.2,78,3793,65,4,0,0,9,180,457.0,22,1023,dense,1000080080CB4E81410409B4001600FF037D,0.01,0
4,13,-123,-7.66,98,3761,67,2,1,0,46,2193,2199.1,25,5960,medium,04000D0085E1627E43122E910819004817A5,0.0417,0
8,12,-87,15.0,11,4039,93,1,1,0,2,716,716.1,105,1415,light,08000C00A93C0B995D1102CC0269008705CE,0.8273,1
14,5,-99,15.0,31,3881,83,1,1,0,2,2231,2241.0,2,5399,light,0E0005009D3C1F8A531102B7080200171536,0.721,1
16,11,-128,-8.55,67,3763,64,2,0,0,1,6247,3320.8,43,4160,dense,10000B0080DE437E40020167182B004010F9,0.01,0
3,13,-95,15.0,28,3754,68,4,1,0,4,178,199.4,28,1859,medium,03000D00A13C1C7D441404B2001C0043078A,0.5786,0
12,3,-122,-7.27,80,3632,19,2,1,0,12,2230,2219.1,49,4970,medium,0C00030086E3507113120CB60831006A1323,0.1731,0
15,8,-128,-10.63,77,3636,30,1,1,0,4,388,388.9,187,4923,dense,0F00080080D54D711E11048401BB003B1368,0.01,0
8,9,-108,9.68,48,3654,26,5,1,0,3,563,584.2,1824,3670,medium,08000900942730731A150333022007560ED0,0.4808,0
8,9,-70,15.0,29,3737,63,4,1,0,39,129,151.1,4,3128,light,08000900BA3C1D7B3F142781000400380C30,0.1688,0
15,16,-124,-8.96,94,3749,59,3,1,0,20,2199,2188.0,148,1908,medium,0F00100084DC5E7C3B13149708940074071B,0.0277,0
12,6,-67,15.0,20,3795,68,3,1,0,30,129,119.5,3,6737,light,0C000600BD3C148144131E81000300511AF7,0.2618,1
5,3,-128,-12.86,77,4177,98,2,1,0,2,419,425.4,25,3231,dense,0500030080CD4DA7621202A30119009F0C02,0.01,0
14,7,-128,-9.97,81,3459,11,1,1,0,8,269,253.0,8,3521,dense,0E00070080D8515F0B11080D010800C10D15,0.01,0
6,11,-114,2.18,96,3736,58,5,1,1,48,638,645.2,137,2625,medium,06000B008E09607B3A35307E028900410A7C,0.0784,0
5,16,-86,15.0,11,3791,72,1,1,0,6,736,738.5,22,674,light,05001000AA3C0B81481106E0021600A20240,0.7192,0
1,15,-118,-3.89,76,3606,24,2,1,0,9,1655,1650.8,4,5596,medium,01000F008AF04C6E18120977060400DC15B0,0.3507,0
11,2,-122,-5.44,85,3980,89,3,1,0,12,1690,1653.9,28,6370,medium,0B00020086EA559459130C9A061C00E218E5,0.2479,0
16,9,-108,5.22,71,3038,2,1,1,0,26,671,682.0,2,7055,medium,100009009415473502111A9F0202008F1B4D,0.0439,0
7,16,-87,15.0,10,3878,82,1,0,0,0,575,713.5,7,4923,light,07001000A93C0A895201003F0207003B1332,0.893,1
1,6,-128,-9.77,75,3739,50,3,1,0,6,4149,4159.8,2,5096,medium,0100060080D94B7B32130635100200E8134D,0.01,0
7,13,-63,15.0,12,4032,91,1,0,0,38,91,130.4,243,4916,light,07000D00C13C0C995B01265B00F300341386,0.2332,0
16,11,-126,-10.18,72,3932,86,2,0,0,7,409,326.7,249,845,dense,10000B0082D7488F5602079901F9004D0341,0.01,0
10,6,-121,-4.17,91,4120,95,2,1,0,28,1652,1662.0,24,2122,medium,0A00060087EF5BA25F121C740618004A08A6,0.1495,0
6,12,-75,15.0,4,4022,91,1,1,0,12,323,322.0,12,2533,light,06000C00B53C04985B110C43010C00E509C7,0.6092,0
8,2,-128,-9.07,75,3911,84,1,0,0,3,698,553.9,1,5860,dense,0800020080DC4B8D540103BA020100E41621,0.01,0
13,4,-128,-9.03,78,3607,24,3,1,0,7,344,324.7,9,979,dense,0D00040080DC4E6E18130758010900D303D2,0.01,0
7,14,-99,15.0,35,3619,23,1,1,0,8,294,287.2,22,7003,medium,07000E009D3C236F171108260116005B1BA7,0.5672,0
11,9,-106,10.13,53,3782,61,1,1,0,12,2552,2550.9,14,2122,light,0B000900962935803D110CF8090E004A0806,0.4257,0
5,4,-128,-11.27,68,3998,90,3,1,0,0,1798,1815.9,13,2930,medium,0500040080D344955A130006070D00720B10,0.01,0
8,5,-101,15.0,36,3736,54,2,0,0,9,2701,2037.3,44,3570,light,080005009B3C247B3602098D0A2C00F20D88,0.5149,1
14,9,-127,-10.49,75,3803,72,3,1,0,4,257,262.3,12,3653,dense,0E00090081D64B8248130401010C00450E35,0.01,0
14,2,-94,15.0,27,3929,85,4,0,0,5,426,245.2,19,6434,medium,0E000200A23C1B8E550405AA011300221997,0.5628,1
14,6,-128,-8.3,83,3774,63,4,1,0,7,312,318.7,14,2725,dense,0E00060080DF537F3F140738010E00A50A0C,0.01,0
15,7,-100,15.0,52,3833,80,1,1,0,27,564,561.0,13,7078,medium,0F0007009C3C348550111B34020D00A61B22,0.254,0
3,5,-118,-1.21,56,3740,45,4,1,0,5,1661,1668.6,29,4039,medium,030005008AFB387C2D14057D061D00C70F3B,0.4455,0
16,3,-96,15.0,34,3743,63,1,1,0,2,241,246.8,2,1649,medium,10000300A03C227C3F1102F1000200710615,0.7051,0
15,10,-128,-9.65,73,3722,60,1,1,0,3,2835,2827.8,189,5017,medium,0F000A0080D9497A3C1103130BBD009913C7,0.01,0
14,15,-72,15.0,0,3638,32,1,1,0,4,201,209.3,18,5988,light,0E000F00B83C0071201104C9001200641756,0.8259,1
14,3,-128,-10.49,80,3902,84,5,1,0,5,2671,2677.1,843,2620,dense,0E00030080D6508C5415056F0A4B033C0A71,0.01,0
16,14,-79,15.0,36,3687,42,3,1,0,24,543,533.2,255,4041,light,10000E00B13C24762A13181F02FF00C90FB9,0.2877,0
1,11,-74,15.0,3,3666,33,2,1,0,10,103,97.5,136,964,medium,01000B00B63C037421120A67008800C4034F,0.6228,0
10,12,-128,-11.87,71,3824,74,4,1,0,3,3097,3086.6,14,324,dense,0A000C0080D147844A1403190C0E00440138,0.01,0
8,9,-100,15.0,44,3755,56,1,1,0,10,235,247.7,1,2205,medium,080009009C3C2C7D38110AEB0001009D0844,0.4927,0
1,2,-102,14.95,39,3583,20,2,0,0,3,688,520.9,9,704,medium,010002009A3C276C140203B0020900C00260,0.6207,1
15,10,-128,-12.67,79,3760,62,4,1,0,5,773,769.6,85,5895,dense,0F000A0080CD4F7E3E140505035500071775,0.01,0
2,10,-95,15.0,31,3758,56,1,1,0,9,292,285.9,225,4639,medium,02000A00A13C1F7D3811092401E1001F1288,0.5643,1
7,4,-83,15.0,8,3734,62,1,1,0,3,179,161.0,25,6677,medium,07000400AD3C087B3E1103B3001900151A01,0.8143,1
13,5,-100,15.0,39,4019,90,3,1,0,6,570,562.4,11,2476,medium,0D0005009C3C27975A13063A020B00AC0970,0.5278,1
16,12,-121,-4.07,53,3459,12,3,1,0,0,2159,2148.6,22,7015,medium,10000C0087F0355F0C13006F081600671B7F,0.5667,1
6,3,-121,-4.63,91,3810,74,1,1,0,41,817,813.2,20,6414,medium,0600030087ED5B834A1129310314000E1904,0.102,0
1,4,-128,-10.99,69,3870,82,4,1,0,6,3505,3499.2,21,5654,medium,0100040080D44589521406B10D15001616C5,0.01,0
3,8,-65,15.0,5,3669,33,1,1,0,5,164,145.2,28,6569,light,03000800BF3C0574211105A4001C00A91998,0.7736,1
1,4,-85,15.0,21,4055,93,1,0,0,8,1195,1013.4,22,4805,light,01000400AB3C159B5D0108AB041600C512F8,0.6275,1
4,5,-118,-3.99,53,4104,95,2,1,0,4,1089,1097.6,8,324,medium,040005008AF035A05F1204410408004401E8,0.5226,0
5,16,-128,-9.34,100,3619,21,1,1,0,23,3397,3390.8,6,5979,dense,0500100080DB646F151117450D06005B170E,0.01,0
7,8,-107,12.64,50,3683,41,3,1,0,12,601,601.3,23,230,medium,070008009533327629130C59021700E6009A,0.3909,1
6,11,-128,-11.27,81,3725,53,2,1,0,5,900,886.2,799,2553,dense,06000B0080D3517A35120584031F03F90977,0.01,0
3,2,-128,-10.08,78,4121,95,2,1,0,0,4046,4040.9,2992,645,dense,0300020080D84EA25F1200CE0FB00B850265,0.01,0
6,1,-58,15.0,0,3842,81,3,1,0,12,90,101.3,29,5283,light,06000100C63C008651130C5A001D00A31482,0.5585,1
7,10,-111,4.72,51,3777,64,1,1,0,1,1194,1195.8,261,1468,medium,07000A009113337F401101AA040501BC0575,0.6366,1
1,11,-91,15.0,15,3673,38,2,1,0,6,140,134.1,131,1215,dense,01000B00A53C0F752612068C008300BF04AF,0.6639,1
4,8,-103,11.18,93,3545,14,2,1,0,44,513,512.3,296,3803,medium,04000800992D5D680E122C01022801DB0EE1,0.0981,0
2,9,-84,15.0,13,3823,80,5,1,0,5,872,872.3,22,3039,light,02000900AC3C0D8450150568031600DF0B2A,0.5805,0
1,2,-122,-6.72,96,3730,58,1,1,0,44,1894,1898.9,200,5568,medium,0100020086E5607B3A112C6607C800C015A6,0.0698,0
14,2,-128,-12.64,80,3724,59,1,1,0,2,1647,1655.0,4,4646,medium,0E00020080CD507A3B11026F06040026121C,0.01,0
1,16,-128,-10.55,79,3773,62,2,1,0,8,247,258.3,83,6361,dense,0100100080D64F7F3E1208F7005300D918E8,0.01,0
15,1,-94,15.0,29,3392,11,1,1,0,7,1602,1601.4,18,5480,light,0F000100A23C1D590B1107420612006815F6,0.5761,1
4,11,-128,-10.68,100,3838,80,1,1,0,29,1106,1090.7,26,4072,dense,04000B0080D5648550111D52041A00E80F0B,0.01,0
8,12,-98,15.0,65,3713,48,3,1,0,27,113,131.1,23,965,dense,08000C009E3C417930131B71001700C50306,0.2015,1
2,1,-117,-3.03,62,3660,41,2,0,0,11,210,171.8,17,687,dense,020001008BF43E7429020BD2001100AF0200,0.3818,1
11,16,-125,-8.03,98,3753,58,3,0,0,18,913,1592.7,9,4194,medium,0B00100083E0627D3A0312910309006210D4,0.0418,0
13,4,-92,15.0,16,3716,44,3,1,0,1,455,438.8,119,5923,medium,0D000400A43C10792C1301C7017700231752,0.742,1
15,4,-97,15.0,28,4176,98,1,1,1,0,241,250.8,11,5820,medium,0F0004009F3C1CA7623100F1000B00BC16B9,0.7904,1
15,8,-119,-0.01,100,3655,33,1,1,0,34,1726,1721.1,29,1824,medium,0F00080089006473211122BE061D002007EE,0.1156,0
5,8,-128,-8.9,79,3801,74,3,1,0,5,2036,2055.0,3,519,dense,0500080080DC4F824A1305F4070300070205,0.01,0
5,11,-105,9.96,47,3677,40,2,1,0,7,392,397.3,3,6713,medium,05000B0097282F7528120788010300391A02,0.5058,0
10,16,-78,15.0,7,3806,71,1,1,0,8,653,667.2,26,6998,light,0A001000B23C07824711088D021A00561B02,0.6878,1
3,4,-128,-12.54,77,3765,63,1,0,0,5,368,594.3,55,5508,dense,0300040080CE4D7E3F010570013700841595,0.01,0
10,12,-111,6.48,99,3593,16,1,0,0,45,683,595.4,9,4178,medium,0A000C00911A636D10012DAB0209005210D6,0.0951,0
12,15,-76,15.0,13,4065,94,3,0,0,10,857,451.0,29,6171,light,0C000F00B43C0D9C5E030A59031D001B1863,0.5523,0
8,14,-88,15.0,25,3782,75,1,1,0,7,132,132.7,30,21,medium,08000E00A83C19804B110784001E0015000E,0.632,1
4,16,-128,-10.15,77,3793,62,2,1,0,2,2928,2925.4,45,3317,dense,0400100080D74D813E1202700B2D00F50CEF,0.01,0
13,5,-115,2.07,69,3662,31,1,0,0,10,700,920.3,17,704,medium,0D0005008D0845741F010ABC021100C00236,0.3923,1
6,7,-100,13.85,38,3724,47,4,1,0,3,540,542.6,6,3168,medium,060007009C37267A2F14031C020600600CEC,0.556,1
6,4,-128,-12.3,83,3888,83,1,1,0,6,4079,4081.9,17,5505,dense,0600040080CF538A531106EF0F1100811540,0.01,0
16,3,-128,-12.59,100,4028,92,3,1,0,45,599,592.5,278,4003,dense,1000030080CE64985C132D57021601A30F41,0.01,0
9,10,-91,15.0,45,3799,77,2,1,0,25,97,96.7,23,1679,dense,09000A00A53C2D814D1219610017008F068C,0.2739,0
8,3,-73,15.0,0,3792,72,1,1,0,2,489,508.2,6,5834,light,08000300B73C0081481102E9010600CA168C,0.8858,1
15,10,-128,-12.07,81,4016,90,1,1,0,6,768,756.2,238,4743,dense,0F000A0080D051975A11060003EE0087120C,0.01,0
14,13,-106,12.04,83,3139,4,1,1,0,32,1292,1301.5,26,2983,medium,0E000D009630533F0411200C051A00A70B10,0.0311,0
15,4,-128,-4.71,100,4177,99,1,1,0,23,1755,1744.1,12,3643,dense,0F00040080ED64A7631117DB060C003B0E18,0.01,0
13,14,-71,15.0,0,3804,76,3,1,0,9,239,226.1,27,4261,light,0D000E00B93C00824C1309EF001B00A51073,0.6203,1
15,9,-99,15.0,54,3638,30,5,1,0,16,4133,4128.5,224,7183,light,0F0009009D3C36711E15102510E0000F1C31,0.2896,1
9,5,-128,-10.18,81,3814,75,1,1,0,5,730,726.2,3411,4040,dense,0900050080D751834B1105DA02530DC80FE5,0.01,0
5,12,-105,10.9,90,3742,54,2,0,0,46,150,302.4,22,6716,medium,05000C00972C5A7C36022E960016003C1A21,0.1021,0
3,2,-108,7.59,50,3731,57,1,1,0,11,1735,1751.9,23,3097,light,03000200941E327B39110BC7061700190C30,0.4525,1
7,9,-96,15.0,27,4105,97,1,0,0,4,197,330.4,6,3692,medium,07000900A03C1BA0610104C50006006C0E25,0.6921,1
9,16,-89,15.0,13,3821,76,2,1,0,4,1612,1607.3,265,6131,light,09001000A73C0D844C12044C060901F31783,0.7214,0
16,7,-109,4.76,84,3933,86,2,1,0,35,441,443.1,148,3288,medium,100007009313548F561223B9019400D80C52,0.1311,0
2,13,-98,15.0,46,3860,82,1,1,0,11,327,312.3,14,628,medium,02000D009E3C2E8852110B47010E007402E8,0.468,0
1,8,-67,15.0,0,3800,70,2,1,0,10,223,202.4,7,1210,light,01000800BD3C008246120ADF000700BA0446,0.6342,0
16,6,-128,-13.24,84,3772,68,1,1,0,6,588,581.6,6,3192,dense,1000060080CB547F4411064C020600780C25,0.01,0
10,15,-128,-11.76,74,4171,97,3,1,0,4,2057,2060.9,17,1186,dense,0A000F0080D14AA761130409081100A2044F,0.01,0
3,1,-97,15.0,30,3035,2,2,1,1,5,586,596.4,16,5947,medium,030001009F3C1E350232054A0210003B1768,0.1239,0
9,15,-128,-12.58,82,4060,92,1,1,0,7,712,717.2,14,5133,dense,09000F0080CE529C5C1107C8020E000D1448,0.01,0
6,2,-128,-10.56,67,3785,68,3,0,0,0,306,435.2,25,6103,dense,0600020080D6438044030032011900D71781,0.01,0
3,13,-128,-11.88,71,3135,4,1,0,0,5,1737,3846.7,14,3445,medium,03000D0080D0473F040105C9060E00750D1D,0.01,0
9,16,-94,15.0,61,4040,90,5,1,0,34,327,328.4,24,3193,medium,09001000A23C3D9A5A152247011800790C09,0.1447,0
13,2,-104,11.38,46,4169,98,4,1,0,9,256,258.2,22,2973,medium,0D000200982E2EA6621409000116009D0BCF,0.4227,0
6,16,-103,15.0,49,3735,55,1,0,0,7,464,434.8,18,526,medium,06001000993C317B370107D00112000E023E,0.525,0
9,1,-91,15.0,15,3939,87,2,1,0,3,162,160.5,23,2312,medium,09000100A53C0F8F571203A2001700080929,0.7374,1
7,16,-85,15.0,19,3676,44,1,0,0,9,1395,1084.8,8,5899,light,07001000AB3C13752C0109730508000B176C,0.6143,1
14,7,-62,15.0,0,3796,74,3,0,0,12,74,115.8,25,5805,light,0E000700C23C00814A030C4A001900AD16E2,0.5585,1
10,2,-63,15.0,27,3596,22,1,0,0,39,286,175.3,202,2088,light,0A000200C13C1B6D1601271E01CA002808E5,0.2033,0
15,11,-128,-9.08,95,3069,2,4,1,1,48,3857,3848.9,14,4190,medium,0F000B0080DC5F38023430110F0E005E10F2,0.01,0
1,13,-128,-9.71,78,3728,62,1,0,0,1,1177,1659.9,287,6015,dense,01000D0080D94E7A3E010199041F017F17E8,0.01,0
4,15,-78,15.0,2,3753,59,1,1,0,4,268,278.5,18,4135,light,04000F00B23C027D3B11040C0112002710B2,0.816,1
12,5,-128,-12.03,87,3841,80,3,0,0,10,3406,3854.1,199,2844,medium,0C00050080D0578650030A4E0DC7001C0B66,0.01,0
2,15,-128,-11.11,87,3763,68,3,0,0,12,2875,2798.8,3211,4438,medium,02000F0080D4577E44030C3B0B8B0C561104,0.01,0
2,13,-128,-10.39,93,3695,43,2,0,0,12,2543,2549.8,21,767,dense,02000D0080D65D772B020CEF091500FF0249,0.01,0
1,5,-73,15.0,0,3933,85,1,1,0,0,102,87.9,30,407,medium,01000500B73C008F55110066001E00970155,0.95,1
11,8,-113,1.65,60,3776,69,1,1,0,9,1469,1505.1,244,6947,medium,0B0008008F073C7F451109BD05F400231BAA,0.4437,0
10,15,-124,-7.23,58,4047,92,3,1,0,0,1187,1187.5,4,5075,medium,0A000F0084E33A9A5C1300A3040400D3130C,0.31,1
13,1,-128,-9.76,82,4078,93,1,1,0,11,3607,3615.4,24,2988,dense,0D00010080D9529D5D110B170E1800AC0BE4,0.01,0
15,13,-53,15.0,0,3757,62,1,1,0,6,97,104.1,24,7024,light,0F000D00CB3C007D3E110661001800701BD5,0.7701,1
10,2,-69,15.0,8,3932,84,1,0,0,2,174,174.6,20,2329,light,0A000200BB3C088F540102AE0014001909C9,0.8433,1
12,2,-114,3.25,57,3141,5,1,1,0,9,1530,1517.3,26,1915,medium,0C0002008E0D3940051109FA051A007B07F1,0.0912,0
16,11,-128,-10.15,82,3653,26,4,0,0,9,349,307.5,8,487,dense,10000B0080D752731A04095D010800E70101,0.01,0
11,4,-128,-13.37,72,3758,63,1,1,0,9,559,561.3,1332,660,dense,0B00040080CB487D3F11092F0234059402AE,0.01,0
5,7,-128,-10.2,79,3788,70,1,1,0,4,693,678.3,8,6158,dense,0500070080D74F80461104B50208000E187D,0.01,0
12,2,-74,15.0,9,3807,80,2,0,0,12,281,264.1,27,516,light,0C000200B63C098250020C19011B0004025B,0.5594,0
5,6,-107,9.0,44,3760,60,1,1,0,7,3356,3367.3,23,1289,light,0500060095242C7E3C11071C0D170009053C,0.5473,1
5,2,-128,-11.02,76,3867,83,3,1,0,3,3068,3071.6,19,7094,dense,0500020080D44C88531303FC0B1300B61BDF,0.01,0
4,5,-128,-9.53,82,3830,80,1,1,0,12,508,509.7,11,83,dense,0400050080DA528550110CFC010B0053002A,0.01,0
12,7,-116,2.85,58,3730,53,2,0,0,4,2036,1339.3,5,6359,medium,0C0007008C0B3A7B350204F4070500D718A2,0.5101,1
7,2,-128,-10.24,84,3744,68,1,1,0,1,623,624.7,27,3911,dense,0700020080D7547C4411016F021B00470F2A,0.01,0
9,7,-80,15.0,28,3738,61,1,0,0,26,768,643.7,1,5500,light,09000700B03C1C7B3D011A000301007C1573,0.3182,0
13,3,-116,1.51,54,4023,92,5,1,0,4,752,768.8,17,4692,medium,0D0003008C0636985C1504F0021100541243,0.4407,0
14,7,-128,-11.55,72,4101,95,3,1,0,0,4037,4057.5,18,6019,dense,0E00070080D248A05F1300C50F120083178F,0.01,0
5,2,-121,-0.9,73,3781,66,3,0,0,7,1425,2418.0,10,499,medium,0500020087FC498042030791050A00F30199,0.3736,0
8,12,-128,-11.28,72,3642,24,3,1,0,2,549,571.8,15,6381,dense,08000C0080D3487218130225020F00ED181C,0.01,0
2,16,-122,-5.72,74,3773,68,1,1,0,9,2009,1999.8,127,1637,medium,0200100086E94A7F441109D9077F006506EF,0.3378,0
10,14,-107,9.25,54,3734,57,1,1,0,12,545,538.4,214,3319,medium,0A000E009525367B39110C2102D600F70C76,0.422,1
11,4,-112,6.48,59,3828,79,1,1,0,1,571,570.9,1201,3869,medium,0B000400901A3B844F11013B02B1041D0FE6,0.5926,0
9,13,-126,-10.59,85,3819,79,1,0,0,12,1685,1386.4,66,6599,medium,09000D0082D655834F010C95064200C71991,0.01,0
3,16,-128,-9.17,89,3752,59,4,0,0,10,794,900.5,1761,6228,dense,0300100080DB597D3B040A1A03E106541874,0.01,0
4,12,-128,-8.46,64,3806,78,3,1,0,1,1022,1038.2,11,18,dense,04000C0080DE40824E1301FE030B00120062,0.01,0
10,14,-128,-10.95,87,3885,84,2,1,0,15,3195,3198.6,17,2019,dense,0A000E0080D4578A54120F7B0C1100E307D9,0.01,0
2,1,-110,5.7,47,3794,78,2,1,0,3,299,291.5,110,1984,medium,0200010092172F814E12032B016E00C00746,0.5818,0
7,8,-84,15.0,16,3662,38,1,0,0,11,212,198.4,19,4289,medium,07000800AC3C107426010BD4001300C110EA,0.5844,1
15,16,-103,13.85,43,3796,73,2,0,0,0,242,327.4,29,1058,medium,0F00100099372B81490200F2001D0022046F,0.6678,1
5,1,-113,2.94,66,3816,75,3,1,0,17,767,757.9,3,6995,medium,050001008F0C42834B1311FF020300531B1C,0.2832,1
12,16,-127,-8.56,80,3682,35,2,1,0,9,2533,2544.9,29,2744,medium,0C00100081DE5076231209E5091D00B80AD8,0.0203,0
16,4,-128,-11.45,68,3656,32,2,1,0,7,208,207.9,127,6705,dense,1000040080D24473201207D0007F00311A72,0.01,0
13,16,-100,15.0,70,3773,64,1,1,0,31,3531,3533.5,24,1587,light,0D0010009C3C467F40111FCB0D18003306FF,0.1862,0
5,3,-93,15.0,75,3852,82,2,1,0,49,161,178.8,2,5120,medium,05000300A33C4B87521231A1000200001465,0.1221,0
10,5,-115,2.05,60,3804,77,4,1,0,9,809,827.4,9,3110,medium,0A0005008D083C824D140929030900260C02,0.3736,0
2,11,-97,15.0,25,3783,72,1,1,0,1,2089,2094.1,212,6844,light,02000B009F3C19804811012908D400BC1AF7,0.7797,1
3,12,-109,7.4,60,3759,61,1,0,0,12,141,140.3,1121,3901,dense,03000C00931E3C7D3D010C8D0061043D0FE5,0.3995,1
6,9,-115,3.96,48,4117,98,1,0,0,1,936,1303.0,11,3316,medium,060009008D1030A1620101A8030B00F40C4E,0.6531,1
5,10,-118,-0.03,69,3819,75,1,1,0,6,2343,2349.9,17,1130,medium,05000A008A0045834B1106270911006A0435,0.4511,0
4,16,-128,-10.63,81,3642,34,3,1,1,4,1607,1603.9,64,4240,medium,0400100080D5517222330447064000901036,0.01,0
12,2,-101,15.0,42,4070,94,1,0,0,7,3353,2907.9,25,6560,light,0C0002009B3C2A9D5E0107190D1900A01901,0.5562,0
7,10,-128,-9.92,91,3727,57,5,0,0,11,3986,4122.5,262,2110,medium,07000A0080D85B7A39050B920F06013E0829,0.01,0
11,15,-128,-10.49,67,3800,79,1,1,0,1,3974,3977.2,5,830,dense,0B000F0080D643824F1101860F05003E03ED,0.01,0
12,7,-96,15.0,27,3804,78,3,1,0,6,3724,3745.1,19,1156,light,0C000700A03C1B824E13068C0E130084040A,0.5774,0
16,14,-123,-5.66,62,3736,60,2,1,0,1,1423,1417.7,16,4915,medium,10000E0085E93E7B3C12018F051000331315,0.4821,1
12,10,-128,-11.78,76,4121,95,2,1,0,8,3022,3030.8,22,1988,medium,0C000A0080D14CA25F1208CE0B1600C4075E,0.01,1
7,1,-126,-13.15,69,3668,36,3,1,0,4,226,214.6,172,832,dense,0700010082CB4574241304E200AC004003E6,0.01,0
16,10,-124,-8.02,70,3693,43,1,1,0,1,3179,3173.8,1,5019,medium,10000A0084E046772B11016B0C01009B135A,0.1536,0
12,7,-103,14.63,37,3767,68,1,1,0,1,571,574.3,291,458,medium,0C000700993B257E4411013B022301CA0154,0.7137,0
3,9,-128,-10.94,80,3693,48,4,1,0,3,3794,3818.7,9,1200,medium,0300090080D45077301403D20E0900B0049C,0.01,0
3,13,-115,0.44,60,3629,32,3,1,0,2,374,375.2,12,181,medium,03000D008D023C7020130276010C00B50089,0.5071,1
9,16,-78,15.0,1,3662,43,1,1,0,0,334,328.4,93,387,light,09001000B23C01742B11004E015D00830182,0.9443,1
10,6,-96,15.0,44,3487,12,1,0,0,23,221,211.5,9,4891,medium,0A000600A03C2C620C0117DD0009001B13EB,0.3126,0
8,14,-106,9.01,46,3658,36,2,0,0,3,653,331.3,145,6884,medium,08000E0096242E732402038D029100E41A20,0.5867,1
15,8,-128,-11.31,75,3791,71,3,1,0,5,2141,2150.7,3,6641,medium,0F00080080D34B814713055D080300F1192E,0.01,0
3,12,-124,-6.9,84,4120,96,5,1,0,9,770,766.2,28,1014,medium,03000C0084E454A260150902031C00F6032A,0.1745,0
13,2,-128,-9.16,94,3565,14,3,0,0,26,2183,2144.1,3,4840,medium,0D00020080DB5E6A0E031A87080300E812FB,0.01,0
14,12,-100,15.0,38,3666,39,4,0,0,6,319,293.0,20,1592,medium,0E000C009C3C26742704063F0114003806AB,0.5006,0
4,8,-125,-8.23,69,3937,86,1,1,0,5,1474,1474.1,19,2460,medium,0400080083DF458F561105C20513009C0921,0.0904,0
16,8,-100,15.0,47,3656,39,1,1,0,2,457,468.4,25,880,medium,100008009C3C2F73271102C90119007003FF,0.636,0
4,7,-128,-10.86,81,3846,81,1,1,0,10,3618,3607.0,7,1231,medium,0400070080D5518651110A220E0700CF047D,0.01,0
10,9,-57,15.0,0,3790,70,1,1,0,8,71,82.8,2818,1958,light,0A000900C73C00814611084700020BA60771,0.718,1
6,5,-105,10.64,47,3787,70,4,1,0,9,4087,4093.0,30,6780,light,06000500972B2F80461409F70F1E007C1A5E,0.4192,1
4,14,-102,15.0,52,3647,37,4,1,0,8,405,382.1,28,6500,medium,04000E009A3C347225140895011C00641951,0.416,1
1,16,-124,-6.67,75,3817,75,1,0,0,12,2108,1613.4,17,5614,medium,0100100084E54B834B010C3C081100EE152C,0.245,0
2,3,-128,-6.75,94,4117,96,3,1,0,46,2916,2910.6,30,7191,medium,0200030080E55EA160132E640B1E00171CB5,0.01,0
2,16,-101,15.0,38,3624,26,3,0,0,11,3388,3736.9,2,5858,light,020010009B3C26701A030B3C0D0200E216F5,0.4465,1
6,1,-89,15.0,16,3923,86,1,0,1,4,142,180.1,9,5179,medium,06000100A73C108E5621048E0009003B1486,0.7466,1
5,13,-79,15.0,49,4100,95,1,1,0,41,589,594.4,25,2286,light,05000D00B13C31A05F11294D021900EE08F5,0.1654,1
14,8,-71,15.0,1,3124,4,2,1,0,5,241,237.6,208,2729,light,0E000800B93C013E041205F100D000A90AF0,0.1502,0
11,16,-128,-8.13,69,3764,59,3,0,0,0,830,965.5,14,2002,dense,0B00100080DF457E3B03003E030E00D20757,0.01,0
1,9,-120,-6.64,84,3869,81,2,1,0,10,2900,2902.8,274,4969,medium,0100090088E5548851120A540B1201691348,0.2266,0
6,5,-114,5.46,67,3702,51,1,1,0,8,1166,1166.4,4,1654,medium,060005008E1643783311088E0404007606BE,0.4294,0
4,10,-128,-13.89,84,3827,79,2,1,0,11,793,772.9,9,6332,dense,04000A0080C854844F120B19030900BC18C6,0.01,0
5,15,-91,15.0,27,3663,36,3,0,0,8,958,1458.8,34,6028,light,05000F00A53C1B74240308BE0322008C1759,0.5383,1
7,14,-105,11.05,77,3627,26,1,1,0,36,771,765.8,102,2501,medium,07000E00972C4D701A112403036600C509D1,0.145,0
8,15,-105,9.4,35,3736,53,1,1,0,7,392,388.9,148,488,medium,08000F009726237B35110788019400E8013A,0.5874,0
6,11,-128,-9.46,63,3886,82,1,1,0,1,839,825.0,1625,2743,dense,06000B0080DA3F8A52110147035906B70A44,0.01,0
16,5,-86,15.0,49,3764,63,1,1,0,30,1008,1015.6,50,3927,light,10000500AA3C317E3F111EF0033200570FB2,0.2347,0
2,6,-123,-6.9,77,3766,59,1,1,0,10,3932,3914.2,14,3735,medium,0200060085E44D7E3B110A5C0F0E00970E78,0.2374,0
8,10,-99,15.0,79,3750,56,1,1,0,44,311,319.6,1,808,medium,08000A009D3C4F7D38112C370101002803CA,0.1232,0
15,1,-116,0.59,79,3928,85,1,1,0,18,1277,1276.5,1235,1365,medium,0F0001008C024F8E551112FD04D3045505B7,0.2661,1
11,6,-100,14.65,61,3737,55,1,1,0,22,414,429.4,23,5253,medium,0B0006009C3B3D7B3711169E01170085148D,0.2789,1
13,7,-128,-12.6,77,3583,14,1,0,0,5,4937,2371.5,16,3372,dense,0D00070080CE4D6C0E0105491310002C0DCB,0.01,0
9,6,-93,15.0,36,4144,98,5,0,0,17,3563,1638.8,133,81,light,09000600A33C24A4620511EB0D850051009E,0.3243,1
10,11,-128,-12.88,87,4132,97,1,1,0,12,781,757.2,24,2934,dense,0A000B0080CC57A361110C0D031800760BEF,0.01,0
1,15,-93,15.0,30,4037,92,3,1,0,3,187,202.1,20,4705,medium,01000F00A33C1E995C1303BB0014006112B3,0.6275,1
1,12,-60,15.0,0,3149,4,1,1,0,11,185,171.1,242,4330,light,01000C00C43C004004110BB900F200EA1040,0.1293,1
15,2,-96,15.0,30,3823,79,1,1,0,12,2948,2961.3,4,2446,light,0F000200A03C1E844F110C840B04008E0969,0.5118,1
7,6,-113,0.38,79,3650,29,1,0,0,27,1039,681.5,21,3240,medium,070006008F024F731D011B0F041500A80C80,0.1942,0
10,1,-107,10.23,77,3882,82,1,1,0,36,572,572.9,16,3824,medium,0A00010095294D8A5211243C021000F00EA2,0.145,0
2,8,-128,-10.63,99,3481,12,3,1,0,49,656,639.2,26,1286,dense,0200080080D563620C133190021A000605D9,0.01,0
1,12,-69,15.0,0,3736,51,1,1,0,4,198,205.4,11,3958,light,01000C00BB3C007B331104C6000B00760F9C,0.8259,1
8,3,-128,-9.05,67,4094,95,2,1,0,7,1181,1186.1,3,2443,dense,0800030080DC439F5F12079D0403008B09FB,0.01,0
8,2,-79,15.0,10,4129,96,1,1,0,10,141,150.6,17,939,medium,08000200B13C0AA260110A8D001100AB0336,0.6293,0
16,15,-91,15.0,21,3516,13,1,1,1,7,256,241.2,9,4261,medium,10000F00A53C15650D310700010900A5108A,0.6499,1
13,9,-93,15.0,23,3731,59,2,1,0,5,1168,1160.7,69,6600,light,0D000900A33C177B3B120590044500C819CC,0.6513,0
4,7,-128,-12.43,83,3589,18,5,1,0,8,3259,3259.9,6,174,medium,0400070080CE536C121508BB0C0600AE00A7,0.01,0
4,13,-120,-2.56,76,3812,74,1,0,0,4,2611,2383.7,10,4106,medium,04000D0088F64C834A0104330A0A000A1012,0.4473,1
16,3,-128,-12.13,81,3609,29,1,1,0,8,457,478.1,98,145,dense,1000030080CF516E1D1108C90162009100B1,0.01,0
6,1,-128,-10.04,77,3671,38,1,0,0,5,2860,3476.2,1116,5841,medium,0600010080D84D752601052C0B5C04D116EC,0.01,0
5,12,-107,7.84,43,3790,70,1,1,0,3,121,144.4,213,2903,dense,05000C00951F2B814611037900D500570B5F,0.6346,0
8,6,-128,-11.91,66,3774,66,1,0,0,0,1113,909.5,16,4683,dense,0800060080D0427F420100590410004B12F7,0.01,0
1,4,-128,-10.61,83,3739,60,1,0,0,7,1578,3210.9,1,5334,dense,0100040080D6537B3C01072A060100D61434,0.01,0
16,13,-73,15.0,0,3821,74,1,1,0,0,127,144.7,89,4299,light,10000D00B73C00844A11007F005900CB1053,0.95,1
13,14,-117,0.87,54,3942,85,2,1,0,2,1193,1196.0,13,3859,medium,0D000E008B033690551202A9040D00130F39,0.5672,1
10,3,-99,15.0,36,4073,94,2,1,0,2,1013,1011.6,22,5706,medium,0A0003009D3C249D5E1202F50316004A16D5,0.6579,1
15,12,-112,3.47,56,3828,79,1,1,0,8,148,141.6,2682,4285,dense,0F000C00900E38844F110894007A0ABD100B,0.4767,0
4,16,-98,15.0,30,3929,87,3,0,0,7,792,533.7,1330,282,medium,040010009E3C1E8E570307180332051A011B,0.5455,1
13,14,-97,15.0,78,3764,58,3,1,0,45,406,400.7,150,5495,medium,0D000E009F3C4E7E3A132D960196007715C2,0.1115,0
14,11,-85,15.0,20,3673,44,2,1,0,8,924,936.3,5,622,light,0E000B00AB3C14752C12089C0305006E02C3,0.5986,1
12,6,-126,-12.56,81,3758,66,2,0,0,3,2158,1666.4,3,2197,medium,0C00060082CE517D4202036E0803009508CA,0.01,0
1,14,-128,-8.49,75,3628,23,1,1,0,7,1622,1622.7,5,6228,medium,01000E0080DE4B701711075606050054185A,0.01,0
2,13,-93,15.0,77,4027,91,2,1,0,49,1479,1462.0,26,5766,light,02000D00A33C4D985B1231C7051A00861632,0.1194,0
14,3,-117,-2.54,67,3789,64,1,1,0,7,528,504.2,161,4801,medium,0E0003008BF643804011071002A100C112E6,0.4428,0
7,14,-84,15.0,10,3983,89,1,1,0,4,153,156.7,18,154,medium,07000E00AC3C0A94591104990012009A0039,0.7763,0
11,12,-128,-14.13,83,3760,55,2,0,0,7,6334,4182.1,6,6191,dense,0B000C0080C7537E370207BE1806002F1894,0.01,0
1,14,-104,14.59,89,4013,88,2,1,0,44,252,261.6,1973,2656,medium,01000E00983A599758122CFC00B507600A5C,0.1034,0
10,8,-57,15.0,3,3638,33,1,1,0,2,107,86.7,1768,4704,light,0A000800C73C03712111026B00E8066012F3,0.8698,1
15,6,-114,4.14,67,3699,46,2,0,0,7,601,839.8,13,5721,medium,0F0006008E1143772E020759020D005916D4,0.4213,1
8,9,-128,-10.94,73,3720,53,1,0,0,5,718,473.3,16,6953,dense,0800090080D4497A350105CE021000291B75,0.01,0
9,1,-113,0.76,61,3788,72,4,1,0,2,1342,1330.2,3,3061,medium,090001008F033D804814023E050300F50B3B,0.4729,0
6,11,-128,-11.17,83,3886,83,1,1,0,8,3806,3802.9,23,4990,medium,06000B0080D3538A531108DE0E17007E13D6,0.01,0
8,11,-111,3.27,44,3710,53,2,1,0,2,481,491.9,134,2169,medium,08000B00910D2C79351202E1018600790840,0.6176,1
2,5,-85,15.0,19,4057,93,1,1,0,2,179,179.1,65,204,medium,02000500AB3C139B5D1102B3004100CC007A,0.7848,0
8,15,-118,-1.15,61,3828,75,3,1,0,7,974,984.2,4,2323,medium,08000F008AFB3D844B1307CE0304001309F2,0.4214,0
16,13,-127,-8.82,100,3379,10,1,1,0,24,271,273.7,41,3471,dense,10000D0081DD64570A11180F0129008F0D5C,0.01,0
13,12,-126,-10.16,80,4184,99,1,1,0,8,1575,1567.5,8,3600,medium,0D000C0082D750A863110827060800100E35,0.01,0
15,7,-74,15.0,0,3330,9,1,1,0,3,299,299.2,71,746,light,0F000700B63C00530911032B014700EA025B,0.7227,0
12,8,-128,-11.76,99,3788,62,3,1,0,27,3301,3299.0,29,5068,medium,0C00080080D163803E131BE50C1D00CC132C,0.01,0
12,6,-108,7.71,51,3947,87,1,1,1,10,480,473.6,81,4255,medium,0C000600941F339057310AE00151009F1022,0.4646,0
2,5,-86,15.0,37,3793,72,2,1,0,20,100,96.9,7,2815,dense,02000500AA3C258148121464000700FF0A48,0.3477,0
5,15,-128,-12.54,88,3570,14,1,1,0,8,4155,4151.7,7,3155,dense,05000F0080CE586B0E11083B100700530CB0,0.01,0
4,14,-128,-11.39,69,3646,40,2,1,0,2,2501,2499.0,22,4685,medium,04000E0080D24572281202C50916004D1295,0.01,0
12,4,-73,15.0,4,3636,22,1,1,0,1,426,422.1,25,5332,light,0C000400B73C0471161101AA011900D414AF,0.8953,1
13,10,-128,-12.61,78,3822,76,3,1,0,11,3644,3623.3,7,6861,medium,0D000A0080CE4E844C130B3C0E0700CD1AE7,0.01,0
2,13,-118,0.79,59,3924,84,1,0,0,1,1766,1705.9,28,2496,medium,02000D008A033B8E540101E6061C00C009C1,0.5925,1
13,12,-128,-10.83,81,3724,56,1,1,0,10,2072,2082.4,102,3078,dense,0D000C0080D5517A38110A18086600060C8A,0.01,0
1,4,-128,-10.01,89,3756,65,2,1,0,10,249,242.2,18,1834,dense,0100040080D8597D41120AF90012002A07D9,0.01,0
6,13,-97,15.0,28,4100,96,1,1,0,0,2949,2949.1,23,3004,light,06000D009F3C1CA0601100850B1700BC0B56,0.7904,0
3,15,-77,15.0,61,4077,94,5,1,0,49,109,110.5,197,6453,medium,03000F00B33C3D9D5E15316D00C5003519AC,0.1173,0
8,13,-83,15.0,9,3656,36,4,1,0,5,831,819.7,55,6004,light,08000D00AD3C09732414053F033700741746,0.6353,1
3,14,-128,-13.25,68,3645,35,1,1,0,1,238,259.6,22,1829,dense,03000E0080CB4472231101EE00160025078B,0.01,0
15,4,-114,2.44,65,3859,82,1,1,0,5,873,883.5,125,3145,medium,0F0004008E0A418752110569037D00490CD9,0.4865,0
5,6,-98,15.0,21,3973,88,5,1,0,3,262,257.3,28,3160,medium,050006009E3C159358150306011C00580CF4,0.5902,1
3,4,-111,5.54,56,3128,4,1,0,0,10,104,120.2,25,6394,dense,030004009116383E04010A68001900FA1807,0.0889,1
3,9,-84,15.0,14,3612,22,1,1,0,8,165,156.4,1707,2296,medium,03000900AC3C0E6F161108A500AB06F80833,0.6577,0
15,6,-128,-9.56,69,3788,70,1,1,0,5,1482,1466.0,15,6488,medium,0F00060080DA4580461105CA050F00581908,0.01,0
3,5,-128,-12.07,66,3791,75,4,1,0,0,745,723.1,29,3212,dense,0300050080D042814B1400E9021D008C0CF8,0.01,0
1,13,-101,15.0,39,3679,39,1,1,1,3,404,401.2,27,5029,medium,01000D009B3C277527310394011B00A51328,0.6552,1
3,10,-128,-10.71,82,3903,83,1,1,0,12,506,503.4,28,3820,dense,03000A0080D5528C53110CFA011C00EC0E3C,0.01,0
3,12,-108,8.42,51,3994,88,1,1,0,6,2577,2578.7,3,4043,light,03000C0094223395581106110A0300CB0FDF,0.5344,1
14,8,-86,15.0,19,3318,8,2,1,0,7,234,212.1,25,3426,medium,0E000800AA3C1351081207EA001900620D9C,0.5162,0
16,12,-77,15.0,20,3768,68,5,1,0,16,81,91.6,17,4961,medium,10000C00B33C147E441510510011006113A4,0.377,0
7,13,-128,-9.46,80,3789,71,4,1,0,10,876,860.7,1,193,dense,07000D0080DA508047140A6C030100C100E5,0.01,0
12,14,-116,-2.14,71,3602,32,3,1,0,12,1243,1256.4,18,319,medium,0C000E008CF7476E20130CDB0412003F0174,0.3197,0
1,15,-110,7.98,42,3878,83,1,1,1,1,1126,1126.3,80,2803,medium,01000F0092202A8953310166045000F30A59,0.6862,1
16,3,-128,-9.74,76,3601,21,4,0,0,2,4015,2188.3,3425,6869,dense,1000030080D94C6E150402AF0F610DD51A2E,0.01,0
3,7,-128,-10.67,77,3662,36,1,1,0,4,2930,2917.4,80,5804,medium,0300070080D54D74241104720B5000AC168E,0.01,0
16,13,-128,-9.27,81,3398,10,1,1,0,6,878,875.4,24,6504,dense,10000D0080DB51590A11066E0318006819EC,0.01,0
9,12,-114,1.92,61,4142,98,1,1,0,7,1285,1288.1,146,1099,medium,09000C008E083DA4621107050592004B0458,0.4714,1
1,12,-77,15.0,0,3630,29,5,1,0,0,329,301.4,5,5356,light,01000C00B33C00711D150049010500EC14A5,0.75,0
1,6,-94,15.0,27,3720,57,2,1,0,5,331,336.2,13,4802,medium,01000600A23C1B7A3912054B010D00C212FA,0.6331,0
11,12,-115,2.15,65,3787,66,2,0,0,7,619,553.6,297,712,medium,0B000C008D0941804202076B022901C80259,0.4297,1
14,16,-108,9.16,40,3746,50,1,0,0,3,1186,839.8,1548,3279,medium,0E0010009425287C320103A2040C06CF0CC8,0.65,1
11,5,-99,15.0,37,3984,91,2,0,0,7,264,476.1,162,5330,medium,0B0005009D3C25945B02070801A200D214EB,0.548,1
7,8,-114,0.65,58,3923,85,2,0,0,8,793,1440.5,7,6869,medium,070008008E033A8E55020819030700D51A60,0.4434,1
13,14,-88,15.0,15,3765,59,1,0,0,0,467,664.2,30,3825,light,0D000E00A83C0F7E3B0100D3011E00F10E16,0.8645,1
12,2,-128,-11.74,82,4094,94,1,1,0,4,591,596.1,29,6099,dense,0C00020080D1529F5E11044F021D00D3173C,0.01,0
10,6,-122,-8.63,74,3769,62,2,1,0,9,178,184.4,69,3548,dense,0A00060086DD4A7E3E1209B2004500DC0D3A,0.0818,0
16,3,-100,15.0,34,3626,23,3,1,0,4,234,240.0,3386,1798,medium,100003009C3C2270171304EA003A0D060752,0.5882,1
7,4,-128,-12.2,100,3723,54,2,1,0,46,402,410.4,160,6280,dense,0700040080CF647A36122E9201A0008818D6,0.01,0
5,14,-128,-8.68,97,3701,47,1,1,0,23,656,633.3,257,601,dense,05000E0080DD61782F111790020101590206,0.01,0
9,7,-114,1.91,50,3739,61,1,1,0,0,979,986.6,20,2188,medium,090007008E08327B3D1100D30314008C08E3,0.665,0
16,3,-98,15.0,26,3866,81,2,1,0,7,420,402.7,4,2049,medium,100003009E3C1A88511207A40104000108C0,0.5945,0
13,14,-93,15.0,36,4058,93,5,0,0,4,1022,1439.6,1793,6068,light,0D000E00A33C249B5D0504FE030107B417F3,0.5112,0
16,11,-121,-1.36,80,3775,67,2,1,0,9,3135,3117.7,50,3726,medium,10000B0087FB507F4312093F0C32008E0EF1,0.3411,1
10,2,-88,15.0,27,4033,92,1,1,0,5,1254,1245.1,20,3794,light,0A000200A83C1B995C1105E6041400D20E02,0.6683,0
7,13,-111,7.63,56,3763,60,1,1,0,10,1334,1327.1,253,5067,medium,07000D00911F387E3C110A3605FD00CB13E7,0.4445,0
9,11,-103,15.0,49,3767,70,1,0,0,9,448,481.9,17,2167,medium,09000B00993C317E460109C00111007708E1,0.4895,1
14,16,-128,-10.01,100,4159,98,3,0,0,23,3535,3193.9,97,6037,dense,0E00100080D864A5620317CF0D61009517CE,0.01,0
13,15,-128,-9.18,76,3769,61,2,0,0,1,916,1306.7,121,3365,dense,0D000F0080DB4C7E3D020194037900250D39,0.01,0
13,14,-128,-10.48,86,4181,99,1,1,0,11,856,853.4,68,1247,dense,0D000E0080D656A863110B58034400DF04CB,0.01,0
6,15,-87,15.0,16,3755,64,3,1,0,4,822,845.4,27,4956,light,06000F00A93C107D40130436031B005C1307,0.668,0
7,9,-128,-10.02,84,3645,23,1,1,1,4,2299,2316.2,198,4478,medium,0700090080D85472173104FB08C6007E11FB,0.01,0
12,4,-128,-12.77,79,3796,71,3,1,0,12,910,907.7,30,2220,dense,0C00040080CD4F8147130C8E031E00AC0833,0.01,0
7,3,-119,-7.11,59,3828,79,2,0,0,2,2493,2050.9,64,718,medium,0700030089E43B844F0202BD094000CE0238,0.3283,0
6,3,-128,-9.78,84,3605,27,1,1,0,11,2336,2344.0,12,6384,dense,0600030080D9546E1B110B20090C00F01884,0.01,0
10,6,-87,15.0,67,3794,76,3,1,0,47,1104,1112.9,29,5658,light,0A000600A93C43814C132F50041D001A1608,0.1253,0
4,11,-112,6.04,55,3799,72,1,1,0,8,690,694.1,8,2022,medium,04000B0090183781481108B2020800E60705,0.4811,0
6,16,-61,15.0,1,3297,8,2,1,0,7,191,175.6,16,2563,light,06001000C33C014F081207BF001000030A40,0.557,0
11,16,-128,-13.89,96,3089,4,1,1,0,18,697,696.4,9,5473,dense,0B00100080C8603A041112B9020900611504,0.01,0
3,16,-128,-8.9,79,3717,60,1,1,0,1,3707,3719.1,2498,5207,dense,0300100080DC4F793C11017B0EC209571446,0.01,0
4,12,-75,15.0,0,3891,84,3,1,0,2,101,92.3,30,4359,medium,04000C00B53C008B54130265001E000711E1,0.7925,0
2,15,-88,15.0,24,3645,29,3,1,0,10,555,556.6,2633,577,light,02000F00A83C18721D130A2B02490A410247,0.5127,0
5,1,-118,1.39,66,3768,68,1,1,0,9,1902,1890.1,8,447,medium,050001008A06427E4411096E070800BF0104,0.4187,0
16,15,-75,15.0,0,3788,70,1,1,0,3,471,487.5,208,6049,light,10000F00B53C0080461103D701D000A117FD,0.8553,1
13,6,-79,15.0,15,3682,41,3,1,0,12,371,361.7,80,1495,light,0D000600B13C0F7629130C73015000D7052B,0.5082,0
5,16,-66,15.0,0,3782,67,3,1,0,8,185,177.6,14,1154,light,05001000BE3C0080431308B9000E008204BB,0.6424,1
15,7,-117,-1.02,51,3809,75,2,1,0,0,775,794.8,184,7152,medium,0F0007008BFC33824B12000703B800F01B28,0.6241,0
12,4,-101,15.0,31,3728,58,1,1,0,0,315,329.3,9,1271,medium,0C0004009B3C1F7A3A11003B010900F70441,0.7733,1
12,7,-93,15.0,46,3735,60,1,1,0,12,336,329.0,67,5180,medium,0C000700A33C2E7B3C110C500143003C1437,0.4519,0
2,16,-128,-13.8,77,3744,63,1,0,0,0,600,344.3,1,5671,dense,0200100080C94D7C3F0100580201002716EF,0.01,0
5,3,-128,-10.87,81,3298,8,1,1,0,8,2715,2726.4,133,554,medium,0500030080D5514F0811089B0A85002A0271,0.01,0
14,9,-124,-9.07,62,4137,96,3,1,0,3,1476,1480.6,18,4887,medium,0E00090084DC3EA3601303C40512001713D1,0.0653,0
12,8,-68,15.0,0,3836,79,2,1,0,4,188,187.0,24,6618,light,0C000800BC3C00854F1204BC001800DA1930,0.7824,1
2,4,-128,-11.99,100,3594,15,1,1,0,42,459,456.8,16,6275,dense,0200040080D0646D0F112ACB011000831825,0.01,0
9,16,-107,6.89,47,3875,80,1,1,0,3,560,549.8,7,6044,medium,09001000951C2F89501103300207009C1742,0.6141,1
1,14,-106,10.87,96,3820,76,2,1,0,42,3305,3301.3,8,558,light,01000E00962B60844C122AE90C08002E023E,0.0941,0
15,14,-115,-0.59,65,3587,15,3,1,0,7,998,987.4,20,4465,medium,0F000E008DFE416C0F1307E6031400711134,0.4056,0
11,15,-128,-11.23,91,3604,16,1,0,0,12,1430,446.4,2,6849,dense,0B000F0080D35B6E10010C96050200C11A33,0.01,0
12,2,-91,15.0,28,3816,78,3,1,0,7,340,339.1,117,5019,medium,0C000200A53C1C834E1307540175009B13EE,0.5535,1
10,16,-104,12.86,47,3906,84,1,1,0,11,574,565.9,28,4682,medium,0A00100098332F8C54110B3E021C004A1288,0.4641,0
9,13,-91,15.0,20,3873,81,4,0,0,2,818,748.5,641,1240,light,09000D00A53C148951040232038102D80433,0.6564,1
12,10,-128,-10.43,86,3737,64,2,1,0,11,1084,1092.4,194,256,dense,0C000A0080D6567B40120B3C04C2000001AB,0.01,0
4,8,-100,15.0,31,3812,76,1,1,0,7,442,437.8,7,4519,medium,040008009C3C1F834C1107BA010700A71111,0.6053,1
9,6,-99,15.0,48,3779,69,1,1,0,12,231,248.4,5,3592,medium,090006009D3C307F45110CE7000500080EC8,0.4444,1
15,11,-95,15.0,30,3606,19,1,0,0,2,606,327.6,1115,5005,medium,0F000B00A13C1E6E1301025E025B048D13B9,0.7263,0
12,11,-128,-12.23,74,3841,79,5,1,0,6,403,428.6,4,4314,dense,0C000B0080CF4A864F150693010400DA104B,0.01,0
4,2,-128,-9.76,77,3665,31,2,1,0,8,1391,1376.9,22,248,dense,0400020080D94D741F12086F051600F800ED,0.01,0
16,8,-82,15.0,10,3736,53,1,1,0,4,474,483.1,28,204,light,10000800AE3C0A7B351104DA011C00CC0038,0.7763,1
8,13,-128,-9.32,88,3759,61,4,1,0,9,827,841.6,4,5947,dense,08000D0080DB587D3D14093B0304003B17AA,0.01,0
15,3,-95,15.0,37,3261,8,2,1,0,12,1306,1292.4,4,4457,light,0F000300A13C254C08120C1A0504006911B2,0.3411,1
16,3,-83,15.0,13,3927,84,1,1,0,8,913,919.8,279,86,light,10000300AD3C0D8E541108910317015600F4,0.662,0
11,12,-111,4.5,44,3656,38,4,1,0,0,524,528.9,30,2163,medium,0B000C0091122C732614000C021E0073080C,0.5888,1
12,11,-126,-12.74,67,3816,66,1,1,1,2,323,315.5,3,6520,dense,0C000B0082CD438342310243010300781991,0.01,0
7,4,-78,15.0,2,3768,65,1,1,0,6,257,276.6,1,3966,light,07000400B23C027E411106010101007E0F18,0.7608,1
16,15,-71,15.0,0,3954,87,1,1,0,11,349,375.7,37,4002,light,10000F00B93C009157110B5D012500A20F38,0.6464,1
10,6,-122,-3.55,79,3663,42,2,1,0,12,173,171.5,10,576,dense,0A00060086F24F742A120CAD000A00400298,0.3071,0
2,5,-114,0.11,55,3798,64,1,1,0,5,136,139.2,1,5915,dense,020005008E003781401105880001001B176C,0.5342,1
4,8,-128,-9.56,75,3815,76,3,1,0,5,591,602.5,151,1381,dense,0400080080DA4B834C13054F029700650593,0.01,0
1,5,-113,4.55,53,4008,90,1,1,0,3,702,701.1,5,7176,medium,010005008F1235965A1103BE020500081CC4,0.5833,0
15,1,-94,15.0,17,3747,55,2,1,0,1,188,199.9,6,5762,medium,0F000100A23C117C371201BC0006008216F7,0.7804,1
14,6,-118,-1.48,70,4104,96,2,1,0,11,150,161.6,22,6817,dense,0E0006008AFA46A060120B96001600A11A86,0.3547,1
2,5,-110,4.21,50,3780,68,1,1,0,3,635,631.6,24,6317,medium,02000500921132804411037B021800AD181E,0.5987,0
2,16,-71,15.0,10,3737,62,1,0,0,16,515,290.4,20,2775,light,02001000B93C0A7B3E011003021400D70AD5,0.5101,1
6,1,-128,-12.82,80,3752,57,3,1,0,5,1067,1044.4,2395,62,dense,0600010080CD507D3913052B045B093E00EF,0.01,0
4,6,-112,6.98,53,3660,36,1,1,0,5,667,671.3,5,291,medium,04000600901C35742411059B020500230148,0.5439,0
16,7,-128,-12.04,83,3777,69,2,0,0,7,1238,2860.9,16,1901,dense,1000070080D0537F450207D60410006D07B3,0.01,0
5,15,-128,-16.65,95,3791,72,4,1,0,34,370,366.8,27,4832,dense,05000F0080BD5F8148142272011B00E01246,0.01,0
10,3,-126,-12.02,98,3785,64,4,0,0,31,1927,1917.5,126,102,medium,0A00030082D0628040041F87077E0066005B,0.01,0
12,7,-112,6.16,67,3679,38,1,1,0,18,1044,1066.7,10,4545,medium,0C0007009019437526111214040A00C1118C,0.3026,0
3,15,-128,-14.47,73,3771,66,4,0,0,3,2239,4179.9,5,1962,medium,03000F0080C6497F420403BF080500AA07A4,0.01,0
9,3,-128,-9.77,85,3763,66,1,1,0,6,1573,1571.9,23,1868,medium,0900030080D9557E421106250617004C078A,0.01,0
13,15,-88,15.0,20,3706,46,4,1,0,6,127,138.3,22,6724,medium,0D000F00A83C14782E14067F001600441ACD,0.5707,1
12,15,-116,0.47,69,4157,97,2,1,0,9,829,830.9,15,2179,medium,0C000F008C0245A56112093D030F0083086E,0.3848,0
13,2,-116,1.84,71,3793,73,2,1,1,7,804,803.8,1,2522,medium,0D0002008C07478149320724030100DA0926,0.4043,0
6,8,-110,8.08,61,3882,83,1,0,0,7,373,359.7,2057,4172,medium,0600080092203D8A530107750109084C103F,0.4714,0
7,3,-122,-4.62,71,3840,80,3,1,0,0,2266,2245.3,18,4437,medium,0700030086EE4786501300DA08120055113C,0.4682,1
11,5,-85,15.0,5,3683,44,4,1,0,0,1132,1126.1,73,1489,light,0B000500AB3C05762C14006C044900D105DD,0.776,1
6,13,-128,-12.96,72,3606,20,1,1,0,2,3151,3159.2,29,5898,medium,06000D0080CC486E1411024F0C1D000A1770,0.01,0
10,12,-128,-13.33,73,3781,76,2,1,0,5,1956,1969.4,87,5087,medium,0A000C0080CB49804C1205A4075700DF1363,0.01,0
10,13,-96,15.0,30,3742,55,1,1,0,10,1688,1705.7,15,3378,light,0A000D00A03C1E7C37110A98060F00320DE7,0.549,1
7,3,-125,-8.99,77,3651,33,1,1,0,9,2573,2566.3,10,1097,medium,0700030083DC4D732111090D0A0A00490494,0.0349,0
6,12,-128,-11.54,79,3816,76,2,1,0,5,965,965.3,123,734,dense,06000C0080D24F834C1205C5037B00DE020E,0.01,0
5,6,-128,-11.63,94,3620,22,2,1,0,20,830,823.8,3,6969,dense,0500060080D15E701612143E030300391B40,0.01,0
11,13,-128,-12.3,91,3641,29,2,1,0,18,2533,2538.5,30,6278,dense,0B000D0080CF5B721D1212E5091E0086185F,0.01,0
12,2,-128,-11.16,91,3775,71,1,0,0,12,4568,3385.3,3242,1542,medium,0C00020080D35B7F47010CD811AA0C0606DD,0.01,0
8,6,-128,-12.66,88,3806,74,1,1,0,10,2753,2738.5,171,3249,dense,0800060080CD58824A110AC10AAB00B10C2C,0.01,0
4,9,-118,-2.05,58,3690,50,1,1,0,4,1775,1775.0,2706,6317,medium,040009008AF83A77321104EF06920AAD18AA,0.5371,0
3,12,-83,15.0,14,3780,67,3,1,0,9,602,592.2,6,6890,light,03000C00AD3C0E804313095A020600EA1A9F,0.5682,0
10,16,-111,3.7,56,3619,16,1,1,0,5,588,589.0,3,4288,medium,0A001000910F386F1011054C020300C01045,0.5295,0
12,16,-119,-2.31,68,3779,71,1,1,1,6,1700,1718.3,22,5307,medium,0C00100089F7447F473106A4061600BB1432,0.4544,0
13,10,-104,13.64,60,4115,97,2,1,0,12,123,139.8,24,4581,dense,0D000A0098373CA161120C7B001800E5119C,0.3785,1
16,2,-98,15.0,33,4119,96,1,1,0,4,3031,3029.1,1298,760,light,100002009E3C21A1601104D70B1205F8022B,0.6624,0
16,12,-89,15.0,20,3661,29,3,0,0,3,133,122.7,41,3887,medium,10000C00A73C14741D0303850029002F0FB3,0.6734,1
8,1,-59,15.0,0,3872,82,1,1,0,5,100,98.7,6,6398,light,08000100C53C008952110564000600FE1893,0.7975,1
1,11,-86,15.0,7,3818,76,1,1,1,1,710,698.9,227,3214,light,01000B00AA3C07834C3101C602E3008E0C40,0.8788,1
5,10,-89,15.0,13,3729,56,2,1,0,5,200,194.7,10,617,medium,05000A00A73C0D7A381205C8000A006902C5,0.6966,0
5,7,-94,15.0,34,3705,42,1,1,0,7,1301,1307.3,61,4062,light,05000700A23C22782A110715053D00DE0F53,0.5919,0
2,6,-101,14.47,24,4098,96,1,1,0,0,3719,3732.5,20,3305,light,020006009B3A189F601100870E1400E90CD4,0.8132,1
9,10,-94,15.0,26,3774,74,1,0,0,3,212,357.0,8,4921,medium,09000A00A23C1A7F4A0103D40008003913AE,0.7219,1
4,2,-77,15.0,1,3760,60,1,1,0,0,113,113.0,29,5101,medium,04000200B33C017E3C110071001D00ED13B9,0.9443,1
8,12,-128,-7.82,74,3888,82,2,1,0,1,453,451.6,49,4263,dense,08000C0080E14A8A521201C5013100A71027,0.01,0
5,12,-128,-11.89,78,3770,63,1,1,0,5,2657,2651.1,5,5020,medium,05000C0080D04E7F3F1105610A05009C13F8,0.01,0
1,12,-118,-4.86,96,4046,92,1,1,0,40,813,825.3,25,5965,medium,01000C008AED609A5C11282D0319004D1713,0.0942,0
16,2,-94,15.0,24,4034,91,2,1,0,2,1098,1112.8,2,1070,light,10000200A23C18995B12024A0402002E0483,0.7183,1
13,6,-119,-1.78,72,3983,89,5,1,0,10,1023,1025.8,64,6125,medium,0D00060089F9489459150AFF034000ED1773,0.2996,0
1,5,-128,-8.24,80,3894,84,1,1,1,8,1358,1346.9,12,56,dense,0100050080DF508B5431084E050C0038005E,0.01,0
7,6,-104,12.9,37,3892,84,2,1,0,5,574,593.7,560,3621,medium,070006009834258B5412053E023002250ED4,0.5878,1
15,7,-128,-9.0,86,3773,63,3,1,0,9,1293,1296.0,4,5469,dense,0F00070080DC567F3F13090D0504005D15B6,0.01,0
12,3,-106,7.94,44,3843,81,3,0,0,4,497,779.0,2646,179,medium,0C00030096202C86510304F101560AB300C5,0.5439,0
1,3,-74,15.0,0,3759,69,3,1,0,1,326,339.7,179,2294,light,01000300B63C007D4513014601B300F60826,0.8208,1
12,8,-128,-13.49,79,3619,24,2,0,0,2,2738,1829.0,18,1171,dense,0C00080080CA4F6F180202B20A12009304EE,0.01,0
6,2,-128,-11.25,85,3820,79,1,1,0,17,2429,2428.7,15,630,medium,0600020080D355844F11117D090F00760260,0.01,0
12,15,-93,15.0,30,3775,67,3,1,0,8,2161,2151.2,3558,1506,light,0C000F00A33C1E7F4313087108E60DE20507,0.5268,0
12,16,-128,-10.59,71,3857,81,1,1,0,2,2216,2213.2,13,369,medium,0C00100080D64787511102A8080D0071011A,0.01,0
6,14,-128,-13.02,85,3760,59,3,0,0,3,1832,2424.3,11,2960,dense,06000E0080CC557E3B030328070B00900B35,0.01,0
14,10,-128,-12.38,81,3614,18,1,1,0,7,3323,3325.4,288,3889,medium,0E000A0080CE516F121107FB0C2001310F8C,0.01,0
2,3,-67,15.0,0,3808,76,1,0,0,8,117,97.1,3,4480,medium,02000300BD3C00824C010875000300801135,0.718,1
1,7,-86,15.0,43,3744,68,2,1,0,25,607,616.6,11,2659,light,01000700AA3C2B7C4412195F020B00630AB2,0.2784,1
4,5,-60,15.0,0,4156,98,2,1,0,10,140,139.7,2,5627,light,04000500C43C00A562120A8C000200FB15C8,0.6342,0
1,14,-128,-11.5,82,4019,92,2,1,0,5,2263,2240.0,27,5906,medium,01000E0080D252975C1205D7081B001217C9,0.01,0
13,6,-109,5.68,46,3535,13,2,0,0,1,738,627.4,10,868,medium,0D00060093172E670D0201E2020A00640313,0.6292,0
7,3,-102,12.19,39,4003,90,1,1,0,5,2434,2449.6,11,652,light,070003009A3127965A110582090B008C021C,0.6109,1
15,10,-128,-11.06,75,3707,41,1,1,0,6,273,291.0,612,6673,dense,0F000A0080D44B7829110611016402111A47,0.01,0
15,11,-118,-1.75,69,4177,99,4,0,0,9,1337,2067.5,240,5258,medium,0F000B008AF945A76304093905F0008A144B,0.3415,1
1,8,-110,6.45,50,3822,72,1,0,0,9,407,385.8,157,1312,medium,01000800921A328448010997019D002005AF,0.4853,1
6,3,-93,15.0,54,3820,79,3,1,0,24,1832,1828.1,22,3247,light,06000300A33C36844F131828071600AF0CC9,0.2481,0
7,9,-95,15.0,15,3946,85,2,1,0,3,281,251.5,53,5128,medium,07000900A13C0F9055120319013500081408,0.7374,1
8,11,-65,15.0,0,3897,85,1,1,0,9,229,240.3,18,4740,light,08000B00BF3C008B551109E500120084126F,0.6933,0
16,10,-99,15.0,59,3711,57,1,1,0,27,74,81.8,3529,1220,dense,10000A009D3C3B7939111B4A00C90DC40400,0.2385,0
6,14,-117,-0.81,64,4179,98,1,1,0,8,782,796.8,9,6713,medium,06000E008BFD40A76211080E030900391ADE,0.442,1
5,15,-99,14.61,32,3760,58,1,1,0,1,1790,1775.9,119,6512,light,05000F009D3A207E3A1101FE067700701969,0.7412,1
12,14,-90,15.0,27,3421,11,2,1,0,2,1910,1918.2,6,4086,light,0C000E00A63C1B5C0B120276070600F60F34,0.7032,1
1,5,-119,-0.52,69,3253,7,1,0,0,2,784,844.2,2634,4790,medium,0100050089FE454B07010210034A0AB61296,0.3785,0
12,15,-128,-11.41,72,3680,39,1,1,0,9,669,680.5,185,4314,dense,0C000F0080D248762711099D02B900DA10CD,0.01,0
5,6,-97,15.0,38,4036,90,1,1,0,10,445,445.4,258,3595,medium,050006009F3C26995A110ABD0102010B0EC5,0.5168,0
1,2,-120,-5.26,63,3587,19,1,0,0,6,1532,1382.7,15,3370,medium,0100020088EB3F6C130106FC050F002A0DD4,0.4414,0
6,12,-95,15.0,27,3800,70,4,1,0,5,195,185.2,17,2598,medium,06000C00A13C1B82461405C3001100260AC7,0.5628,0
15,8,-128,-13.02,100,3921,85,3,1,1,47,4147,4169.2,24,1327,dense,0F00080080CC648E55332F331018002F056C,0.01,0
16,12,-107,8.91,44,3245,6,1,1,0,3,741,741.5,20,5228,medium,10000C0095242C4A061103E50214006C147C,0.4517,1
4,9,-120,-1.84,63,3658,36,1,1,0,1,1371,1364.7,10,213,medium,0400090088F93F732411015B050A00D5004A,0.5695,1
9,11,-62,15.0,2,4166,99,1,1,0,6,207,212.9,30,5995,light,09000B00C23C02A6631106CF001E006B17C3,0.7608,1
7,2,-128,-9.46,82,3793,73,3,0,0,2,635,508.3,17,3323,dense,0700020080DA52814903027B021100FB0C6D,0.01,0
4,13,-57,15.0,0,3058,2,3,0,0,7,130,122.6,25,5532,light,04000D00C73C0037020307820019009C15B7,0.1331,1
12,5,-128,-9.31,74,3602,15,2,0,0,3,3734,3010.7,126,596,medium,0C00050080DB4A6E0F0203960E7E005402A4,0.01,0
3,4,-109,6.63,50,3722,58,4,1,0,7,931,941.8,72,4314,medium,03000400931B327A3A1407A3034800DA10C3,0.4383,0
4,9,-128,-7.76,84,4130,97,2,1,0,6,4545,4550.7,261,6077,medium,0400090080E154A3611206C1110501BD1793,0.01,0
10,2,-92,15.0,26,3759,64,3,0,0,7,165,323.0,1501,616,medium,0A000200A43C1A7D400307A500DD05680219,0.5615,0
4,10,-128,-12.72,84,3852,82,1,1,0,10,1964,1934.5,15,2164,dense,04000A0080CD548752110AAC070F0074086E,0.01,0
10,15,-93,15.0,19,3591,19,1,1,0,2,227,239.2,2,2634,medium,0A000F00A33C136D131102E30002004A0A19,0.7848,1
6,11,-120,-3.41,66,3647,29,1,1,0,7,714,701.1,98,1603,medium,06000B0088F242721D1107CA0262004306E4,0.4442,0
2,11,-68,15.0,0,3851,82,3,0,0,10,173,181.2,27,3553,light,02000B00BC3C008752030AAD001B00E10D3F,0.599,1
5,7,-77,15.0,2,4006,88,2,1,0,2,469,479.2,4,722,light,05000700B33C0296581202D5010400D202BC,0.8291,1
6,11,-99,15.0,40,3698,52,1,1,0,1,245,224.3,78,3031,medium,06000B009D3C2877341101F5004E00D70B1C,0.6972,0
5,12,-128,-12.42,80,3698,49,2,1,0,3,2448,2447.2,24,3544,dense,05000C0080CE507731120390091800D80D4D,0.01,0
9,12,-128,-7.49,88,3665,39,1,0,0,10,9496,3686.6,22,5754,medium,09000C0080E2587427010A182516007A1604,0.01,0
2,15,-89,15.0,15,3803,72,1,0,0,1,717,752.9,4,2378,light,02000F00A73C0F82480101CD0204004A0944,0.8348,1
16,4,-108,8.71,44,3772,60,2,1,0,2,727,727.2,154,6296,medium,1000040094232C7F3C1202D7029A00981886,0.6176,0
14,11,-71,15.0,5,3683,29,4,1,0,7,284,281.4,233,3562,light,0E000B00B93C05761D14071C01E900EA0DCA,0.6074,0
9,2,-96,15.0,32,3780,73,2,0,0,10,271,275.9,25,6446,medium,09000200A03C208049020A0F0119002E1965,0.5124,1
5,6,-128,-10.59,73,3981,88,2,1,0,5,1580,1563.0,14,3420,dense,0500060080D649945812052C060E005C0DFF,0.01,0
14,7,-128,-7.88,79,4122,97,1,1,0,4,2144,2153.1,15,1244,medium,0E00070080E04FA261110460080F00DC04B5,0.01,0
4,10,-101,14.49,38,3810,72,1,1,0,8,567,577.7,14,2371,medium,04000A009B3A268348110837020E004309C2,0.5543,0
6,8,-101,14.31,43,3612,29,1,0,0,8,2803,2929.6,273,2723,light,060008009B392B6F1D0108F30A1101A30A49,0.5328,1
7,8,-128,-11.1,91,3776,69,4,1,0,8,676,665.1,162,2243,dense,0700080080D45B7F451408A402A200C3087A,0.01,0
15,5,-64,15.0,2,3763,69,1,1,0,12,210,193.1,5,1574,light,0F000500C03C027E45110CD20005002606E6,0.6167,0
2,1,-85,15.0,16,3871,82,1,0,0,5,1716,1230.2,20,6642,light,02000100AB3C1089520105B4061400F21908,0.7209,1
7,4,-114,1.19,65,3717,49,2,1,0,9,849,872.3,26,2528,medium,070004008E05417931120951031A00E009CB,0.4006,0
3,8,-118,-3.62,99,3789,69,1,0,0,42,1025,816.1,2,6269,medium,030008008AF2638045012A010402007D1835,0.0938,0
10,3,-61,15.0,0,3784,66,1,1,0,9,119,106.3,8,3550,light,0A000300C33C008042110977000800DE0D4C,0.6933,0
7,10,-128,-13.06,86,4006,90,1,1,0,4,1408,1409.5,15,3714,dense,07000A0080CC56965A110480050F00820E6E,0.01,0
5,9,-120,-3.65,63,3037,2,1,0,0,4,2698,3969.6,30,4932,medium,0500090088F13F350201048A0A1E004413BD,0.1013,0
8,7,-128,-10.6,83,3781,75,1,1,0,5,1700,1703.4,230,5318,dense,0800070080D653804B1105A406E600C61468,0.01,0
3,2,-73,15.0,0,3681,43,2,1,0,10,548,559.5,21,674,light,03000200B73C00762B120A24021500A202EE,0.6342,1
12,10,-128,-13.78,77,3621,27,1,0,0,7,809,2208.0,22,3446,dense,0C000A0080C94D701B010729031600760DD2,0.01,0
4,9,-121,-3.33,63,3762,57,3,1,0,3,210,196.5,22,3111,dense,0400090087F33F7E391303D2001600270C7A,0.4712,0
14,12,-86,15.0,10,3711,51,4,1,0,6,715,715.2,13,2795,light,0E000C00AA3C0A79331406CB020D00EB0ABC,0.6096,1
6,8,-62,15.0,17,3689,46,3,1,1,46,167,166.7,2,6039,light,06000800C23C11762E332EA70002009717E8,0.1882,0
9,7,-126,-8.93,71,3973,86,1,0,0,7,1032,2040.4,295,2214,medium,0900070082DC479356010708042701A6086A,0.0367,0
5,7,-128,-12.31,82,3634,27,3,1,0,5,3339,3326.5,18,126,dense,0500070080CF52711B13050B0D12007E00C3,0.01,0
9,7,-97,15.0,35,4088,95,1,1,0,5,1084,1077.7,5,1775,light,090007009F3C239E5F11053C040500EF0629,0.63,0
4,16,-128,-12.4,67,3715,48,1,1,0,0,2221,2211.6,126,6636,medium,0400100080CE4379301100AD087E00EC196C,0.01,0
12,4,-91,15.0,31,3750,59,2,1,0,12,1307,1306.4,8,6694,light,0C000400A53C1F7D3B120C1B050800261A96,0.4814,0
9,10,-93,15.0,22,3710,46,1,1,0,5,1442,1433.1,91,1476,light,09000A00A33C16792E1105A2055B00C40557,0.6922,1
13,15,-92,15.0,22,3719,55,1,0,0,0,223,188.4,158,7069,medium,0D000F00A43C1679370100DF009E009D1BB6,0.8246,1
16,9,-86,15.0,33,3742,64,3,0,0,21,72,177.5,123,1101,medium,10000900AA3C217C40031548007B004D0423,0.3269,0
4,5,-108,6.46,44,3674,34,1,1,0,1,126,110.9,6,29,dense,04000500941A2C752211017E0006001D00E1,0.6752,1
6,10,-128,-11.96,81,4114,96,3,1,1,1,2332,2330.8,21,5737,medium,06000A0080D051A16033011C0915006916FC,0.01,0
1,6,-127,-9.75,87,3752,58,2,0,0,11,4375,3292.0,245,3381,medium,0100060081D9577D3A020B1711F500350D1B,0.01,0
9,1,-128,-11.01,69,4098,94,1,1,0,2,234,234.4,12,4635,dense,0900010080D4459F5E1102EA000C001B122B,0.01,0
8,15,-117,-1.29,74,3765,61,3,0,0,11,594,1090.4,18,2735,medium,08000F008BFB4A7E3D030B52021200AF0A6B,0.3212,0
10,5,-128,-10.98,67,3638,30,3,1,0,1,3956,3948.8,2,1381,medium,0A00050080D443711E1301740F0200650502,0.01,0
16,5,-128,-11.31,100,4140,97,5,1,0,46,2423,2437.5,12,3831,dense,1000050080D364A461152E77090C00F70E3E,0.01,0
15,16,-128,-6.98,81,4154,99,4,1,0,8,3485,3471.5,10,3429,medium,0F00100080E451A56314089D0D0A00650D58,0.01,0
8,11,-92,15.0,42,3834,80,2,1,0,9,1781,1786.0,26,425,light,08000B00A43C2A85501209F5061A00A901F2,0.4913,1
4,1,-128,-11.36,90,3568,15,1,1,0,10,1099,1093.7,29,4294,dense,0400010080D35A6A0F110A4B041D00C6104E,0.01,0
10,11,-107,4.97,44,3939,86,1,1,0,3,142,139.0,88,819,dense,0A000B0095142C8F5611038E005800330356,0.6295,1
11,15,-128,-14.56,78,3581,18,2,1,0,1,234,229.9,27,1871,dense,0B000F0080C64E6C121201EA001B004F0705,0.01,0
13,3,-82,15.0,6,3801,74,1,1,0,8,192,171.9,4,577,medium,0D000300AE3C06824A1108C00004004102E8,0.6921,1
4,3,-67,15.0,0,4125,96,1,1,0,0,143,146.3,29,2394,light,04000300BD3C00A26011008F001D005A0931,0.95,1
1,11,-120,-2.29,70,4106,95,1,1,0,1,170,184.6,9,6831,dense,01000B0088F746A05F1101AA000900AF1A8D,0.5303,1
4,6,-104,11.4,41,3836,78,1,1,0,5,718,724.3,28,5830,medium,04000600982E29854E1105CE021C00C61693,0.6013,0
14,3,-128,-14.73,78,3663,39,2,1,0,6,507,518.7,258,3627,dense,0E00030080C54E74271206FB0102012B0E86,0.01,0
1,10,-98,15.0,28,3602,18,1,1,0,0,1738,1745.8,3023,6749,light,01000A009E3C1C6E121100CA06CF0B5D1ADC,0.7904,1
14,12,-128,-14.09,78,4134,97,1,1,0,6,502,515.4,3,4094,dense,0E000C0080C84EA3611106F6010300FE0FC5,0.01,0
8,3,-128,-14.49,75,3638,32,2,1,0,4,187,195.4,19,6038,dense,0800030080C64B71201204BB0013009617DF,0.01,0
7,16,-105,9.19,52,3050,2,1,1,0,8,655,656.0,10,2467,medium,07001000972534370211088F020A00A30953,0.0988,0
1,11,-128,-9.79,97,3329,8,1,0,0,33,2475,2613.3,1903,6872,dense,01000B0080D96152080121AB096F07D81A5D,0.01,0
12,2,-90,15.0,47,3766,61,1,1,0,23,1626,1645.6,2668,1042,light,0C000200A63C2F7E3D11175A066C0A1204C3,0.305,1
10,6,-128,-12.45,77,3245,6,2,1,0,9,1281,1292.8,41,4760,dense,0A00060080CE4D4A06120901052900981255,0.01,0
2,1,-94,15.0,33,3682,37,4,1,0,7,109,97.8,252,4995,dense,02000100A23C21762514076D00FC0083135B,0.5022,1
5,15,-128,-10.19,92,4072,92,2,1,0,11,1926,1922.7,280,6667,dense,05000F0080D75C9D5C120B860718010B1A06,0.01,0
11,10,-128,-13.26,72,3801,76,1,1,0,3,467,473.1,3469,3303,dense,0B000A0080CB48824C1103D3018D0DE70C67,0.01,0
15,10,-93,15.0,63,3789,78,5,1,0,38,957,965.5,15,3046,light,0F000A00A33C3F804E1526BD030F00E60BF4,0.1234,0
9,10,-126,-4.7,76,3577,18,2,1,0,8,2063,2077.2,2110,6348,medium,09000A0082ED4C6B1212080F083E08CC18ED,0.168,0
3,9,-128,-11.64,91,3620,23,3,1,0,18,394,396.5,219,3710,dense,0300090080D15B701713128A01DB007E0E1F,0.01,0
5,3,-87,15.0,13,3757,59,4,1,0,6,1191,1207.3,3493,1373,light,05000300A93C0D7D3B1406A704A50D5D05C0,0.5979,0
3,4,-70,15.0,4,3883,84,2,1,0,11,409,409.2,295,3326,light,03000400BA3C048A54120B99012701FE0C3B,0.5977,1
15,9,-72,15.0,0,3716,52,1,1,0,4,467,466.6,16,3861,light,0F000900B83C0079341104D3011000150FF2,0.8259,1
2,11,-57,15.0,6,3754,60,1,1,0,4,93,93.2,30,2372,light,02000B00C73C067D3C11045D001E00440926,0.7962,1
9,4,-101,12.66,42,3693,46,1,1,0,10,228,230.3,22,503,medium,090004009B332A772E110AE4001600F70193,0.5008,0
9,16,-117,-1.83,64,3246,6,1,0,1,12,845,994.3,17,5003,medium,090010008BF9404A06210C4D0311008B13A5,0.2759,0
1,12,-128,-12.72,85,3718,54,1,1,0,9,3182,3169.6,12,95,dense,01000C0080CD55793611096E0C0C005F006B,0.01,0
11,15,-80,15.0,43,3981,88,1,0,0,26,609,358.7,28,2026,light,0B000F00B03C2B9458011A61021C00EA07D3,0.2837,0
2,9,-128,-12.98,87,3287,8,3,0,0,11,1328,2084.1,150,1839,dense,0200090080CC574E08030B300596002F077C,0.01,0
6,4,-81,15.0,10,3651,36,4,1,0,6,150,133.3,235,3201,medium,06000400AF3C0A732414069600EB00810C5A,0.6096,1
4,15,-128,-7.52,84,3681,36,1,0,0,6,809,514.0,6,1177,dense,04000F0080E254762401062903060099041C,0.01,0
9,4,-102,12.92,32,3753,57,4,0,0,0,427,462.2,128,38,medium,090004009A34207D390400AB018000260014,0.6464,1
1,13,-117,1.59,62,3583,17,3,1,0,5,485,487.0,205,4369,medium,01000D008B063E6C111305E501CD001111B9,0.4481,0
12,11,-128,-14.05,78,3675,44,1,1,0,5,2847,2855.3,5,78,medium,0C000B0080C84E752C11051F0B05004E00DF,0.01,0
6,13,-105,11.52,30,3517,13,1,1,0,6,855,869.1,21,6510,medium,06000D00972E1E650D1106570315006E19AD,0.6314,1
6,5,-117,0.3,71,3796,66,3,1,0,9,835,844.3,25,1518,medium,060005008B01478142130943031900EE05B7,0.356,0
7,15,-99,15.0,30,3772,67,4,1,0,4,342,347.0,10,6889,medium,07000F009D3C1E7F43140456010A00E91A87,0.5703,0
7,3,-93,15.0,24,3644,32,5,1,0,1,1304,1318.5,18,3761,light,07000300A33C187220150118051200B10E1C,0.6199,1
14,10,-71,15.0,0,3762,62,1,1,0,1,95,88.1,55,2258,medium,0E000A00B93C007E3E11015F003700D2086C,0.9173,1
1,13,-114,3.49,58,4076,94,1,1,0,9,1498,1500.6,7,5112,medium,01000D008E0E3A9D5E1109DA050700F8138C,0.452,1
1,6,-94,15.0,28,3749,61,2,0,0,6,883,1356.2,183,3434,light,01000600A23C1C7C3D02067303B7006A0DA5,0.607,0
9,4,-90,15.0,43,3738,60,2,1,0,30,243,249.3,9,6644,medium,09000400A63C2B7B3C121EF3000900F41980,0.2337,0
12,14,-98,15.0,41,3622,23,3,1,1,11,189,191.6,144,2255,medium,0C000E009E3C297017330BBD009000CF08FF,0.4361,0
10,12,-90,15.0,13,3607,25,1,1,0,6,322,339.4,8,1093,medium,0A000C00A63C0D6E19110642010800450451,0.71,1
1,4,-128,-9.07,95,3607,23,1,1,0,28,1583,1606.4,6,3369,dense,0100040080DC5F6E17111C2F060600290DE9,0.01,0
2,8,-76,15.0,63,3804,71,1,1,0,47,251,254.9,23,252,light,02000800B43C3F8247112FFB001700FC0041,0.1457,0
1,11,-121,-4.19,62,3783,68,1,1,0,0,764,769.3,86,2772,medium,01000B0087EF3E80441100FC025600D40A48,0.5814,1
15,8,-85,15.0,21,3941,86,2,1,0,12,619,608.8,155,5288,light,0F000800AB3C159056120C6B029B00A81419,0.5168,0
8,4,-115,1.37,62,3425,11,2,1,0,4,1444,1424.9,24,2658,medium,080004008D053E5C0B1204A4051800620A13,0.4913,0
3,12,-128,-12.69,72,4042,92,1,1,0,4,3781,3777.7,239,5654,medium,03000C0080CD489A5C1104C50EEF001616D3,0.01,0
6,8,-111,7.04,62,3759,59,2,1,0,11,1112,1100.4,17,1859,medium,06000800911C3E7D3B120B58041100430771,0.3846,0
16,1,-126,-10.38,64,3815,70,1,1,0,1,1901,1902.5,21,1812,medium,1000010082D640834611016D07150014076E,0.0103,0
3,6,-110,7.29,53,3681,41,2,0,1,5,1144,808.5,3,5214,medium,03000600921D3576292205780403005E1432,0.5153,1
4,11,-76,15.0,2,3629,29,1,1,0,6,498,529.1,289,291,light,04000B00B43C02701D1106F2012101230167,0.7608,1
2,12,-113,3.71,54,3781,71,2,1,0,6,504,500.9,23,3052,medium,02000C008F0F3680471206F8011700EC0B49,0.4932,1
16,7,-90,15.0,24,4142,97,3,1,0,7,314,308.8,2,708,medium,10000700A63C18A46113073A010200C4026A,0.5695,1
5,8,-118,-3.38,70,3811,75,2,1,0,9,1505,1522.0,5,3661,medium,050008008AF246834B1209E10505004D0E0C,0.3769,0
15,10,-128,-11.14,81,3704,43,1,1,0,6,3283,3268.7,3,2939,medium,0F000A0080D351782B1106D30C03007B0BCD,0.01,0
8,14,-56,15.0,0,3896,84,2,0,0,3,137,96.0,24,2050,light,08000E00C83C008B54020389001800020803,0.8103,1
5,9,-86,15.0,10,3572,15,1,0,0,2,600,733.1,68,4689,light,05000900AA3C0A6B0F0102580244005112F5,0.8326,1
15,11,-107,10.79,57,3797,74,1,1,0,9,497,504.6,1057,3347,medium,0F000B00952B39814A1109F1012104130D8C,0.4562,1
6,12,-128,-11.23,68,3798,72,2,1,0,0,2954,2969.4,25,5835,medium,06000C0080D344814812008A0B1900CB16EF,0.01,0
8,9,-63,15.0,2,3783,73,1,1,0,0,187,182.6,16,1091,light,08000900C13C0280491100BB001000430471,0.9386,1
6,10,-90,15.0,26,4065,92,2,1,0,2,957,972.7,139,7008,light,06000A00A63C1A9C5C1202BD038B00601BBD,0.7082,1
11,5,-113,2.45,59,3758,66,2,1,0,6,823,819.3,23,3236,medium,0B0005008F0A3B7D42120637031700A40CCB,0.4713,0
11,15,-115,3.15,55,3409,10,1,1,1,5,738,728.0,3250,873,medium,0B000F008D0D375A0A3105E202B20C690379,0.5343,1
16,1,-128,-11.96,79,3737,56,4,0,0,12,981,1417.1,8,5725,medium,1000010080D04F7B38040CD50308005D16F4,0.01,0
3,7,-93,15.0,28,3966,88,5,1,0,3,227,223.7,182,4311,medium,03000700A33C1C92581503E300B600D71011,0.5618,0
2,10,-128,-10.5,96,3789,63,5,1,0,26,4073,4058.7,962,3475,dense,02000A0080D660803F151AE90FC203930D16,0.01,0
9,6,-88,15.0,5,3370,10,2,0,0,2,193,153.3,13,3748,medium,09000600A83C05570A0202C1000D00A40E9A,0.7367,0
1,15,-103,11.51,38,3626,25,3,1,0,5,686,664.7,191,2356,medium,01000F00992E2670191305AE02BF0034091C,0.5509,1
1,4,-93,15.0,29,3739,60,3,1,1,9,3769,3770.8,10,4899,light,01000400A33C1D7B3C3309B90E0A0023133F,0.5124,0
10,5,-109,6.92,42,3070,3,3,0,0,3,495,498.9,22,2026,medium,0A000500931C2A39030303EF011600EA079B,0.1145,0
13,6,-109,6.83,61,3788,79,3,1,0,12,373,379.0,15,4652,medium,0D000600931B3D804F130C75010F002C12EB,0.3541,0
10,14,-112,5.58,68,3815,75,4,1,0,11,715,713.1,92,1646,medium,0A000E00901644834B140BCB025C006E0691,0.3223,0
3,9,-121,-5.81,70,3760,60,1,1,0,8,1942,1952.4,4,131,medium,0300090087E9467E3C110896070400830003,0.3603,1
4,1,-73,15.0,3,3931,85,1,1,0,1,185,191.8,1,2234,light,04000100B73C038F551101B9000100BA081E,0.9008,1
10,1,-128,-10.79,71,3759,55,2,0,0,1,2668,3623.9,267,4878,medium,0A00010080D5477D3702016C0A0B010E1377,0.01,0
11,1,-110,8.06,51,3875,83,2,1,0,2,403,400.9,235,2333,medium,0B000100922033895312029301EB001D09CD,0.5824,0
16,5,-86,15.0,46,4176,99,2,1,0,23,166,182.1,11,6583,medium,10000500AA3C2EA7631217A6000B00B719B2,0.2913,1
7,13,-93,15.0,26,3798,79,1,0,0,8,3732,2493.4,2210,2027,light,07000D00A33C1A814F0108940EA208EB07D5,0.606,1
10,4,-78,15.0,0,3784,72,2,1,0,2,152,147.0,590,6970,medium,0A000400B23C008048120298004E023A1B57,0.8392,1
10,15,-128,-9.39,79,3785,68,2,0,0,3,279,219.7,16,4322,dense,0A000F0080DA4F8044020317011000E210CC,0.01,0
16,8,-112,5.0,51,4156,99,1,1,0,6,127,121.8,1,3304,dense,10000800901433A56311067F000100E80CD4,0.5344,0
10,14,-113,1.88,65,4055,93,1,1,0,5,954,958.8,11,4158,medium,0A000E008F08419B5D1105BA030B003E106E,0.4864,1
16,12,-87,15.0,6,3637,21,2,1,0,0,408,392.9,18,6366,light,10000C00A93C067115120098011200DE1882,0.8676,1
3,12,-113,5.47,58,3751,61,3,0,0,9,944,842.6,1231,7131,medium,03000C008F163A7D3D0309B003CF04DB1BFB,0.4044,0
14,3,-108,8.0,47,3294,8,1,1,0,1,1101,1102.2,1,285,medium,0E00030094202F4F0811014D0401001D013F,0.521,0
1,12,-118,-6.47,61,3588,15,2,1,0,0,170,173.1,14,5382,dense,01000C008AE63D6C0F1200AA000E0006159F,0.4316,1
5,8,-128,-7.3,96,3688,33,1,0,0,10,2962,2197.4,2,1380,medium,0500080080E3607621010A920B02006405EC,0.01,0
8,13,-87,15.0,36,3829,80,1,1,0,12,471,469.5,15,4813,light,08000D00A93C248450110CD7010F00CD12CF,0.4894,1
4,2,-121,-3.65,74,3731,56,1,1,0,7,1032,1041.0,21,5694,medium,0400020087F14A7B381107080415003E16E6,0.4075,1
2,3,-72,15.0,0,3765,63,2,1,0,6,89,93.2,9,5394,medium,02000300B83C007E3F1206590009001215CC,0.7295,1
3,1,-125,-7.13,79,3607,22,1,1,0,10,316,327.4,25,2543,dense,0300010083E34F6E16110A3C011900EF096E,0.111,0
14,6,-128,-10.58,100,3543,13,3,1,0,12,3856,3833.6,132,3640,medium,0E00060080D664680D130C100F8400380E69,0.01,0
11,4,-128,-10.98,80,4180,99,1,0,0,9,3727,1559.5,22,4037,dense,0B00040080D450A86301098F0E1600C50F5C,0.01,0
6,11,-59,15.0,2,3250,7,2,1,0,0,93,104.8,26,771,light,06000B00C53C024B0712005D001A00030357,0.6447,1
6,2,-128,-10.81,68,3832,79,2,1,0,1,367,385.4,10,2627,dense,0600020080D544854F12016F010A00430AD4,0.01,0
8,4,-99,15.0,30,3776,71,3,0,0,2,6132,3427.9,9,5000,light,080004009D3C1E7F470302F41709008813CE,0.6499,1
15,9,-128,-11.44,74,3772,69,3,1,0,9,3809,3818.5,169,6101,medium,0F00090080D24A7F451309E10EA900D517AB,0.01,0
13,11,-105,10.51,39,4158,99,1,1,0,1,4208,4183.9,2,520,light,0D000B00972A27A563110170100200080253,0.7027,0
10,12,-122,-3.75,65,3836,81,1,1,0,10,1471,1469.1,20,2273,medium,0A000C0086F1418551110ABF051400E10890,0.4019,0
16,9,-99,15.0,25,3754,59,1,1,0,0,3833,3825.8,7,6554,light,100009009D3C197D3B1100F90E07009A1913,0.8075,1
6,8,-128,-10.02,76,3997,89,1,1,0,1,2415,2424.4,19,2358,medium,0600080080D84C955911016F09130036093B,0.01,0
11,1,-118,2.61,57,3470,12,1,1,0,2,581,592.3,26,1712,medium,0B0001008A0A39610C110245021A00B0063B,0.5828,1
1,3,-93,15.0,50,3078,2,1,0,0,25,731,794.6,20,2910,light,01000300A33C3239020119DB0214005E0B3A,0.0554,0
5,3,-72,15.0,42,3605,17,1,0,0,49,258,361.9,1,6573,light,05000300B83C2A6E11013102010100AD1943,0.1752,0
8,6,-78,15.0,40,3585,20,2,1,0,37,240,244.3,21,4860,light,08000600B23C286C141225F0001500FC1231,0.1873,1
10,5,-74,15.0,7,3849,82,2,1,0,4,247,241.5,20,4477,light,0A000500B63C0786521204F70014007D1181,0.7496,1
8,11,-96,15.0,31,3815,80,1,1,0,10,1997,1989.8,1,5088,light,08000B00A03C1F8350110ACD070100E01308,0.5449,0
14,4,-115,1.26,56,3723,53,4,1,0,6,3052,3034.9,21,2498,medium,0E0004008D05387A351406EC0B1500C2092E,0.4306,0
12,11,-128,-11.98,76,4144,96,2,1,0,6,2518,2520.1,184,1633,dense,0C000B0080D04CA4601206D609B8006106B6,0.01,0
12,2,-90,15.0,29,4087,95,4,1,0,6,1513,1500.6,219,207,light,0C000200A63C1D9E5F1406E905DB00CF001A,0.5356,0
1,7,-108,9.75,67,3775,63,3,1,0,9,731,708.0,1835,1697,medium,010007009427437F3F1309DB022B07A10623,0.371,0
12,7,-71,15.0,0,3892,83,1,0,0,7,81,167.0,14,7086,light,0C000700B93C008B53010751000E00AE1B3E,0.7436,1
5,12,-116,1.13,66,3638,24,2,1,0,6,739,727.4,40,2045,medium,05000C008C054271181206E3022800FD0707,0.4406,1
11,8,-128,-8.85,78,3681,37,3,0,0,8,667,312.1,213,3724,dense,0B00080080DD4E762503089B02D5008C0E8A,0.01,0
13,1,-128,-10.18,93,3824,76,2,0,0,39,2871,1375.6,255,1995,dense,0D00010080D75D844C0227370BFF00CB0777,0.01,0
12,15,-128,-10.02,80,3801,76,2,1,0,0,3052,3055.2,6,4932,dense,0C000F0080D850824C1200EC0B06004413EA,0.01,0
14,13,-101,15.0,39,3640,34,1,0,0,9,2616,3430.7,16,7070,light,0E000D009B3C2772220109380A10009E1BA2,0.5311,0
15,9,-106,9.99,57,3782,66,2,1,0,10,496,486.5,299,5666,medium,0F0009009628398042120AF0012B0122169F,0.4173,1
12,5,-125,-12.27,74,3776,76,1,0,0,7,4264,3477.6,26,6489,medium,0C00050083CF4A7F4C0107A8101A00591955,0.01,0
11,16,-101,15.0,28,3852,81,1,1,0,0,482,476.0,20,4441,medium,0B0010009B3C1C87511100E201140059110F,0.7904,0
4,15,-100,15.0,43,3726,57,2,0,0,6,220,411.4,12,1898,medium,04000F009C3C2B7A390206DC000C006A07CB,0.5413,0
14,8,-83,15.0,10,3643,31,1,1,0,6,1010,1029.3,24,5478,light,0E000800AD3C0A721F1106F2031800661588,0.7239,1
15,11,-106,10.61,49,3714,48,1,1,0,5,486,484.8,2982,4622,medium,0F000B00962A3179301105E601A60B0E1228,0.563,0
9,12,-79,15.0,3,4166,99,1,0,0,8,48,141.1,59,3520,medium,09000C00B13C03A663010830003B00C00DE8,0.7051,1
16,13,-108,9.59,53,3680,45,1,1,0,6,662,659.8,24,3884,medium,10000D00942635762D1106960218002C0F1F,0.5252,0
10,15,-123,-7.76,69,3844,82,2,1,0,4,791,803.6,16,240,medium,0A000F0085E1458652120417031000F00095,0.1967,0
2,14,-126,-9.7,86,3622,23,1,0,0,17,4003,2271.1,116,3886,medium,02000E0082D95670170111A30F74002E0F1F,0.01,0
9,15,-119,-0.38,64,3588,17,3,1,0,2,1354,1365.1,2,80,medium,09000F0089FE406C1113024A0502005000B3,0.488,1
5,8,-128,-10.87,77,3717,53,1,1,0,12,3669,3662.3,276,4974,medium,0500080080D54D7935110C550E14016E13F6,0.01,0
10,3,-128,-10.8,77,4054,93,1,1,0,6,1620,1633.8,2,3926,dense,0A00030080D54D9B5D110654060200560F36,0.01,0
5,12,-92,15.0,27,3623,24,4,0,0,5,318,233.3,272,5582,medium,05000C00A43C1B701804053E011001CE1598,0.5628,1
7,3,-128,-12.41,73,3824,77,3,1,0,7,539,519.0,206,3940,dense,0700030080CE49844D13071B02CE00640F86,0.01,0
14,16,-88,15.0,32,3616,30,2,1,0,10,3098,3106.0,23,3497,light,0E001000A83C206F1E120A1A0C1700A90D12,0.5124,0
8,7,-91,15.0,34,3765,71,5,1,0,10,2034,2025.7,28,963,light,08000700A53C227E47150AF2071C00C3033F,0.4207,1
1,16,-88,15.0,46,3738,55,1,1,0,21,187,166.3,7,747,medium,01001000A83C2E7B371115BB000700EB023E,0.3298,1
14,12,-82,15.0,3,3812,78,2,1,0,0,1154,1156.7,1,4999,light,0E000C00AE3C03834E12008204010087137D,0.8838,1
12,15,-128,-12.54,73,3626,27,3,1,0,3,1392,1391.0,20,5804,dense,0C000F0080CE49701B130370051400AC16A1,0.01,0
11,12,-128,-10.28,90,3596,17,2,1,0,8,944,948.3,296,5286,dense,0B000C0080D75A6D111208B0032801A6143A,0.01,0
14,4,-118,-0.78,92,3939,86,5,1,0,36,1708,1707.2,18,5183,medium,0E0004008AFD5C8F561524AC0612003F1435,0.0952,0
3,1,-101,14.22,40,3964,88,1,1,0,4,578,586.6,20,7077,medium,030001009B39289258110442021400A51BD8,0.6277,1
6,3,-120,-4.7,81,3128,3,1,1,0,11,904,904.1,279,4315,medium,0600030088ED513E03110B88031701DB1020,0.0635,0
5,10,-101,15.0,33,4126,96,1,1,0,7,315,321.2,66,1003,medium,05000A009B3C21A26011073B014200EB039E,0.5963,1
14,10,-128,-12.78,79,3752,64,2,1,0,10,3900,3894.8,12,3155,medium,0E000A0080CD4F7D40120A3C0F0C00530C04,0.01,0
5,10,-114,3.02,89,3695,41,2,0,0,31,1570,744.1,215,1835,medium,05000A008E0C597729021F2206D7002B0774,0.1417,0
1,7,-108,6.95,46,3632,22,1,0,0,1,1572,545.8,24,157,medium,01000700941C2E71160101240618009D001D,0.6641,1
7,1,-101,15.0,44,4068,93,2,1,0,7,3766,3763.7,17,5120,light,070001009B3C2C9C5D1207B60E1100001472,0.5185,0
16,15,-115,4.2,60,3760,65,4,1,0,11,1258,1247.5,29,5902,medium,10000F008D113C7E41140BEA041D000E179E,0.3484,0
12,13,-128,-10.3,78,3547,14,2,1,0,11,745,738.6,28,4672,dense,0C000D0080D74E680E120BE9021C004012F2,0.01,0
16,13,-100,15.0,78,3937,85,1,1,0,39,2277,2285.0,289,6401,light,10000D009C3C4E8F551127E5082101011965,0.1291,0
10,11,-109,6.26,46,3629,22,1,0,0,4,901,1039.8,2199,7178,medium,0A000B0093192E70160104850397080A1C60,0.5979,1
12,7,-124,-9.85,79,3818,77,2,0,0,4,428,260.1,179,432,dense,0C00070084D94F834D0204AC01B300B00118,0.0281,0
6,5,-125,-6.0,80,3052,2,2,1,1,11,1697,1671.3,131,3060,medium,0600050083E8503702320BA1068300F40B5B,0.0321,0
13,16,-101,15.0,28,3913,85,3,1,0,1,3493,3475.0,3,4462,light,0D0010009B3C1C8D551301A50D03006E1100,0.6829,0
6,16,-111,3.4,39,3063,3,1,1,0,1,721,737.6,19,1777,medium,06001000910E2738031101D1021300F106EB,0.1405,0
15,14,-128,-11.66,82,3793,68,1,1,0,2,1798,1803.8,32,3437,dense,0F000E0080D15281441102060720006D0DE4,0.01,0
13,5,-108,8.82,43,4098,96,1,0,0,3,764,610.6,12,2026,medium,0D00050094232B9F600103FC020C00EA07B9,0.6346,1
11,2,-86,15.0,11,4165,98,1,0,0,3,69,123.4,29,1153,medium,0B000200AA3C0BA662010345001D00810410,0.7989,1
9,7,-104,13.3,62,3802,69,1,1,0,10,392,386.7,9,2272,medium,0900070098353E8245110A88010900E00829,0.4204,0
1,10,-128,-10.14,78,3287,7,3,1,0,7,1486,1477.4,222,5630,dense,01000A0080D74E4E071307CE05DE00FE1511,0.01,0
12,4,-72,15.0,6,3643,23,1,1,0,0,354,333.1,23,4671,light,0C000400B83C0672171100620117003F1201,0.9158,1
10,14,-128,-9.64,80,3787,74,3,1,0,7,537,536.2,7,298,dense,0A000E0080D950804A1307190207002A0165,0.01,0
15,7,-104,14.46,38,3845,81,3,1,0,0,3969,3959.4,247,5898,light,0F000700983A2686511300810FF7000A17AB,0.6562,0
12,4,-95,15.0,34,3814,79,3,0,0,5,340,225.5,268,5393,medium,0C000400A13C22834F030554010C0111158D,0.568,1
13,9,-119,-0.47,62,4013,90,1,1,0,1,1581,1587.2,22,3594,medium,0D00090089FE3E975A11012D0616000A0E78,0.5758,1
1,6,-81,15.0,59,3521,13,3,1,0,46,535,535.9,14,1003,light,01000600AF3C3B660D132E17020E00EB03B7,0.1354,0
14,4,-93,15.0,22,3739,57,2,1,0,4,1983,1998.3,11,1580,light,0E000400A33C167B391204BF070B002C0628,0.6791,0
8,15,-102,14.83,42,3604,18,3,1,0,6,3019,3023.5,13,718,light,08000F009A3B2A6E121306CB0B0D00CE0290,0.5154,0
1,3,-96,15.0,30,3810,74,3,1,0,3,735,749.8,3059,6292,light,01000300A03C1E834A1303DF02F30B94185A,0.6275,1
15,16,-98,15.0,32,3680,41,2,0,0,1,91,108.6,8,5072,dense,0F0010009E3C20762902015B000800D0133D,0.7022,1
16,8,-100,15.0,49,4163,98,1,1,0,12,141,133.4,6,2097,dense,100008009C3C31A662110C8D0006003108F9,0.4407,0
16,3,-113,3.33,47,3586,15,3,1,0,2,1313,1314.6,12,4387,medium,100003008F0D2F6C0F130221050C0023117C,0.569,0
7,15,-113,3.31,53,3683,38,1,1,0,2,1259,1260.8,153,5866,medium,07000F008F0D3576261102EB049900EA16CE,0.6041,0
16,7,-119,-0.51,69,3606,17,3,0,0,10,772,762.8,207,2663,medium,1000070089FE456E11030A0403CF00670A84,0.3508,0
2,3,-104,12.5,47,3823,77,2,1,0,9,511,506.4,17,5895,medium,0200030098322F844D1209FF0111000717A6,0.4716,1
4,13,-91,15.0,19,3870,80,1,1,0,5,77,81.4,146,1016,dense,04000D00A53C13895011054D009200F803FF,0.7066,1
4,14,-92,15.0,13,3737,51,1,0,0,5,1337,1694.7,13,5569,light,04000E00A43C0D7B33010539050D00C115C6,0.7353,0
7,9,-82,15.0,5,3668,36,2,1,0,4,496,512.8,1612,2377,light,07000900AE3C0574241204F0014C06490912,0.7589,0
1,8,-115,3.07,58,3911,86,5,1,0,4,666,677.7,5,434,medium,010008008D0C3A8D5615049A020500B20169,0.4251,0
16,4,-108,5.64,49,3866,82,1,0,0,0,1068,715.0,23,553,medium,10000400941731885201002C041700290248,0.6707,1
3,14,-106,11.96,45,4144,97,1,1,0,3,848,849.6,18,1812,medium,03000E0096302DA4611103500312001407F6,0.6244,0
9,4,-85,15.0,15,3716,47,2,1,0,3,150,142.1,3,4493,medium,09000400AB3C0F792F1203960003008D1155,0.7374,1
2,13,-119,-2.99,77,3759,66,1,1,0,8,2580,2572.3,22,5383,medium,02000D0089F44D7D421108140A16000715B2,0.3836,0
7,16,-77,15.0,13,4190,99,3,1,0,10,236,231.8,24,4036,light,07001000B33C0DA963130AEC001800C40F9E,0.5523,0
5,1,-78,15.0,0,3731,59,2,1,0,2,627,653.6,19,717,light,05000100B23C007B3B120273021300CD0244,0.8392,0
5,1,-128,-17.02,78,3618,21,1,1,0,2,4132,4124.5,220,514,medium,0500010080BC4E6F1511022410DC00020285,0.01,0
14,8,-101,13.06,31,3642,34,1,1,0,2,445,435.9,14,6488,medium,0E0008009B341F72221102BD010E00581996,0.721,1
15,12,-97,15.0,21,4126,96,3,1,0,2,1983,1993.1,19,2313,light,0F000C009F3C15A2601302BF071300090943,0.6927,1
7,13,-119,-2.18,75,3801,70,3,0,0,12,1881,1409.4,2,86,medium,07000D0089F74B8246030C59070200560086,0.3063,1
8,1,-53,15.0,3,3775,56,1,1,0,8,117,129.3,140,2893,light,08000100CB3C037F38110875008C004D0B04,0.7051,1
16,11,-102,15.0,47,3732,55,1,1,0,11,3112,3117.5,30,1423,light,10000B009A3C2F7B37110B280C1E008F0574,0.4641,0
12,9,-121,-5.03,73,3791,71,4,1,0,4,656,656.9,26,163,medium,0C00090087EC498147140490021A00A300F1,0.3666,0
14,8,-128,-7.4,82,3681,37,1,1,0,2,1102,1096.5,3438,5289,dense,0E00080080E252762511024E046E0DA9144D,0.01,0
5,15,-96,15.0,29,3933,87,1,1,0,5,996,982.2,2107,6195,light,05000F00A03C1D8F571105E4033B083318D7,0.6587,1
10,4,-115,3.5,59,3769,67,2,1,0,10,1308,1295.0,14,1785,medium,0A0004008D0E3B7E43120A1C050E00F90624,0.4097,1
13,9,-88,15.0,16,3739,59,2,1,0,6,1318,1324.1,20,3728,light,0D000900A83C107B3B120626051400900E06,0.6595,1
11,7,-128,-11.9,74,3741,51,2,0,0,3,506,417.7,5,1010,dense,0B00070080D04A7C330203FA010500F20345,0.01,0
11,13,-91,15.0,33,3787,66,3,1,0,12,412,412.7,6,309,medium,0B000D00A53C218042130C9C01060035018B,0.4479,0
15,12,-125,-9.61,79,3763,57,1,0,0,7,1132,1221.1,24,3820,medium,0F000C0083DA4F7E3901076C041800EC0E63,0.0184,0
13,11,-113,5.28,56,3687,42,1,1,0,5,767,760.2,25,3695,medium,0D000B008F1538762A1105FF0219006F0E00,0.5295,1
15,16,-128,-10.59,78,3759,63,2,1,0,10,2090,2084.3,206,4568,dense,0F00100080D64E7D3F120A2A08CE00D811EE,0.01,0
4,6,-127,-11.44,82,3841,80,1,1,0,7,2000,1979.8,30,3916,medium,0400060081D25286501107D0071E004C0FBF,0.01,0
2,15,-76,15.0,0,4120,96,2,1,0,6,385,398.3,25,2392,light,02000F00B43C00A260120681011900580904,0.7295,0
4,1,-79,15.0,19,3590,22,1,0,0,9,510,309.5,5,4895,light,04000100B13C136D160109FE0105001F1366,0.6143,0
6,16,-90,15.0,12,4131,96,1,1,0,0,2026,2035.4,7,1340,light,06001000A63C0CA3601100EA0707003C05BD,0.8816,1
2,8,-102,15.0,29,3587,17,2,1,0,0,2701,2705.7,293,2058,light,020008009A3C1D6C1112008D0A25010A08D5,0.7434,1
1,12,-98,15.0,37,3543,13,2,1,0,9,1940,1941.0,27,4576,light,01000C009E3C25680D120994071B00E01114,0.511,0
6,14,-121,-4.72,81,3894,82,2,1,0,10,1862,1856.6,6,1555,medium,06000E0087ED518B52120A460706001306CA,0.3114,0
11,4,-76,15.0,3,3772,72,1,1,0,8,253,279.0,10,3374,light,0B000400B43C037F481108FD000A002E0DF6,0.7051,1
8,2,-120,-5.92,74,3710,46,3,1,0,7,864,873.7,192,2497,medium,0800020088E84A792E13076003C000C109C7,0.3146,1
11,5,-128,-10.35,100,3634,34,4,0,0,26,239,702.9,432,6288,dense,0B00050080D7647122041AEF00B00190184B,0.01,0
15,4,-87,15.0,33,3770,66,1,1,0,15,511,513.2,25,491,light,0F000400A93C217F42110FFF011900EB01D5,0.4507,1
16,4,-128,-12.53,74,3733,55,2,1,0,1,301,321.6,21,5412,dense,1000040080CE4A7B3712012D011500241593,0.01,0
11,5,-64,15.0,0,3730,62,1,0,0,11,99,133.3,2590,6519,light,0B000500C03C007B3E010B63001E0A77199D,0.6464,1
6,9,-128,-12.5,81,3840,77,2,1,0,10,629,640.0,150,485,dense,0600090080CE51864D120A75029600E501EB,0.01,0
7,11,-74,15.0,4,3057,2,2,0,0,8,691,358.2,32,4460,light,07000B00B63C0437020208B30220006C1125,0.1328,0
4,7,-97,15.0,18,3851,81,1,0,0,0,612,364.5,232,7093,medium,040007009F3C12875101006402E800B51B3B,0.8474,1
12,6,-122,-2.3,77,3380,9,2,1,0,4,2500,2500.6,6,1637,medium,0C00060086F74D58091204C4090600650646,0.386,0
8,9,-119,-1.17,57,3807,76,1,1,0,6,1458,1455.9,1494,3215,medium,0800090089FB39824C1106B205D6058F0C30,0.5062,1
6,11,-72,15.0,26,3576,18,2,1,0,33,105,102.9,4,501,medium,06000B00B83C1A6B12122169000400F501D0,0.2393,0
14,8,-112,5.23,55,3614,23,1,1,0,9,906,895.6,47,114,medium,0E0008009015376F1711098A032F007200C3,0.4645,0
7,4,-128,-10.24,77,3080,3,2,0,0,1,2660,4144.6,30,5239,medium,0700040080D74D3A030201640A1E00771417,0.01,0
9,8,-86,15.0,15,3819,80,1,1,0,10,1020,1030.2,19,2747,light,09000800AA3C0F8350110AFC031300BB0A26,0.6092,1
16,7,-113,2.04,49,3560,14,1,1,0,2,632,643.7,26,1921,medium,100007008F08316A0E110278021A00810709,0.6253,0
3,9,-128,-12.85,83,3698,46,1,1,0,9,3747,3738.9,3271,236,medium,0300090080CD53772E1109A30EC70CEC0016,0.01,0
13,4,-59,15.0,0,3594,18,3,0,0,6,133,83.6,28,3458,light,0D000400C53C006D12030685001C00820DAF,0.689,1
10,5,-128,-11.79,86,3341,9,2,0,0,9,1062,2488.7,228,4269,medium,0A00050080D156540902092604E400AD104C,0.01,0
7,4,-126,-7.02,75,3826,79,2,1,0,12,1034,1057.1,110,4560,medium,0700040082E44B844F120C0A046E00D01177,0.0767,0
13,12,-83,15.0,16,3770,69,2,1,0,11,858,860.6,144,6581,light,0D000C00AD3C107F45120B5A039000B51996,0.5536,0
7,2,-128,-11.69,74,3537,13,1,1,0,5,1690,1683.3,151,526,dense,0700020080D14A670D11059A0697000E023B,0.01,0
14,3,-74,15.0,1,3929,85,1,1,0,7,116,104.5,21,4217,medium,0E000300B63C018E551107740015007910EC,0.7391,1
1,15,-102,15.0,30,3962,87,5,1,0,1,590,577.7,1,5467,medium,01000F009A3C1E925715014E0201005B1543,0.5938,1
10,12,-128,-12.75,81,3901,84,3,0,0,12,4474,3921.9,2,406,dense,0A000C0080CD518C54030C7A1102009601F0,0.01,0
1,15,-94,15.0,65,3802,70,2,1,0,35,1535,1551.2,15,861,light,01000F00A23C4182461223FF050F005D0367,0.1613,1
10,12,-124,-7.62,78,3751,58,1,0,0,6,206,160.5,30,4556,dense,0A000C0084E24E7D3A0106CE001E00CC1172,0.1722,0
3,14,-103,14.11,47,3781,70,4,1,0,6,270,281.3,28,5881,medium,03000E0099382F804614060E011C00F916EF,0.4656,0
11,3,-125,-6.61,100,3769,69,1,0,0,39,6162,2903.0,203,5578,medium,0B00030083E6647E4501271218CB00CA15AC,0.0388,0
9,14,-88,15.0,10,3608,18,1,1,0,0,1136,1158.3,12,1306,light,09000E00A83C0A6E12110070040C001A05B2,0.893,1
13,9,-80,15.0,14,3835,79,3,1,0,1,133,133.6,13,4063,medium,0D000900B03C0E854F130185000D00DF0FA3,0.7518,1
9,5,-128,-11.45,72,3696,50,3,1,0,0,943,937.2,28,4449,dense,0900050080D24877321300AF031C006111BA,0.01,0
14,12,-90,15.0,12,3519,13,1,1,0,2,1017,1010.4,4,4989,light,0E000C00A63C0C650D1102F90304007D13F1,0.822,1
8,14,-113,4.95,41,3616,22,1,0,0,0,2640,960.4,3,2304,medium,08000E008F14296F160100500A03000009EE,0.7163,1
7,8,-104,11.87,44,3761,65,3,1,0,9,3476,3493.9,115,435,light,07000800982F2C7E411309940D7300B301E5,0.4566,0
11,15,-117,0.42,75,3774,67,3,0,1,10,544,536.4,14,1765,medium,0B000F008B024B7F43230A20020E00E50680,0.3294,0
12,15,-126,-9.41,74,3689,44,2,1,0,3,3062,3075.6,16,6602,medium,0C000F0082DA4A762C1203F60B1000CA1925,0.0196,0
3,5,-105,11.22,31,3728,53,3,1,0,0,255,251.2,16,1095,medium,03000500972D1F7A351300FF001000470487,0.6919,1
3,13,-128,-9.87,92,4017,90,1,1,0,12,3773,3767.8,4,2097,medium,03000D0080D95C975A110CBD0E04003108C5,0.01,0
14,11,-101,15.0,39,4080,95,3,1,0,11,371,372.2,219,3837,medium,0E000B009B3C279E5F130B7301DB00FD0E0F,0.443,0
1,7,-93,15.0,57,3775,67,2,0,0,28,253,253.8,10,475,medium,01000700A33C397F43021CFD000A00DB019F,0.2223,0
6,1,-99,15.0,35,3911,84,2,1,0,7,97,96.1,17,1475,dense,060001009D3C238D54120761001100C305C6,0.5565,0
12,2,-128,-10.1,69,3793,73,2,1,0,2,2868,2856.7,6,6032,medium,0C00020080D84581491202340B0600901780,0.01,0
4,14,-109,6.9,40,3778,64,2,1,0,0,994,989.9,25,3587,medium,04000E00931C287F401200E2031900030E6D,0.684,0
10,15,-92,15.0,48,4046,93,3,1,0,26,198,203.0,24,6408,medium,0A000F00A43C309A5D131AC60018000819C0,0.2436,1
11,8,-121,-5.52,67,3661,33,1,0,0,4,783,1324.0,30,952,medium,0B00080087EA43742101040F031E00B803AA,0.4436,1
12,10,-66,15.0,37,3726,47,3,1,0,44,178,182.7,1313,6514,light,0C000A00BE3C257A2F132CB200210572195C,0.1631,0
2,9,-128,-11.24,82,4119,96,1,1,1,3,1780,1760.4,1638,6372,dense,0200090080D352A1603103F4066606E4189B,0.01,0
7,12,-75,15.0,7,3817,78,1,1,0,10,352,351.7,3,1999,light,07000C00B53C07834E110A60010300CF07CC,0.6413,1
13,4,-105,15.0,49,3750,56,1,1,0,7,483,494.3,6,6336,medium,0D000400973C317D381107E3010600C0185F,0.525,1
3,11,-84,15.0,9,3828,78,1,1,0,1,690,686.5,24,6345,light,03000B00AC3C09844E1101B2021800C918B6,0.8678,1
12,16,-93,15.0,40,3725,56,3,0,0,11,514,459.9,58,714,medium,0C001000A33C287A38030B02023A00CA021F,0.4396,0
12,10,-99,15.0,56,3842,81,3,1,0,26,281,295.6,16,6915,medium,0C000A009D3C388651131A19011000031B5B,0.2272,0
13,2,-125,-9.27,77,3843,81,2,1,0,8,2095,2108.5,13,5467,medium,0D00020083DB4D865112082F080D005B15D0,0.0297,0
5,11,-108,8.05,86,3886,83,2,1,0,33,580,593.1,189,2341,medium,05000B009420568A5312214402BD002509B2,0.1372,0
3,13,-124,-4.59,78,3654,38,2,1,0,9,2722,2745.2,234,5985,medium,03000D0084EE4E73261209A20AEA0061178D,0.2854,1
3,8,-112,5.51,50,3892,83,1,1,0,1,118,107.9,8,3902,dense,030008009016328B531101760008003E0F08,0.6421,1
11,6,-102,13.23,41,3667,37,1,0,0,3,1660,915.1,1,1162,medium,0B0006009A3529742501037C0601008A044D,0.6449,1
16,7,-128,-13.38,82,3747,68,1,1,0,10,1756,1753.8,24,3969,medium,1000070080CA527C44110ADC061800810F56,0.01,0
10,11,-110,5.61,92,3738,57,4,1,0,48,564,561.0,17,6290,medium,0A000B0092165C7B3914303402110092180A,0.0884,0
8,14,-128,-13.57,70,3750,66,2,0,0,6,937,1667.0,2,6076,dense,08000E0080CA467D420206A9030200BC17BF,0.01,0
16,1,-85,15.0,13,3787,70,1,1,0,7,250,263.1,16,4881,medium,10000100AB3C0D80461107FA0010001113C7,0.6856,0
4,16,-66,15.0,4,3831,78,1,1,0,4,151,146.6,15,2459,light,04001000BE3C04854E110497000F009B09B9,0.8061,1
7,12,-123,-2.31,95,3692,44,2,1,0,50,1623,1634.2,6,4717,medium,07000C0085F75F772C1232570606006D1229,0.0951,0
2,16,-108,8.61,89,3285,7,2,1,0,39,614,578.3,6,6139,medium,020010009422594E07122766020600FB171D,0.0833,0
15,6,-128,-10.1,83,3782,72,1,0,0,3,4019,3609.6,17,6546,medium,0F00060080D85380480103B30F1100921988,0.01,0
7,10,-110,7.44,62,3881,82,2,0,0,10,1162,620.1,1108,2774,medium,07000A00921E3E8A52020A8A045404D60A9B,0.3983,0
4,7,-97,15.0,46,3998,89,1,1,0,11,2006,2003.7,6,3864,light,040007009F3C2E9559110BD6070600180F52,0.468,0
9,4,-97,15.0,36,3926,86,1,0,0,8,159,207.4,17,4998,medium,090004009F3C248E5601089F0011008613CE,0.5629,0
4,1,-128,-10.05,97,3814,79,1,1,0,49,1892,1862.3,18,5615,medium,0400010080D861834F113164071200EF1573,0.01,0
4,13,-82,15.0,2,3667,35,1,0,1,4,92,101.7,77,2327,medium,04000D00AE3C02742321045C004D0017096C,0.816,1
7,4,-128,-10.41,65,3856,81,1,1,0,0,4067,4064.6,7,1105,medium,0700040080D64187511100E30F070051047A,0.01,0
3,10,-108,11.65,37,3704,63,1,1,0,2,551,552.3,20,5875,medium,03000A00942F25783F110227021400F31621,0.6891,1
12,4,-128,-13.28,87,3859,82,1,0,0,12,2958,2965.3,2,6735,medium,0C00040080CB578752010C8E0B02004F1A18,0.01,0
15,10,-100,15.0,34,4103,96,1,1,0,0,388,407.8,7,281,medium,0F000A009C3C22A0601100840107001901C9,0.7562,1
11,6,-98,15.0,79,3934,85,3,1,0,41,280,264.1,283,3839,medium,0B0006009E3C4F8F55132918011B01FF0EA8,0.1103,0
5,4,-88,15.0,25,3908,87,2,1,1,9,857,852.0,22,1361,light,05000400A83C198C57320959031600510566,0.5583,1
1,15,-88,15.0,12,3839,77,1,1,0,0,286,294.6,116,5305,medium,01000F00A83C0C854D11001E017400B914D0,0.8816,0
6,8,-118,-1.99,73,3763,68,1,1,0,11,978,983.0,16,6551,medium,060008008AF8497E44110BD20310009719DE,0.3624,1
7,5,-67,15.0,0,4039,92,3,1,0,7,284,296.2,117,3157,light,07000500BD3C00995C13071C017500550C1D,0.6653,1
14,12,-92,15.0,42,4013,90,1,1,0,10,1363,1361.7,206,1452,light,0E000C00A43C2A975A110A5305CE00AC05B9,0.5008,1
15,12,-106,11.02,44,3799,72,3,0,0,7,4274,3656.9,26,1210,light,0F000C00962C2C81480307B2101A00BA04BF,0.4897,1
3,5,-128,-11.2,100,4186,99,1,1,0,43,1409,1406.9,30,3300,dense,0300050080D364A863112B81051E00E40C44,0.01,0
2,1,-121,-2.33,57,3497,12,3,1,0,2,2356,2346.5,28,875,medium,0200010087F739630C130234091C006B033F,0.5197,1
10,14,-128,-13.3,67,3663,35,1,1,0,4,2881,2875.8,29,4677,dense,0A000E0080CB4374231104410B1D00451299,0.01,0
5,3,-76,15.0,12,3655,31,4,1,0,10,397,388.4,3,1492,light,05000300B43C0C731F140A8D010300D40543,0.5232,1
3,7,-105,13.68,51,3775,60,1,0,0,6,2950,3401.5,11,204,light,030007009737337F3C0106860B0B00CC0060,0.5344,0
16,12,-114,1.85,65,3740,59,3,1,0,4,1130,1111.2,1,6680,medium,10000C008E07417C3B13046A040100181A37,0.4507,0
4,15,-128,-8.21,77,3913,84,2,1,0,4,1336,1335.0,12,6174,dense,04000F0080DF4D8D54120438050C001E18D4,0.01,0
11,6,-128,-10.9,87,3773,67,1,0,0,10,271,300.3,187,5017,dense,0B00060080D4577F43010A0F01BB00991339,0.01,0
7,5,-64,15.0,0,3790,71,4,1,0,5,116,114.0,12,1701,light,07000500C03C008147140574000C00A50613,0.6716,0
11,12,-78,15.0,0,3729,56,2,1,0,2,360,362.1,13,1298,light,0B000C00B23C007A38120268010D001205EC,0.8392,1
5,16,-106,10.18,43,3659,33,1,0,0,3,758,777.8,36,5887,medium,0500100096292B73210103F6022400FF16D2,0.6346,0
4,14,-66,15.0,0,3602,20,1,1,0,3,216,212.8,18,3347,light,04000E00BE3C006E141103D8001200130D7A,0.8553,1
16,4,-128,-11.4,84,4063,94,2,0,0,12,2341,3439.0,6,2086,medium,1000040080D2549C5E020C250906002608DC,0.01,0
13,1,-124,-10.12,71,3540,14,1,1,0,4,2238,2233.7,162,5427,medium,0D00010084D847680E1104BE08A2003315AC,0.0201,0
9,5,-67,15.0,0,3310,8,1,0,0,0,445,400.2,7,6349,light,09000500BD3C0051080100BD010700CD1871,0.7742,1
11,2,-105,11.94,45,3610,27,2,1,0,6,265,276.9,25,4587,medium,0B00020097302D6F1B120609011900EB110B,0.5326,1
10,1,-128,-13.04,84,3973,88,2,1,0,9,1827,1841.4,21,5264,dense,0A00010080CC54935812092307150090149D,0.01,0
11,5,-65,15.0,4,3963,87,4,1,0,5,203,237.3,1,6891,light,0B000500BF3C0492571405CB000100EB1A55,0.6554,0
4,7,-114,2.87,95,3717,55,1,0,0,41,2372,1087.2,16,5144,medium,040007008E0B5F793701294409100018146C,0.1007,0
15,10,-126,-8.89,77,3751,64,2,0,0,3,2219,3330.0,278,5455,medium,0F000A0082DC4D7D400203AB0816014F157F,0.0349,0
7,13,-69,15.0,4,3662,34,2,1,0,4,212,208.1,29,1697,light,07000D00BB3C0474221204D4001D00A106DF,0.7636,1
1,8,-107,11.18,50,3498,13,3,1,0,5,680,666.2,3,3844,medium,01000800952D32630D1305A8020300040FB1,0.4995,0
13,8,-91,15.0,10,3870,82,3,1,0,1,1591,1587.7,8,2684,light,0D000800A53C0A89521301370608007C0ACD,0.7715,0
16,9,-91,15.0,24,3968,88,2,0,0,6,2602,2709.6,23,4104,light,10000900A53C18925802062A0A17000810BF,0.6245,1
5,12,-108,8.71,43,3847,79,2,0,0,5,248,257.4,10,6140,medium,05000C0094232B864F0205F8000A00FC176C,0.5606,0
3,2,-88,15.0,49,3450,12,4,1,0,34,1252,1253.9,3011,6462,light,03000200A83C315F0C1422E404C30B3E1957,0.1718,0
15,7,-91,15.0,19,3753,55,5,0,0,8,118,209.9,4,6259,medium,0F000700A53C137D37050876000400731808,0.5022,0
14,5,-88,15.0,23,4086,94,2,1,0,3,158,171.9,153,600,medium,0E000500A83C179E5E12039E009900580264,0.6985,1
16,1,-98,15.0,25,3932,84,2,1,0,0,1429,1428.5,25,5607,light,100001009E3C198F54120095051900E715EE,0.765,1
8,16,-70,15.0,0,3602,19,3,1,0,2,241,235.8,25,426,light,08001000BA3C006E131302F1001900AA0199,0.7925,1
8,15,-105,14.27,45,3795,66,1,1,0,1,523,516.4,230,2572,medium,08000F0097392D814211010B02E6000C0AE4,0.6696,0
16,4,-128,-8.41,85,3738,52,5,1,0,10,1447,1445.0,3185,3364,dense,1000040080DE557B34150AA705710C240DB5,0.01,0
9,4,-100,15.0,31,4081,91,1,1,0,4,489,499.7,11,4013,medium,090004009C3C1F9E5B1104E9010B00AD0F02,0.6723,0
1,7,-92,15.0,30,3855,81,2,0,0,6,2828,1935.2,8,4978,light,01000700A43C1E875102060C0B0800721355,0.5982,1
3,13,-116,1.87,63,3664,38,1,1,0,3,694,715.7,11,2149,medium,03000D008C073F74261103B6020B00650881,0.532,1
3,13,-128,-11.79,76,3645,29,1,1,0,12,3289,3272.1,109,3109,dense,03000D0080D14C721D110CD90C6D00250C41,0.01,0
8,15,-114,1.75,46,3791,72,1,1,0,0,120,121.0,10,6710,dense,08000F008E072E8148110078000A00361AE0,0.6878,1
3,13,-99,15.0,18,3799,70,1,1,0,0,256,262.5,294,4334,medium,03000D009D3C128146110000012601EE10AD,0.8474,1
3,12,-73,15.0,0,4071,95,1,1,0,4,348,346.9,2993,3505,light,03000C00B73C009D5F11045C01B10BB10DA4,0.8259,1
2,1,-128,-10.99,100,3734,58,1,1,0,27,1923,1940.7,13,5293,dense,0200010080D4647B3A111B83070D00AD14D4,0.01,0
11,10,-96,15.0,32,3742,62,1,0,0,8,229,254.9,193,6689,medium,0B000A00A03C207C3E0108E500C100211A40,0.5801,1
8,1,-128,-9.25,77,3737,63,3,1,0,3,1345,1337.7,107,6577,dense,0800010080DB4D7B3F130341056B00B119E4,0.01,0
2,13,-69,15.0,12,3738,68,1,1,0,17,206,206.4,20,2411,light,02000D00BB3C0C7B441111CE0014006B096A,0.4863,1
3,9,-81,15.0,13,3737,58,4,0,0,6,774,531.9,23,2472,light,03000900AF3C0D7B3A040606031700A809F1,0.5979,1
15,2,-117,1.57,65,4017,90,1,1,0,11,1002,991.9,27,458,medium,0F0002008B0641975A110BEA031B00CA0158,0.3943,1
15,13,-78,15.0,0,3676,44,1,0,0,2,373,567.6,15,3748,light,0F000D00B23C00752C010275010F00A40E23,0.8858,1
3,15,-72,15.0,0,3707,44,3,1,0,7,189,200.0,19,4891,light,03000F00B83C00782C1307BD0013001B134F,0.6653,1
4,2,-83,15.0,42,3786,71,1,1,1,35,66,90.1,161,3169,medium,04000200AD3C2A804731234200A100610CB6,0.2087,0
10,16,-78,15.0,0,3733,57,2,0,0,0,170,366.8,3,4092,light,0A001000B23C007B390200AA000300FC0FB8,0.9,1
14,12,-125,-8.03,64,3695,40,4,1,0,2,2039,2046.9,12,7072,medium,0E000C0083E04077281402F7070C00A01BC2,0.107,0
11,9,-92,15.0,24,3578,20,1,1,0,4,282,267.4,14,7026,medium,0B000900A43C186B1411041A010E00721BBA,0.707,1
16,11,-128,-13.28,78,3974,89,3,0,0,9,6966,4138.3,27,279,medium,10000B0080CB4E93590309361B1B001701F2,0.01,0
6,12,-112,4.34,58,3815,75,1,0,0,12,216,129.6,15,1118,dense,06000C0090113A834B010CD8000F005E043A,0.407,0
11,16,-128,-11.59,79,3651,31,2,1,0,3,3165,3175.7,15,1134,dense,0B00100080D24F731F12035D0C0F006E04D9,0.01,0
16,12,-128,-11.72,74,3849,82,2,1,0,6,1469,1470.4,274,296,medium,10000C0080D14A86521206BD05120128019E,0.01,0
3,2,-98,15.0,42,3798,71,3,1,0,12,354,342.9,23,537,medium,030002009E3C2A8147130C6201170019024B,0.4178,1
5,6,-128,-11.21,85,3907,84,4,1,0,12,3303,3292.1,29,5574,dense,0500060080D3558C54140CE70C1D00C61501,0.01,0
10,5,-128,-11.0,69,3829,79,1,0,0,1,1320,1336.9,1,1532,dense,0A00050080D445844F010128050100FC05BB,0.01,0
10,9,-123,-3.34,66,3258,7,1,0,0,2,634,1569.2,16,1262,medium,0A00090085F3424B0701027A021000EE04F9,0.3903,1
