node_id,battery_voltage_mv,battery_pct,dv_dt_mv_per_hr,temperature_c,rssi_variance,missed_heartbeats,hours_to_failure,health_status
NODE_021,4088,87.1,-12.06,20.5,1.06,0,47.45,0
NODE_019,3762,51.5,-12.38,27.1,0.65,0,53.09,0
NODE_018,3958,72.5,-11.66,33.6,4.67,0,40.82,0
NODE_009,4195,97.9,-10.96,19.7,1.03,0,50.6,0
NODE_002,3607,34.1,-18.73,38.5,15.73,3,11.04,1
NODE_012,4064,85.2,-14.45,22.1,2.09,0,30.57,0
NODE_004,3969,72.7,-4.99,20.9,2.45,0,55.9,0
NODE_022,3644,36.3,-40.38,42.7,10.29,1,15.86,1
NODE_021,3508,24.6,-36.24,43.2,8.78,3,13.47,1
NODE_013,3850,60.5,-3.69,33.8,2.23,0,39.36,0
NODE_021,3864,63.2,-12.04,28.1,1.95,0,66.48,0
NODE_013,4194,99.9,-13.34,26.9,4.66,1,26.25,0
NODE_006,3580,30.7,-43.28,38.6,21.95,2,15.62,1
NODE_001,3455,21.4,-21.11,43.0,18.76,1,6.82,1
NODE_006,4161,97.7,-4.49,22.7,3.25,0,67.28,0
NODE_021,4031,81.9,-7.69,20.8,4.69,0,60.05,0
NODE_017,3278,10.6,-96.03,-3.6,44.63,8,0.67,2
NODE_008,3436,16.2,-132.29,48.0,39.02,6,0.41,2
NODE_016,3117,3.6,-92.51,61.5,43.22,15,1.76,2
NODE_023,4183,99.8,-7.2,25.9,3.35,0,30.13,0
NODE_011,4013,77.7,-7.94,18.1,4.39,0,21.64,0
NODE_002,3095,2.1,-118.58,50.2,23.31,13,1.48,2
NODE_008,3693,42.2,-39.86,35.2,14.03,2,9.07,1
NODE_024,4029,82.7,-7.25,19.1,4.51,0,23.9,0
NODE_007,3946,72.4,-9.94,23.0,1.87,1,41.93,0
NODE_018,4044,82.6,-8.51,18.3,1.01,0,30.76,0
NODE_014,3834,60.7,-10.19,19.1,2.58,2,32.32,0
NODE_015,4067,84.8,-6.23,32.1,4.14,0,28.25,0
NODE_007,3279,10.3,-91.2,47.9,34.6,12,2.31,2
NODE_017,4179,98.0,-14.04,21.3,3.77,0,30.7,0
NODE_004,3275,10.1,-87.9,-7.0,36.43,13,1.35,2
NODE_009,4090,85.8,-12.14,25.1,4.19,0,35.07,0
NODE_003,4029,81.1,-8.24,19.8,3.46,0,25.15,0
NODE_012,3383,15.1,-106.74,2.0,37.59,13,2.46,2
NODE_021,4058,83.4,-8.34,34.8,1.07,1,32.28,0
NODE_004,3478,22.7,-37.39,36.5,12.8,2,14.09,1
NODE_017,4159,95.3,-4.85,19.7,2.83,0,18.19,0
NODE_005,3499,25.9,-24.99,40.6,13.99,1,3.98,1
NODE_023,3252,9.7,-64.89,49.2,23.19,8,0.98,2
NODE_002,3156,4.4,-117.54,1.4,42.1,10,2.44,2
NODE_024,4175,96.5,-4.62,35.6,4.96,1,19.34,0
NODE_024,3371,13.5,-102.95,58.0,26.2,6,1.99,2
NODE_004,3766,51.9,-9.35,21.6,5.55,0,62.31,0
NODE_008,4044,83.0,-10.22,23.0,0.88,0,36.96,0
NODE_017,4176,99.1,-8.57,34.9,1.13,2,27.64,0
NODE_009,4011,79.8,-10.85,32.2,2.9,2,24.24,0
NODE_019,3765,52.2,-9.77,27.4,4.94,0,68.77,0
NODE_024,3575,28.9,-43.11,42.0,12.62,1,14.02,1
NODE_024,3271,9.1,-79.98,57.5,33.86,7,1.11,2
NODE_013,3694,45.1,-28.38,37.6,15.67,1,6.73,1
NODE_014,3636,36.2,-36.3,39.3,17.46,2,13.32,1
NODE_024,3784,54.2,-8.81,29.4,2.34,0,58.56,0
NODE_022,4106,90.3,-13.23,18.8,5.91,0,59.5,0
NODE_015,4039,81.5,-12.67,30.5,3.22,0,53.43,0
NODE_001,3418,14.8,-60.31,50.3,40.1,15,1.34,2
NODE_002,4172,95.9,-13.54,20.4,3.06,0,48.18,0
NODE_011,3392,15.3,-84.86,54.6,40.76,12,1.17,2
NODE_006,3587,32.2,-38.0,37.0,16.93,3,9.78,1
NODE_021,3951,72.0,-6.44,22.2,2.35,1,22.35,0
NODE_005,4072,84.7,-6.52,19.2,2.74,0,40.45,0
NODE_007,3559,29.7,-24.22,45.4,8.27,3,10.48,1
NODE_016,3906,67.6,-5.96,33.4,5.74,0,58.37,0
NODE_018,3702,44.9,-31.82,37.3,14.8,1,11.7,1
NODE_013,3684,43.2,-20.17,45.8,15.48,4,10.69,1
NODE_022,4047,82.1,-13.37,26.3,0.78,0,29.43,0
NODE_011,4159,94.0,-11.66,35.1,2.82,0,43.4,0
NODE_024,4199,100.0,-10.8,29.7,4.8,0,58.73,0
NODE_008,3769,51.0,-13.17,20.3,4.18,0,29.77,0
NODE_023,3919,68.4,-7.73,35.3,4.45,0,26.84,0
NODE_010,3755,51.3,-11.26,30.2,5.77,0,56.61,0
NODE_003,4127,91.5,-12.09,30.5,2.16,0,61.5,0
NODE_019,3577,28.4,-33.43,38.4,15.08,1,14.04,1
NODE_016,4181,98.0,-7.37,32.9,4.39,0,57.62,0
NODE_021,4129,90.4,-8.54,26.7,2.9,0,32.49,0
NODE_008,3436,20.6,-21.2,36.9,14.51,2,7.93,1
NODE_001,3904,66.3,-9.15,24.4,1.92,0,50.19,0
NODE_009,3983,75.8,-12.71,22.3,2.74,0,30.98,0
NODE_016,3592,32.7,-23.59,35.1,11.1,2,6.98,1
NODE_019,3999,77.7,-10.87,35.9,3.53,0,42.5,0
NODE_010,3784,56.0,-12.69,20.2,3.45,0,28.0,0
NODE_007,3529,26.3,-29.08,43.1,16.36,4,13.82,1
NODE_010,3834,59.0,-14.83,27.6,2.01,2,47.88,0
NODE_023,3343,11.2,-72.25,-7.9,27.11,11,1.16,2
NODE_006,3158,5.0,-62.44,-7.2,32.29,13,1.61,2
NODE_002,4106,90.6,-3.61,19.5,1.87,0,40.47,0
NODE_020,3510,24.8,-30.89,39.4,14.2,3,15.87,1
NODE_010,3786,53.0,-3.48,19.8,4.7,0,32.29,0
NODE_003,3831,58.7,-14.1,18.0,2.98,0,33.73,0
NODE_008,3871,64.1,-4.68,19.3,1.78,0,60.73,0
NODE_019,3737,46.0,-33.52,40.5,17.07,4,13.75,1
NODE_003,4107,89.6,-7.86,32.8,5.57,0,43.31,0
NODE_010,3747,46.3,-31.49,39.9,9.13,1,8.62,1
NODE_011,3447,18.8,-38.82,42.1,20.05,2,3.27,1
NODE_022,3617,35.3,-24.4,36.1,15.27,2,6.62,1
NODE_019,4112,90.7,-3.37,26.5,2.75,0,23.65,0
NODE_006,4047,84.7,-11.54,35.0,4.97,0,42.56,0
NODE_011,3805,55.8,-5.73,33.6,5.04,0,64.95,0
NODE_015,3837,59.4,-10.66,31.6,3.94,0,28.99,0
NODE_018,3879,64.4,-4.43,26.7,0.66,0,61.16,0
NODE_023,3995,77.5,-8.37,19.7,5.96,1,42.92,0
NODE_004,3474,22.6,-19.82,37.5,17.88,2,9.27,1
NODE_016,3993,77.6,-10.4,34.6,3.3,1,64.66,0
NODE_009,3701,43.6,-35.82,43.5,11.74,1,12.44,1
NODE_019,4038,83.0,-4.62,26.0,3.16,0,59.2,0
NODE_013,3893,66.1,-12.74,30.6,3.64,0,59.88,0
NODE_002,3966,73.6,-4.04,24.9,5.94,0,53.21,0
NODE_005,3785,51.9,-8.97,28.6,5.28,1,41.78,0
NODE_017,3082,1.2,-127.03,61.5,21.87,8,0.91,2
NODE_023,3788,54.0,-11.06,30.1,3.43,1,51.85,0
NODE_016,3085,1.6,-133.84,60.8,44.94,15,0.32,2
NODE_004,3632,39.1,-42.29,36.0,12.19,1,7.22,1
NODE_002,3918,68.7,-13.25,27.6,3.61,0,27.18,0
NODE_003,3565,29.5,-26.56,40.0,16.16,1,11.29,1
NODE_015,3778,50.5,-5.34,34.2,4.23,0,41.85,0
NODE_012,3182,5.8,-53.42,53.9,27.55,10,2.15,2
NODE_004,4010,78.6,-8.1,35.9,2.12,2,53.54,0
NODE_009,4138,93.3,-5.66,35.5,5.51,0,62.97,0
NODE_010,3501,24.9,-23.35,36.6,10.66,1,12.82,1
NODE_022,3508,22.1,-42.38,41.5,8.55,3,3.43,1
NODE_012,3488,20.7,-37.03,43.0,10.46,1,10.01,1
NODE_012,4168,95.7,-5.03,22.6,5.04,0,61.55,0
NODE_024,3358,13.9,-97.85,1.0,25.64,14,1.84,2
NODE_013,3404,13.9,-107.08,47.2,33.41,11,0.98,2
NODE_024,3604,35.5,-22.79,45.3,9.52,1,3.33,1
NODE_018,4030,80.5,-7.23,29.4,3.05,0,53.06,0
NODE_004,4197,97.3,-11.35,26.9,1.03,1,25.33,0
NODE_015,4167,97.5,-6.64,27.7,3.73,0,65.81,0
NODE_021,3964,74.5,-10.1,35.1,0.68,0,41.94,0
NODE_008,3112,2.6,-78.29,61.7,28.97,10,0.76,2
NODE_004,3373,14.2,-131.75,-0.3,44.28,4,1.99,2
NODE_008,3338,13.6,-121.53,55.3,34.66,7,0.89,2
NODE_005,3629,35.9,-37.51,45.8,21.83,2,13.38,1
NODE_004,3441,18.8,-44.6,43.5,11.33,1,5.27,1
NODE_002,3944,71.0,-13.64,19.1,2.97,0,50.06,0
NODE_015,4166,97.3,-14.48,32.1,5.27,0,42.73,0
NODE_001,3981,73.9,-10.18,30.3,3.2,1,21.97,0
NODE_003,3808,57.4,-13.49,29.2,3.72,0,38.57,0
NODE_020,3950,72.7,-7.73,19.8,4.36,1,53.15,0
NODE_018,3526,24.5,-32.81,36.7,12.75,2,8.41,1
NODE_004,3878,65.6,-11.94,35.2,4.28,0,22.93,0
NODE_003,3795,54.8,-6.13,32.6,3.56,0,48.33,0
NODE_011,3592,30.3,-21.41,45.3,13.92,4,3.67,1
NODE_010,3531,28.5,-29.4,36.6,17.19,1,4.41,1
NODE_018,4095,88.1,-8.11,32.5,5.15,2,62.2,0
NODE_020,3620,34.7,-28.56,41.9,17.71,1,6.55,1
NODE_010,3221,6.6,-123.67,-0.1,21.74,15,1.62,2
NODE_001,3976,76.5,-10.49,26.2,1.37,0,35.52,0
NODE_019,4134,94.2,-13.13,31.6,0.77,0,41.93,0
NODE_014,3954,72.1,-11.72,31.6,1.13,0,33.3,0
NODE_022,3990,76.3,-11.3,22.0,5.91,0,29.04,0
NODE_007,3683,40.9,-37.18,35.4,14.96,2,4.68,1
NODE_018,3605,33.0,-22.5,43.7,9.01,3,3.55,1
NODE_001,3778,53.9,-11.24,25.7,2.72,0,33.63,0
NODE_013,3898,66.2,-5.38,29.1,5.08,1,22.76,0
NODE_004,4017,79.4,-8.71,25.1,2.21,0,35.99,0
NODE_006,4027,81.7,-8.63,21.5,4.77,0,69.74,0
NODE_021,3548,25.1,-41.05,36.4,16.43,3,11.52,1
NODE_006,3319,11.0,-98.24,55.7,37.03,13,1.64,2
NODE_020,4175,98.5,-11.21,25.9,3.08,0,61.0,0
NODE_019,3984,75.4,-11.28,26.1,0.81,0,22.14,0
NODE_003,3587,33.2,-32.51,40.7,19.09,3,8.85,1
NODE_019,3558,27.6,-32.16,35.8,8.87,1,14.69,1
NODE_011,3128,2.3,-81.85,0.5,44.77,12,1.35,2
NODE_006,4154,95.9,-10.35,31.9,4.23,0,52.07,0
NODE_011,3802,54.7,-6.86,23.1,4.48,0,66.94,0
NODE_005,4016,79.1,-13.3,24.3,5.82,0,39.17,0
NODE_020,3487,20.5,-29.91,41.7,12.6,1,12.14,1
NODE_024,3454,15.6,-131.59,54.6,20.46,8,0.53,2
NODE_007,4092,88.3,-12.7,36.0,1.35,0,60.56,0
NODE_017,3689,43.1,-21.14,34.5,12.71,3,4.7,1
NODE_013,3822,59.0,-6.69,29.2,5.46,0,20.36,0
NODE_012,3509,25.1,-33.01,37.4,18.48,2,9.94,1
NODE_010,3367,13.5,-58.64,0.1,34.26,11,1.21,2
NODE_010,3605,33.1,-33.7,35.9,10.8,2,14.35,1
NODE_002,3716,44.2,-30.03,35.2,19.84,3,6.71,1
NODE_006,4165,95.3,-13.23,25.9,5.71,0,42.36,0
NODE_012,3229,7.6,-104.32,52.8,22.04,7,0.17,2
NODE_004,3666,37.5,-23.63,35.7,12.02,3,12.05,1
NODE_005,3586,32.1,-28.39,44.9,8.27,1,4.94,1
NODE_024,3617,30.7,-24.04,36.9,9.71,1,11.31,1
NODE_020,3806,55.5,-4.14,28.7,0.59,0,31.06,0
NODE_005,3742,50.1,-10.77,28.3,1.53,0,46.27,0
NODE_012,3976,76.3,-8.91,35.8,3.55,0,43.39,0
NODE_021,3922,68.7,-6.03,24.4,0.87,0,53.48,0
NODE_004,3667,40.1,-36.02,34.5,15.64,3,5.28,1
NODE_022,4070,84.8,-7.42,32.6,0.85,0,42.71,0
NODE_010,4110,89.6,-4.37,23.7,2.21,0,62.03,0
NODE_016,4088,87.7,-12.71,24.4,4.79,1,35.92,0
NODE_004,3568,31.1,-34.2,39.3,21.39,1,5.43,1
NODE_023,4150,96.2,-8.77,32.4,4.5,0,50.53,0
NODE_006,3890,66.1,-14.04,29.9,2.19,0,41.01,0
NODE_023,3959,72.4,-6.28,34.4,3.88,0,52.53,0
NODE_002,4039,81.9,-10.64,32.4,4.24,1,25.71,0
NODE_020,3562,31.1,-41.59,36.8,17.03,1,15.34,1
NODE_002,3656,38.4,-19.38,38.5,18.68,2,9.88,1
NODE_013,3879,63.9,-3.47,18.5,1.52,0,67.33,0
NODE_004,3858,63.0,-9.64,35.9,2.07,1,44.52,0
NODE_004,3784,53.7,-12.93,30.8,5.98,0,70.25,0
NODE_011,3663,39.3,-30.15,37.5,12.2,1,12.22,1
NODE_023,3670,41.8,-31.26,35.5,10.81,1,13.27,1
NODE_001,4011,78.6,-9.39,35.7,1.21,1,21.55,0
NODE_013,3355,12.5,-92.69,59.4,21.84,9,1.64,2
NODE_015,3993,75.9,-13.46,32.9,3.53,0,59.46,0
NODE_005,4170,95.5,-14.34,20.2,1.34,0,35.42,0
NODE_023,4162,97.4,-8.77,23.1,0.93,0,69.64,0
NODE_009,3876,65.1,-8.6,27.0,1.43,1,26.33,0
NODE_022,3728,45.1,-35.88,45.1,8.58,3,4.06,1
NODE_021,3537,25.9,-39.31,40.9,16.65,1,14.56,1
NODE_018,4185,97.8,-9.2,32.5,4.27,0,21.94,0
NODE_002,3975,70.8,-9.43,24.1,1.29,1,35.24,0
NODE_012,3134,3.1,-106.65,51.8,31.66,8,1.18,2
NODE_005,3891,64.5,-10.39,29.1,1.87,1,26.62,0
NODE_011,3364,12.5,-122.91,4.0,31.67,8,1.29,2
NODE_003,3276,9.1,-53.0,-3.8,21.26,11,1.53,2
NODE_021,3530,26.6,-44.78,35.3,9.88,1,7.76,1
NODE_013,3937,70.0,-8.16,21.5,3.54,0,45.23,0
NODE_018,4187,99.5,-6.84,20.1,5.86,0,60.92,0
NODE_011,3912,68.3,-13.27,28.8,2.71,0,20.1,0
NODE_023,3958,73.7,-9.52,28.9,3.34,0,51.11,0
NODE_006,4028,80.8,-4.89,28.7,3.29,0,44.45,0
NODE_019,4140,90.8,-10.58,30.1,5.89,0,61.02,0
NODE_024,3273,11.1,-86.28,-0.1,44.3,13,1.49,2
NODE_024,3973,74.0,-8.71,31.0,4.76,0,62.37,0
NODE_008,4160,97.4,-13.68,18.3,2.23,0,55.29,0
NODE_014,4020,80.6,-9.34,33.3,4.5,0,46.01,0
NODE_018,4058,83.1,-8.69,23.6,1.45,1,36.49,0
NODE_012,3711,44.0,-26.62,43.6,11.7,2,15.45,1
NODE_009,3840,61.2,-3.33,23.4,2.09,0,56.07,0
NODE_011,3995,78.0,-3.79,31.0,2.08,0,47.33,0
NODE_013,3746,46.6,-23.28,37.5,12.03,2,7.5,1
NODE_015,3663,40.4,-39.22,43.9,11.8,2,6.53,1
NODE_004,3629,35.6,-38.45,42.0,15.43,2,3.68,1
NODE_014,3963,73.6,-6.83,20.5,5.8,2,26.53,0
NODE_021,3391,15.1,-97.03,3.6,28.03,14,0.24,2
NODE_003,3551,25.0,-25.06,44.2,8.52,4,8.43,1
NODE_006,3099,1.6,-64.74,49.8,38.73,8,2.2,2
NODE_001,4001,80.1,-3.86,24.0,3.0,0,46.31,0
NODE_005,3253,8.5,-122.65,-6.1,31.47,8,1.82,2
NODE_001,3677,41.7,-29.67,43.1,10.46,3,14.66,1
NODE_014,3797,54.3,-6.97,21.3,1.27,0,31.39,0
NODE_009,3943,72.3,-11.8,23.9,3.7,0,32.12,0
NODE_012,3466,19.9,-41.81,37.7,13.68,2,14.64,1
NODE_023,3664,38.7,-27.75,45.3,13.15,1,15.45,1
NODE_016,4095,87.4,-7.73,25.5,3.52,0,47.03,0
NODE_022,3660,40.9,-26.63,41.1,19.02,2,9.87,1
NODE_012,4000,78.2,-14.26,27.9,3.28,0,26.09,0
NODE_011,3230,8.1,-78.77,54.3,42.47,11,2.04,2
NODE_015,3930,70.8,-8.23,28.1,4.2,0,19.18,0
NODE_009,3700,40.4,-29.39,34.5,12.82,1,15.92,1
NODE_003,3259,8.6,-114.16,-6.4,36.04,15,1.65,2
NODE_014,4138,94.6,-9.62,34.5,2.58,0,70.06,0
NODE_018,4146,93.0,-13.58,35.9,2.66,0,70.85,0
NODE_001,3775,47.4,-32.5,42.6,13.94,1,5.99,1
NODE_015,3884,63.8,-3.75,31.1,1.12,0,40.64,0
NODE_001,3765,53.4,-7.87,26.0,4.2,1,31.22,0
NODE_002,3850,61.7,-12.39,33.5,0.81,0,33.62,0
NODE_024,4022,78.9,-5.73,32.7,1.8,1,71.23,0
NODE_017,3878,65.0,-14.27,35.1,5.34,1,51.8,0
NODE_014,3775,52.3,-10.87,29.6,2.6,0,55.6,0
NODE_014,3927,68.8,-5.95,26.5,5.17,0,56.21,0
NODE_015,3266,10.0,-52.9,49.0,26.07,7,0.89,2
NODE_003,3391,14.6,-131.68,49.9,26.71,14,1.55,2
NODE_002,3079,4.0,-71.45,55.4,31.98,9,0.83,2
NODE_001,3825,59.5,-6.1,31.4,4.65,1,55.56,0
NODE_023,4159,95.8,-8.38,32.0,2.59,0,37.4,0
NODE_009,4134,94.1,-9.41,32.5,4.47,0,35.29,0
NODE_007,3952,70.7,-8.25,22.0,1.3,0,68.48,0
NODE_019,3517,26.9,-39.7,36.8,15.98,1,10.16,1
NODE_022,4089,88.2,-9.14,31.0,4.57,0,57.57,0
NODE_012,4075,86.0,-9.14,34.5,3.48,0,21.17,0
NODE_002,3493,20.2,-22.91,34.6,8.09,1,11.2,1
NODE_003,3431,18.3,-31.35,38.5,16.65,2,11.01,1
NODE_016,3472,18.5,-30.63,38.9,8.23,2,9.96,1
NODE_010,4116,90.7,-6.91,32.5,5.5,0,23.2,0
NODE_005,4019,81.0,-11.97,24.4,4.87,0,69.8,0
NODE_015,4200,99.5,-12.29,30.3,5.16,0,64.34,0
NODE_002,3922,69.0,-8.37,19.0,0.55,0,44.99,0
NODE_014,3540,27.9,-18.61,45.7,20.53,4,5.99,1
NODE_023,3253,8.6,-135.81,3.1,42.48,13,1.68,2
NODE_006,3184,6.0,-53.47,58.3,37.82,10,2.33,2
NODE_010,3859,62.0,-4.98,25.0,5.43,0,58.8,0
NODE_005,3666,38.7,-42.88,42.9,12.84,1,6.02,1
NODE_003,4111,88.5,-3.54,25.1,4.75,0,32.76,0
NODE_015,3897,67.8,-3.71,25.8,4.24,0,22.63,0
NODE_020,3882,62.3,-14.12,22.8,2.59,0,26.33,0
NODE_013,3778,55.3,-14.94,23.5,2.48,0,25.16,0
NODE_006,3999,77.8,-8.85,19.9,0.99,0,50.23,0
NODE_011,3089,1.2,-102.76,57.9,33.99,7,1.47,2
NODE_006,3505,23.1,-37.74,37.2,10.04,1,6.59,1
NODE_010,3778,53.8,-11.98,22.4,3.94,0,28.56,0
NODE_004,3750,50.3,-10.25,33.1,2.59,1,41.77,0
NODE_014,3700,43.8,-18.7,35.6,12.49,4,5.61,1
NODE_011,3923,69.9,-11.17,31.2,3.98,1,60.23,0
NODE_011,4125,90.8,-10.28,20.0,3.6,0,47.46,0
NODE_022,3463,18.8,-25.37,45.3,10.94,3,13.81,1
NODE_003,3678,41.9,-33.95,40.0,16.87,1,11.56,1
NODE_023,3928,68.8,-9.61,28.8,3.7,0,67.87,0
NODE_023,3769,51.8,-3.38,30.6,4.97,0,67.38,0
NODE_004,3659,37.7,-35.41,41.8,8.62,4,11.81,1
NODE_013,3210,6.3,-68.34,-6.8,25.55,15,1.35,2
NODE_019,3503,24.6,-34.9,39.6,17.51,2,4.96,1
NODE_001,3877,64.8,-3.95,19.5,5.07,0,36.81,0
NODE_011,3850,60.3,-9.2,26.6,2.91,0,35.22,0
NODE_010,4075,85.5,-14.73,24.2,1.1,0,68.22,0
NODE_024,3828,58.7,-13.08,28.1,5.77,0,39.87,0
NODE_006,4046,82.9,-10.25,31.3,5.36,0,41.2,0
NODE_001,3530,24.2,-24.69,43.7,8.88,1,14.34,1
NODE_006,3832,59.9,-13.63,30.1,3.19,1,34.92,0
NODE_013,3634,35.6,-35.61,44.1,16.64,3,12.18,1
NODE_010,3291,10.4,-79.51,50.6,22.92,9,1.76,2
NODE_017,4016,79.8,-8.1,25.6,3.18,0,67.63,0
NODE_006,3981,74.5,-13.32,23.7,2.98,0,37.39,0
NODE_001,3846,59.8,-10.39,28.1,4.09,0,44.55,0
NODE_023,3608,32.7,-42.77,34.4,18.65,1,6.57,1
NODE_018,4114,89.0,-8.21,31.9,3.22,0,48.93,0
NODE_009,3697,42.7,-35.09,43.9,8.58,2,10.1,1
NODE_014,4130,91.5,-5.98,23.4,6.0,0,36.82,0
NODE_003,4194,99.7,-5.69,22.3,4.96,0,36.93,0
NODE_023,3583,30.8,-28.36,43.4,19.39,3,10.41,1
NODE_018,3991,76.9,-11.12,30.7,2.09,0,64.33,0
NODE_022,3492,22.1,-24.75,38.9,8.83,1,11.53,1
NODE_023,3179,5.0,-75.97,58.4,36.91,11,0.44,2
NODE_021,3928,70.7,-9.58,29.4,5.34,0,45.84,0
NODE_009,3744,44.3,-32.72,39.9,16.15,3,14.01,1
NODE_003,3572,31.8,-27.07,38.3,8.89,2,5.83,1
NODE_014,3580,32.8,-36.28,37.4,15.66,1,14.08,1
NODE_011,3383,13.2,-135.87,59.6,20.41,6,1.16,2
NODE_001,3250,7.8,-50.39,60.2,27.55,8,0.32,2
NODE_012,3923,68.6,-4.15,21.0,2.68,0,55.77,0
NODE_008,3797,54.6,-13.86,21.8,0.93,0,46.05,0
NODE_015,4062,84.8,-5.19,35.8,2.82,0,21.82,0
NODE_013,4103,90.3,-13.76,24.6,2.15,0,61.92,0
NODE_005,3654,38.3,-43.15,40.8,16.54,1,7.57,1
NODE_007,3485,22.5,-33.88,42.2,20.04,1,4.31,1
NODE_004,3932,69.2,-3.44,23.7,1.27,0,22.55,0
NODE_018,3664,39.6,-37.31,45.3,8.38,3,14.39,1
NODE_007,3971,75.5,-6.03,23.3,0.8,1,69.55,0
NODE_016,3855,62.1,-7.34,19.3,5.39,0,37.5,0
NODE_011,4141,93.0,-8.18,24.6,4.26,0,69.54,0
NODE_003,3774,53.4,-11.85,18.7,0.83,0,45.36,0
NODE_021,3667,41.0,-33.56,38.8,16.97,2,4.98,1
NODE_003,3982,75.6,-12.56,32.5,3.45,0,52.25,0
NODE_021,3473,20.0,-26.14,42.8,19.85,1,4.12,1
NODE_014,4020,80.6,-14.34,30.0,4.12,0,18.68,0
NODE_005,3492,22.9,-19.27,40.3,18.96,2,5.17,1
NODE_005,3715,44.2,-25.21,35.4,20.6,1,8.58,1
NODE_017,4056,85.6,-8.08,19.4,3.0,0,44.98,0
NODE_019,3806,57.9,-5.72,34.1,4.21,0,58.0,0
NODE_001,4131,93.1,-12.07,26.5,2.61,0,68.28,0
NODE_002,4159,95.7,-6.11,25.5,2.27,0,56.9,0
NODE_009,3626,35.1,-41.78,42.1,8.74,1,9.71,1
NODE_002,3128,2.1,-98.14,2.1,28.18,12,1.2,2
NODE_012,4012,78.2,-11.35,29.2,3.05,0,44.64,0
NODE_007,3611,34.4,-23.51,35.8,21.05,1,10.04,1
NODE_021,3712,44.3,-19.32,34.0,17.2,3,12.45,1
NODE_004,4182,99.2,-9.96,35.3,5.85,0,33.11,0
NODE_002,3410,15.4,-93.22,52.6,44.36,5,1.49,2
NODE_017,4116,91.0,-14.1,28.2,2.89,1,30.79,0
NODE_009,3428,15.8,-104.63,51.9,31.32,7,0.28,2
NODE_007,4088,88.5,-13.69,19.9,2.97,0,24.52,0
NODE_012,3162,4.3,-112.25,-6.6,23.94,14,0.83,2
NODE_023,3485,19.2,-22.43,37.9,9.28,1,7.62,1
NODE_017,3883,64.9,-5.16,21.1,5.74,1,48.02,0
NODE_018,3961,73.1,-5.35,20.5,0.57,0,71.06,0
NODE_005,3937,70.0,-6.76,34.9,0.96,0,67.54,0
NODE_003,3775,53.2,-4.17,26.0,1.21,1,62.79,0
NODE_011,4176,97.1,-14.39,34.6,2.88,0,44.79,0
NODE_013,3502,23.2,-39.2,36.2,11.92,3,3.45,1
NODE_020,3645,37.4,-31.53,44.6,14.71,1,7.98,1
NODE_014,4140,94.2,-8.69,29.4,4.91,0,71.43,0
NODE_023,3995,77.2,-9.18,34.4,3.26,0,27.71,0
NODE_011,3768,51.5,-5.27,23.1,4.95,0,37.3,0
NODE_019,3469,16.6,-130.99,51.0,40.41,15,0.23,2
NODE_008,4201,99.1,-10.34,34.8,5.95,0,30.77,0
NODE_011,3691,38.9,-20.32,34.3,17.81,4,10.33,1
NODE_019,3373,14.4,-67.06,55.1,24.39,4,0.32,2
NODE_008,3469,18.6,-32.09,38.0,16.6,3,7.43,1
NODE_006,3395,14.5,-110.88,-1.0,42.93,5,2.13,2
NODE_012,3257,7.0,-55.23,48.5,27.54,6,2.44,2
NODE_024,3355,13.7,-53.54,49.6,44.22,15,2.24,2
NODE_020,3504,24.7,-29.1,36.1,12.3,2,4.66,1
NODE_024,4059,85.1,-8.13,33.3,4.74,0,27.83,0
NODE_011,3395,16.5,-120.12,61.1,23.52,15,0.29,2
NODE_012,3126,3.7,-60.32,0.5,35.98,9,1.17,2
NODE_009,4054,84.7,-10.79,32.2,4.46,0,41.66,0
NODE_014,3409,15.2,-95.62,55.2,22.54,11,1.99,2
NODE_019,3661,38.6,-40.61,34.9,19.84,1,7.14,1
NODE_004,3845,58.5,-10.49,31.2,3.51,1,23.03,0
NODE_020,3428,15.3,-76.59,56.8,35.18,10,0.48,2
NODE_004,4182,98.7,-10.09,28.0,5.59,0,53.67,0
NODE_010,3763,52.5,-8.14,33.1,1.34,0,41.09,0
NODE_010,3644,36.8,-32.03,35.2,10.9,2,15.7,1
NODE_016,3522,27.3,-34.27,39.9,17.25,1,10.07,1
NODE_006,3939,69.1,-12.76,18.8,2.92,0,63.2,0
NODE_019,4100,87.6,-6.99,19.5,2.39,0,70.42,0
NODE_019,3772,53.0,-10.35,27.4,5.81,0,68.56,0
NODE_019,3218,8.6,-132.89,57.7,32.55,12,2.02,2
NODE_022,3156,3.4,-54.57,61.2,24.18,7,2.04,2
NODE_005,3784,53.9,-6.8,21.6,5.02,0,50.13,0
NODE_011,3442,15.6,-133.97,53.0,28.15,8,1.35,2
NODE_001,3613,36.7,-30.89,39.0,13.8,1,10.64,1
NODE_004,3273,10.0,-130.91,-1.6,28.6,10,0.73,2
NODE_021,4024,80.4,-14.55,23.0,1.29,0,55.46,0
NODE_002,4146,93.9,-6.71,18.9,3.11,0,38.11,0
NODE_011,3534,27.1,-37.43,39.9,17.75,1,14.3,1
NODE_005,4090,87.2,-5.71,23.8,4.51,0,22.82,0
NODE_015,4110,91.2,-6.11,31.7,5.27,0,45.82,0
NODE_006,4067,85.5,-10.16,32.0,3.38,0,27.38,0
NODE_007,3526,25.5,-32.68,45.0,17.86,1,13.71,1
NODE_017,4170,96.2,-6.83,22.4,3.19,0,69.87,0
NODE_016,3914,67.5,-13.04,34.1,4.62,0,33.39,0
NODE_013,4122,92.7,-5.64,21.9,1.72,0,29.16,0
NODE_021,3743,51.0,-5.64,31.8,0.55,1,52.96,0
NODE_020,3536,24.7,-28.57,45.3,17.98,2,6.58,1
NODE_013,3252,8.3,-120.36,54.8,35.59,13,0.35,2
NODE_017,3422,16.5,-64.46,55.9,27.07,14,0.36,2
NODE_003,3889,63.8,-11.1,23.0,4.11,1,53.18,0
NODE_007,4095,88.3,-4.2,32.5,4.91,0,53.67,0
NODE_022,3773,51.3,-9.03,23.3,5.49,0,57.78,0
NODE_019,3622,35.2,-39.87,42.7,11.11,2,13.2,1
NODE_022,3905,65.0,-12.96,29.8,3.57,0,43.42,0
NODE_024,4131,90.4,-5.84,21.3,4.24,0,22.82,0
NODE_012,4139,93.6,-9.95,34.0,2.54,0,43.04,0
NODE_004,4149,93.3,-8.0,35.0,0.89,1,45.03,0
NODE_022,3890,64.9,-14.35,33.4,1.26,0,40.1,0
NODE_019,3472,16.8,-127.11,49.7,22.02,9,1.61,2
NODE_006,3766,52.9,-9.58,21.8,4.75,0,26.56,0
NODE_003,3952,71.7,-9.85,25.7,3.13,0,46.82,0
NODE_024,3766,50.7,-11.13,33.0,1.55,0,51.84,0
NODE_008,4127,93.8,-11.25,19.8,3.27,0,21.53,0
NODE_002,3869,64.5,-6.27,28.7,2.36,1,71.76,0
NODE_011,3217,8.8,-72.49,2.9,40.3,4,0.65,2
NODE_024,3147,4.4,-138.03,48.8,37.78,4,1.0,2
NODE_021,3997,76.7,-14.42,35.9,4.14,0,19.07,0
NODE_023,3964,72.2,-13.52,22.5,4.36,0,55.03,0
NODE_001,4048,83.1,-7.05,22.9,3.83,0,62.86,0
NODE_004,4044,80.9,-11.61,32.1,3.24,0,60.01,0
NODE_017,3180,6.7,-103.12,-1.4,42.76,15,2.34,2
NODE_011,3738,50.6,-13.93,20.0,3.66,0,69.27,0
NODE_017,4075,86.2,-4.14,29.6,3.01,2,32.26,0
NODE_002,3832,58.7,-14.53,23.2,4.91,0,57.88,0
NODE_004,3408,15.2,-139.13,-0.2,28.22,11,2.39,2
NODE_009,3067,2.5,-66.65,-3.2,44.06,8,2.11,2
NODE_023,3372,13.8,-81.6,48.7,37.4,4,2.46,2
NODE_006,4147,95.6,-9.21,28.2,2.91,0,60.07,0
NODE_020,4064,84.2,-4.94,35.5,1.22,1,24.1,0
NODE_014,3782,53.2,-7.14,18.2,5.28,0,58.16,0
NODE_024,4180,98.9,-6.96,24.1,3.38,0,23.14,0
NODE_022,3586,32.5,-27.08,41.7,10.08,3,14.6,1
NODE_020,4028,82.2,-13.12,33.3,5.19,1,22.04,0
NODE_016,3898,66.5,-11.66,27.1,3.53,0,62.12,0
NODE_003,4120,90.1,-9.62,33.4,2.96,0,44.86,0
NODE_021,3921,70.2,-14.57,27.9,5.04,0,70.01,0
NODE_021,3983,75.4,-12.52,30.1,5.73,0,20.93,0
NODE_008,3541,28.0,-24.28,41.2,18.03,1,8.88,1
NODE_004,3504,24.7,-35.78,44.0,21.5,1,9.79,1
NODE_023,4152,94.8,-9.09,32.8,4.58,0,31.73,0
NODE_007,4158,96.5,-10.29,26.2,4.8,0,23.82,0
NODE_014,4029,81.7,-6.93,20.2,5.4,0,49.82,0
NODE_017,3962,74.9,-8.64,18.9,5.64,0,44.08,0
NODE_017,3752,45.3,-26.32,36.1,19.41,1,11.55,1
NODE_020,3264,9.1,-105.38,60.7,39.06,8,1.05,2
NODE_011,3230,8.2,-128.0,57.5,38.71,8,2.12,2
NODE_018,3345,12.4,-55.8,50.0,35.6,8,1.75,2
NODE_022,4068,85.5,-3.3,21.2,3.48,0,56.36,0
NODE_012,4010,79.1,-3.69,30.8,4.21,1,46.83,0
NODE_014,3616,33.7,-44.32,35.7,17.38,1,12.75,1
NODE_006,3345,11.9,-126.82,1.4,25.1,12,0.18,2
NODE_015,4135,93.4,-6.13,33.6,4.58,0,30.83,0
NODE_023,4043,83.2,-3.88,25.0,5.76,2,34.88,0
NODE_018,4081,87.2,-12.56,33.6,5.23,0,30.18,0
NODE_021,3609,37.4,-24.61,40.6,16.45,3,15.54,1
NODE_010,4177,99.2,-14.11,35.3,4.54,0,20.19,0
NODE_009,3822,56.5,-7.99,22.6,2.32,0,26.36,0
NODE_005,3331,10.6,-70.37,59.6,27.53,13,1.42,2
NODE_003,3541,27.5,-39.06,36.2,8.95,2,8.41,1
NODE_018,3912,67.5,-4.4,29.9,2.32,0,69.32,0
NODE_020,4201,99.8,-5.12,35.7,0.55,0,42.07,0
NODE_021,3682,36.6,-19.11,42.2,12.49,4,15.28,1
NODE_013,4086,86.2,-14.7,27.3,4.74,0,45.47,0
NODE_016,4152,94.9,-12.69,27.3,5.72,0,69.64,0
NODE_018,4022,81.3,-12.47,29.3,1.67,0,63.13,0
NODE_007,4050,85.1,-3.29,32.0,4.06,1,58.33,0
NODE_005,4074,85.8,-14.55,19.3,1.48,0,21.8,0
NODE_008,3211,7.5,-99.4,51.7,29.74,5,1.38,2
NODE_021,3447,19.9,-24.86,34.5,19.88,1,9.54,1
NODE_010,3530,27.0,-42.66,43.2,14.13,1,11.59,1
NODE_016,3838,61.0,-6.04,32.3,5.17,0,52.24,0
NODE_010,3749,45.4,-23.53,42.8,13.22,4,10.2,1
NODE_018,3777,52.1,-8.13,25.1,3.51,0,29.34,0
NODE_024,3202,6.5,-102.86,54.7,24.02,7,1.58,2
NODE_009,3846,59.1,-5.4,33.3,5.18,1,71.69,0
NODE_015,3473,20.2,-26.86,37.0,10.76,2,15.37,1
NODE_012,4036,82.8,-13.8,29.2,5.45,0,42.33,0
NODE_020,3680,38.8,-40.89,40.8,19.31,4,5.19,1
NODE_011,3855,61.1,-6.12,25.9,5.12,0,57.58,0
NODE_016,3901,67.9,-11.33,27.9,1.47,0,63.46,0
NODE_005,3143,4.1,-73.98,57.9,42.3,12,1.62,2
NODE_019,4087,88.5,-12.45,18.7,1.93,1,47.14,0
NODE_021,3539,29.0,-38.97,43.3,18.27,1,9.04,1
NODE_017,3923,68.2,-14.87,22.3,5.8,2,54.94,0
NODE_017,3840,58.0,-8.2,28.2,5.3,0,57.53,0
NODE_012,4078,88.1,-12.22,22.8,1.79,0,45.97,0
NODE_012,4168,95.9,-4.42,18.7,4.07,0,70.3,0
NODE_021,3690,43.0,-37.89,40.5,10.43,2,7.75,1
NODE_021,3093,2.2,-117.36,50.3,30.15,9,1.27,2
NODE_016,3064,1.1,-60.62,50.4,32.86,8,0.61,2
NODE_006,4012,80.1,-5.2,29.9,2.78,0,24.12,0
NODE_022,3845,60.5,-13.07,33.0,0.62,0,48.97,0
NODE_006,3972,75.6,-4.31,20.6,1.41,1,45.9,0
NODE_013,4006,78.2,-14.78,31.0,4.14,0,22.63,0
NODE_015,3590,32.1,-31.99,36.6,13.75,1,10.57,1
NODE_006,3599,33.3,-40.47,42.2,20.91,2,3.89,1
NODE_013,3789,55.4,-12.57,33.5,3.27,0,26.08,0
NODE_004,4149,95.1,-7.8,33.8,3.42,0,23.03,0
NODE_022,4029,80.2,-5.07,34.1,4.76,0,46.19,0
NODE_012,3346,12.2,-101.39,54.2,39.22,9,1.51,2
NODE_024,3369,14.4,-88.15,50.8,39.15,5,0.78,2
NODE_018,3836,59.5,-6.49,32.2,3.68,0,18.39,0
NODE_021,4119,90.2,-10.09,19.9,2.84,0,32.11,0
NODE_018,3897,68.3,-11.69,30.3,4.65,0,60.32,0
NODE_016,4007,78.0,-9.19,35.8,3.68,0,39.5,0
NODE_005,3308,11.5,-72.7,57.5,24.04,7,1.32,2
NODE_011,3642,36.4,-26.52,34.6,13.45,2,13.46,1
NODE_005,4012,80.0,-13.94,22.7,2.54,0,57.12,0
NODE_013,3579,33.6,-25.79,41.2,21.24,3,11.32,1
NODE_015,4116,92.5,-3.83,27.3,1.57,0,45.57,0
NODE_023,3826,58.5,-14.57,22.3,0.5,0,71.83,0
NODE_013,3930,69.8,-7.97,27.3,4.55,0,22.87,0
NODE_010,3604,34.8,-29.26,38.2,19.42,1,15.52,1
NODE_015,3302,10.2,-116.5,48.6,21.81,8,0.92,2
NODE_004,3712,46.7,-21.34,43.8,16.05,2,15.56,1
NODE_019,3858,62.2,-10.92,32.0,4.25,1,64.55,0
NODE_016,3768,53.4,-7.4,35.9,4.22,0,35.05,0
NODE_012,3747,50.5,-5.01,22.5,1.01,0,62.34,0
NODE_003,3830,58.9,-11.23,21.9,3.66,0,58.29,0
NODE_007,3831,60.0,-6.17,33.7,1.64,0,31.48,0
NODE_020,4096,88.9,-13.56,19.4,5.76,0,18.36,0
NODE_018,3412,14.6,-106.59,60.5,42.02,13,2.19,2
NODE_016,4088,88.2,-8.87,25.2,4.63,0,46.39,0
NODE_014,4001,77.0,-8.97,25.1,4.27,0,70.73,0
NODE_023,3880,65.8,-14.9,30.1,2.59,0,37.53,0
NODE_009,3873,63.1,-11.77,35.3,2.39,0,40.89,0
NODE_014,3583,29.2,-21.93,37.4,10.52,1,10.49,1
NODE_008,3629,39.6,-23.29,40.7,19.99,1,13.4,1
NODE_024,4104,90.3,-12.88,27.0,5.98,0,45.92,0
NODE_024,3974,74.3,-11.99,33.5,0.76,0,26.82,0
NODE_007,3589,32.3,-27.99,39.4,12.69,1,10.28,1
NODE_009,3939,70.6,-10.79,30.2,3.83,0,53.09,0
NODE_018,4095,89.0,-10.74,30.1,3.18,0,66.04,0
NODE_013,3590,31.9,-19.17,44.4,16.97,4,8.48,1
NODE_020,4130,92.4,-14.14,20.9,1.76,0,33.73,0
NODE_009,3586,29.9,-21.03,43.4,21.14,2,9.77,1
NODE_015,3835,59.2,-14.72,31.1,4.14,1,55.84,0
NODE_003,3932,69.9,-13.85,34.9,3.1,0,59.63,0
NODE_017,3468,20.5,-37.91,35.9,17.17,3,7.02,1
NODE_008,3575,31.3,-41.59,40.3,10.39,1,7.64,1
NODE_011,3240,8.5,-61.62,55.2,23.38,15,1.39,2
NODE_019,4037,81.6,-7.37,28.2,3.38,0,34.72,0
NODE_012,3847,61.4,-13.93,23.5,2.77,0,18.57,0
NODE_017,3708,43.4,-35.72,39.6,8.12,4,15.31,1
NODE_016,4115,88.3,-5.42,28.7,4.88,0,28.18,0
NODE_018,3871,62.5,-6.42,29.6,5.06,0,22.28,0
NODE_021,4090,88.2,-4.08,32.5,4.27,0,58.12,0
NODE_009,4146,92.7,-12.81,23.2,4.0,0,32.7,0
NODE_020,3890,66.0,-13.17,35.5,0.62,2,33.23,0
NODE_005,3637,39.8,-38.71,35.8,14.91,1,7.05,1
NODE_016,3227,8.4,-68.77,59.7,43.79,4,0.74,2
NODE_013,3942,73.5,-12.69,33.1,4.99,0,24.59,0
NODE_023,4093,88.6,-9.68,31.3,0.68,0,59.63,0
NODE_017,3512,24.3,-34.49,45.5,21.11,1,12.47,1
NODE_024,3303,9.3,-117.2,50.0,42.19,14,0.62,2
NODE_004,3948,71.7,-14.82,32.3,3.72,0,31.13,0
NODE_002,4058,84.5,-6.74,20.8,4.74,0,45.0,0
NODE_022,3741,45.9,-18.08,41.5,8.84,2,12.12,1
NODE_004,3832,61.6,-3.22,32.2,4.66,0,41.69,0
NODE_007,3922,68.9,-6.31,22.5,0.72,0,48.19,0
NODE_018,3518,23.7,-39.96,38.2,18.25,1,13.81,1
NODE_018,3974,76.6,-9.61,32.7,3.48,0,59.9,0
NODE_017,3844,59.3,-14.78,33.4,4.77,0,56.93,0
NODE_022,3388,14.1,-122.91,58.5,23.85,8,0.87,2
NODE_021,3789,54.8,-7.09,18.8,5.66,0,19.69,0
NODE_004,3800,54.9,-8.15,33.1,4.12,0,55.87,0
NODE_009,3872,61.0,-6.39,18.2,5.57,0,68.13,0
NODE_003,4039,81.9,-10.67,31.4,5.4,0,60.89,0
NODE_002,3533,26.0,-43.9,34.8,12.25,4,15.49,1
NODE_004,3849,61.6,-10.38,21.5,4.11,0,69.17,0
NODE_018,3561,30.5,-42.15,41.7,13.01,2,11.65,1
NODE_004,3839,59.0,-10.18,24.1,1.37,2,41.92,0
NODE_012,3263,9.8,-50.28,53.2,35.83,15,0.88,2
NODE_008,3846,60.7,-5.81,34.7,1.9,1,42.16,0
NODE_013,3760,51.7,-11.59,18.3,1.24,1,18.35,0
NODE_008,3896,65.7,-5.74,35.0,5.02,1,45.61,0
NODE_019,3138,3.5,-136.6,49.1,29.18,13,0.7,2
NODE_009,3493,20.8,-34.21,45.0,18.28,2,13.31,1
NODE_006,4149,95.0,-6.57,32.8,1.02,0,20.02,0
NODE_019,4098,89.0,-3.94,24.0,5.34,0,68.23,0
NODE_004,3139,4.6,-81.25,47.2,39.44,10,0.23,2
NODE_017,3988,77.0,-13.21,27.0,1.71,0,57.51,0
NODE_013,3364,13.0,-88.23,-2.8,39.66,6,0.42,2
NODE_003,4092,87.3,-8.42,22.7,2.69,0,55.69,0
NODE_005,3829,59.9,-10.26,28.3,3.59,2,46.31,0
NODE_008,4108,88.8,-11.12,34.6,0.99,0,40.87,0
NODE_012,3918,67.2,-7.14,31.9,1.43,0,62.37,0
NODE_015,3588,31.2,-20.05,36.8,17.6,1,12.47,1
NODE_003,3793,52.7,-3.61,34.7,5.28,0,18.74,0
NODE_023,3529,27.2,-32.28,38.0,18.36,1,10.1,1
NODE_009,4017,81.2,-3.09,30.5,4.18,0,66.93,0
NODE_017,3808,58.5,-11.59,32.2,3.9,0,53.36,0
NODE_001,4062,83.0,-7.04,34.4,2.48,0,33.79,0
NODE_021,4197,99.0,-8.9,30.8,5.47,0,50.24,0
NODE_003,3974,75.0,-9.5,34.7,0.62,0,46.59,0
NODE_011,4087,87.2,-14.78,30.3,2.45,0,71.78,0
NODE_017,3766,53.1,-11.91,25.0,6.0,2,68.98,0
NODE_009,3928,67.1,-10.29,20.5,4.51,0,54.61,0
NODE_021,3577,30.5,-29.53,39.1,12.37,2,8.84,1
NODE_005,3813,56.9,-8.5,32.4,5.24,0,56.08,0
NODE_017,3249,7.9,-58.19,56.8,34.12,6,0.86,2
NODE_018,4078,86.0,-12.79,33.1,1.3,0,35.21,0
NODE_014,3192,5.9,-72.9,56.6,38.46,6,1.97,2
NODE_004,3753,51.3,-3.17,29.1,3.83,0,50.2,0
NODE_008,3564,28.8,-26.42,39.7,15.03,2,12.26,1
NODE_012,3943,69.4,-9.31,20.9,1.74,0,70.32,0
NODE_009,3184,4.6,-79.58,-5.5,24.43,11,2.18,2
NODE_016,3733,44.0,-21.04,39.1,18.87,2,13.72,1
NODE_024,4020,80.6,-6.09,28.7,3.39,1,60.49,0
NODE_017,3945,72.8,-4.47,33.8,1.85,0,71.13,0
NODE_002,3980,75.8,-7.43,18.9,2.1,0,34.45,0
NODE_010,3940,71.1,-7.64,19.0,3.34,0,62.81,0
NODE_015,3986,75.0,-12.84,28.5,5.42,0,39.23,0
NODE_011,3813,58.9,-7.92,30.8,1.61,0,31.5,0
NODE_023,3686,39.3,-40.57,42.8,9.28,2,11.24,1
NODE_003,3921,69.2,-5.51,27.2,5.72,0,38.55,0
NODE_006,3277,10.0,-80.64,2.4,24.47,15,0.22,2
NODE_010,4085,88.4,-9.64,29.3,1.15,0,28.95,0
NODE_020,3428,18.4,-31.56,40.0,19.3,2,9.42,1
NODE_007,3972,73.8,-10.08,19.4,3.8,0,47.56,0
NODE_020,3697,42.6,-39.39,36.2,8.77,1,4.89,1
NODE_002,3682,43.1,-36.94,45.0,8.69,2,5.32,1
NODE_022,4034,83.0,-6.6,28.3,3.59,1,58.46,0
NODE_012,3101,2.5,-113.06,52.7,21.69,10,2.12,2
NODE_003,3827,56.7,-6.66,22.9,3.4,0,55.57,0
NODE_020,4004,78.6,-3.25,27.5,0.98,0,50.66,0
NODE_023,4008,80.4,-11.2,27.5,5.97,0,25.0,0
NODE_019,4075,86.5,-9.03,32.5,5.36,0,33.69,0
NODE_007,3758,51.2,-7.49,20.1,5.16,0,71.95,0
NODE_014,3880,67.5,-5.33,21.8,4.02,0,31.74,0
NODE_003,3977,75.3,-11.11,18.1,4.27,0,57.12,0
NODE_020,3382,14.3,-122.54,60.8,31.98,11,2.01,2
NODE_021,3826,57.8,-9.47,33.6,5.43,0,61.96,0
NODE_024,4002,76.1,-8.22,30.2,3.55,0,49.18,0
NODE_011,3733,44.6,-35.45,45.6,11.93,1,15.79,1
NODE_021,3821,58.3,-7.73,21.4,1.14,0,34.65,0
NODE_011,3514,26.1,-42.66,44.5,13.2,3,6.93,1
NODE_017,3826,55.6,-5.58,32.0,5.52,0,19.35,0
NODE_016,3132,3.5,-109.39,60.1,27.76,9,0.44,2
NODE_004,3731,46.1,-26.73,35.6,18.14,2,12.28,1
NODE_017,3889,65.5,-14.47,33.3,5.3,0,66.02,0
NODE_004,4048,82.9,-11.25,28.4,2.22,1,35.33,0
NODE_007,3988,76.6,-5.73,30.1,2.0,0,24.18,0
NODE_020,3790,55.1,-8.49,27.9,1.99,1,61.42,0
NODE_019,3776,53.6,-7.64,24.1,2.94,0,43.42,0
NODE_022,3922,69.2,-13.97,25.1,4.38,1,51.99,0
NODE_023,3626,36.5,-36.56,43.8,17.98,2,9.94,1
NODE_015,3784,54.6,-5.37,30.6,1.03,0,52.8,0
NODE_015,4177,97.4,-13.28,34.1,1.92,0,27.9,0
NODE_022,4134,93.0,-11.1,26.8,0.86,0,43.85,0
NODE_006,3921,67.4,-8.1,27.1,2.73,0,23.78,0
NODE_018,3647,41.8,-30.62,38.8,13.79,2,10.12,1
NODE_016,3914,67.0,-5.23,28.6,4.81,0,60.52,0
NODE_018,3520,23.2,-26.92,42.9,17.97,3,4.49,1
NODE_020,3979,77.8,-5.14,21.2,5.76,0,23.87,0
NODE_020,3558,29.4,-31.65,41.9,9.27,3,14.53,1
NODE_021,3671,40.7,-27.16,39.4,12.08,2,8.81,1
NODE_007,3523,27.5,-29.6,45.0,12.26,4,8.65,1
NODE_012,3277,10.3,-84.97,59.7,41.31,4,0.99,2
NODE_018,3051,1.0,-89.6,48.6,27.06,4,0.66,2
NODE_023,4048,81.3,-6.46,25.3,2.89,0,27.36,0
NODE_005,3932,69.2,-3.91,33.1,1.35,2,54.18,0
NODE_005,4054,82.4,-13.27,33.9,4.12,2,25.33,0
NODE_005,3585,30.5,-32.69,43.5,16.46,2,5.34,1
NODE_017,4107,91.0,-10.38,22.1,2.84,0,44.9,0
NODE_024,3970,75.1,-10.07,27.8,2.52,2,48.68,0
NODE_023,4016,79.0,-3.46,19.4,4.52,0,64.4,0
NODE_009,3772,53.9,-4.32,19.6,3.1,0,69.86,0
NODE_003,3622,34.2,-29.35,41.4,20.65,2,3.14,1
NODE_015,3958,73.5,-6.19,25.6,5.78,0,33.62,0
NODE_002,3623,35.9,-36.79,43.4,11.65,2,10.52,1
NODE_019,4202,99.5,-5.29,29.2,2.08,0,45.3,0
NODE_009,4031,80.8,-11.7,22.6,4.58,0,67.15,0
NODE_024,3947,72.3,-5.31,22.7,4.35,0,61.17,0
NODE_002,3799,54.2,-13.26,34.8,1.35,0,71.65,0
NODE_013,3937,72.0,-7.35,21.8,4.54,0,52.68,0
NODE_004,3964,73.2,-9.29,26.6,5.72,1,30.62,0
NODE_022,3601,32.2,-41.08,44.4,8.17,4,8.83,1
NODE_022,3985,76.5,-3.53,19.8,3.42,0,63.59,0
NODE_020,3403,14.7,-109.85,-6.8,36.36,10,1.21,2
NODE_022,3651,40.0,-29.1,36.3,12.72,2,5.34,1
NODE_018,3763,50.4,-14.18,25.4,3.39,0,36.98,0
NODE_024,3835,59.7,-14.72,19.7,5.66,0,63.11,0
NODE_020,3654,39.2,-41.76,44.3,9.82,2,14.7,1
NODE_019,3521,23.5,-42.01,36.2,12.12,2,3.98,1
NODE_015,3163,5.4,-101.57,58.5,28.09,6,1.97,2
NODE_009,3543,29.5,-36.02,34.7,21.38,1,8.73,1
NODE_016,3117,4.2,-104.66,48.6,33.52,10,0.62,2
NODE_021,3954,72.1,-11.89,18.6,0.89,0,59.97,0
NODE_001,3103,3.4,-82.37,57.0,26.66,15,0.89,2
NODE_013,3999,75.8,-3.72,26.8,2.9,0,60.17,0
NODE_003,3730,50.2,-3.55,32.7,3.15,0,68.49,0
NODE_012,3903,65.1,-14.34,35.9,4.06,0,64.08,0
NODE_011,3958,73.0,-5.8,29.7,1.47,0,38.74,0
NODE_007,3924,69.5,-13.72,30.4,3.18,1,41.65,0
NODE_007,3831,59.7,-6.36,28.7,3.19,0,47.19,0
NODE_010,4188,98.2,-5.26,35.4,0.59,0,36.24,0
NODE_024,3802,55.9,-5.31,30.0,3.02,0,65.21,0
NODE_005,3536,25.0,-43.06,42.8,14.84,1,14.79,1
NODE_020,4066,85.1,-13.43,21.1,0.77,0,60.86,0
NODE_015,3702,43.1,-43.27,43.8,9.6,2,11.0,1
NODE_003,3572,30.8,-23.09,45.8,17.5,1,15.69,1
NODE_019,3894,66.1,-3.42,21.8,0.75,0,21.41,0
NODE_009,3939,70.8,-6.64,28.0,2.91,1,20.2,0
NODE_004,3614,37.0,-34.84,35.9,20.31,1,3.09,1
NODE_003,3607,35.8,-37.34,42.3,19.09,2,4.65,1
NODE_005,3618,33.7,-33.88,45.3,16.55,1,5.34,1
NODE_016,3478,20.6,-22.68,37.6,13.86,2,5.49,1
NODE_017,3302,10.9,-62.35,54.6,31.61,14,1.68,2
NODE_009,3800,55.6,-13.21,33.2,5.51,0,26.63,0
NODE_002,3917,68.2,-12.48,22.5,3.89,1,42.47,0
NODE_004,3719,45.7,-40.25,43.4,14.79,1,14.64,1
NODE_024,4003,79.0,-9.97,31.4,5.44,0,23.95,0
NODE_008,4083,86.9,-4.56,24.8,1.71,0,44.16,0
NODE_014,4157,96.4,-9.54,25.0,1.25,0,52.13,0
NODE_009,3811,56.4,-6.69,19.1,1.25,1,42.76,0
NODE_006,3490,24.6,-37.03,35.9,19.12,4,14.77,1
NODE_019,3415,14.7,-132.22,54.3,44.89,13,1.24,2
NODE_015,4083,86.5,-6.17,22.4,2.3,0,66.16,0
NODE_019,3422,15.6,-59.16,47.7,44.78,15,1.94,2
NODE_002,3937,69.7,-5.28,30.5,1.04,0,22.49,0
NODE_001,3596,30.2,-39.11,38.3,11.35,4,3.21,1
NODE_022,4076,85.2,-4.7,31.5,0.63,0,59.68,0
NODE_023,4087,89.5,-10.55,26.4,3.98,1,21.82,0
NODE_023,3751,51.6,-9.89,22.9,5.7,0,60.9,0
NODE_022,4140,94.0,-6.17,19.0,5.7,0,65.95,0
NODE_004,3959,73.3,-14.51,24.6,4.06,0,48.28,0
NODE_007,3905,66.7,-8.52,29.7,4.56,0,65.04,0
NODE_023,4078,87.3,-12.29,24.3,1.97,0,32.97,0
NODE_003,3955,72.6,-8.98,32.9,3.09,0,62.57,0
NODE_010,3908,68.4,-6.92,30.5,5.88,1,28.17,0
NODE_015,3919,69.5,-12.85,35.2,0.92,0,24.05,0
NODE_005,4129,93.7,-8.75,29.3,2.11,1,47.24,0
NODE_005,3929,71.0,-6.15,18.4,1.54,0,61.31,0
NODE_017,3553,30.4,-35.74,41.8,12.57,2,12.06,1
NODE_018,3877,65.2,-13.42,32.2,1.44,0,44.15,0
NODE_010,3480,19.4,-35.47,39.5,10.33,4,12.25,1
NODE_010,3819,58.8,-6.5,34.3,4.87,0,24.31,0
NODE_011,3974,72.0,-10.56,21.7,4.39,0,70.81,0
NODE_005,3997,77.0,-13.05,23.4,5.56,0,44.97,0
NODE_005,3426,15.8,-125.96,55.2,32.69,14,1.79,2
NODE_016,3421,16.5,-72.13,57.0,39.99,15,2.28,2
NODE_015,3807,55.6,-9.25,18.7,4.23,0,19.34,0
NODE_020,3575,31.4,-42.5,34.7,16.98,2,5.89,1
NODE_009,3788,54.2,-4.81,30.2,5.77,2,39.3,0
NODE_016,4047,80.3,-3.68,34.4,2.49,0,64.11,0
NODE_012,3754,50.6,-10.86,23.5,2.95,0,29.65,0
NODE_015,3591,30.5,-33.05,36.0,18.19,3,12.47,1
NODE_014,4007,79.4,-13.97,21.7,3.11,1,71.28,0
NODE_003,3295,10.5,-106.18,-0.3,26.83,6,1.43,2
NODE_023,4179,95.7,-12.61,33.0,2.09,0,62.43,0
NODE_010,3531,27.1,-29.9,39.6,8.38,1,6.41,1
NODE_021,3618,32.2,-27.35,44.7,13.84,2,11.94,1
NODE_008,4101,88.2,-9.08,35.5,3.79,0,43.95,0
NODE_014,3298,11.0,-97.16,48.8,32.81,13,0.14,2
NODE_009,3782,52.9,-11.16,33.8,1.25,0,32.72,0
NODE_014,3751,46.7,-43.68,37.5,16.95,1,5.52,1
NODE_021,3798,54.7,-5.97,27.8,5.3,0,54.99,0
NODE_010,4048,84.9,-10.65,27.6,2.43,0,25.4,0
NODE_010,3960,74.2,-10.92,34.4,1.06,0,29.94,0
NODE_007,3613,34.8,-26.38,45.4,19.84,2,12.13,1
NODE_004,4161,95.8,-13.6,20.4,0.6,0,55.32,0
NODE_005,3726,44.7,-28.86,43.2,12.79,2,3.37,1
NODE_004,4137,92.8,-13.29,22.1,1.19,0,22.24,0
NODE_023,3463,21.4,-44.49,39.8,14.04,1,3.43,1
NODE_022,3780,53.0,-13.57,22.6,0.86,0,58.75,0
NODE_004,3163,4.3,-58.89,-3.8,22.27,15,2.36,2
NODE_019,3827,58.0,-8.99,31.1,1.83,0,23.35,0
NODE_019,3624,33.9,-25.67,45.6,10.4,3,3.06,1
NODE_024,3854,60.7,-8.95,30.7,2.52,0,41.74,0
NODE_004,3914,67.7,-10.44,21.9,1.75,0,71.17,0
NODE_004,3983,76.0,-9.05,24.5,2.09,0,22.44,0
NODE_016,3861,64.2,-7.8,23.6,5.87,0,47.91,0
NODE_010,3243,7.8,-62.89,59.0,43.48,9,0.53,2
NODE_022,3799,55.3,-9.74,29.9,0.97,0,39.63,0
NODE_019,3358,12.9,-59.68,-3.6,24.98,7,1.53,2
NODE_013,4114,91.9,-6.3,23.0,4.42,0,32.74,0
NODE_021,3185,6.7,-80.0,61.8,32.79,6,1.94,2
NODE_004,3980,74.5,-12.23,35.0,0.66,0,62.84,0
NODE_016,3741,47.2,-34.67,42.2,10.14,2,4.25,1
NODE_003,3616,33.6,-31.71,39.6,12.11,2,9.56,1
NODE_018,4137,93.0,-8.44,35.1,0.67,0,67.41,0
NODE_013,4134,92.6,-9.69,18.6,1.47,0,60.09,0
NODE_023,3953,71.5,-11.25,25.0,4.7,0,44.49,0
NODE_018,3613,35.2,-32.15,44.3,15.09,1,9.43,1
NODE_013,3557,28.6,-18.6,37.8,8.39,1,13.88,1
NODE_012,3618,35.5,-24.34,41.5,13.33,2,15.9,1
NODE_014,4043,83.1,-12.03,29.7,3.76,1,21.54,0
NODE_010,3823,58.5,-8.54,18.7,4.12,0,45.8,0
NODE_014,4065,84.8,-7.94,35.7,2.58,0,48.92,0
NODE_016,4049,83.8,-10.97,27.0,4.71,0,51.2,0
NODE_012,3174,4.2,-82.81,48.1,41.26,7,0.79,2
NODE_002,3999,78.7,-5.34,29.2,5.77,0,49.22,0
NODE_019,3778,53.4,-5.39,26.6,1.65,0,53.18,0
NODE_010,3880,65.0,-7.04,23.6,2.78,0,45.83,0
NODE_022,3525,23.4,-44.5,42.4,20.08,2,5.77,1
NODE_024,3178,5.3,-82.59,59.8,42.67,13,1.84,2
NODE_002,3924,68.2,-13.23,20.7,4.27,0,41.51,0
NODE_011,3386,15.6,-82.95,51.0,27.18,6,0.72,2
NODE_020,3859,61.9,-13.2,18.5,4.88,0,44.21,0
NODE_014,4166,95.3,-12.58,22.9,0.66,0,33.0,0
NODE_018,4134,92.6,-3.43,26.7,0.61,1,22.53,0
NODE_020,3789,53.2,-3.54,34.1,4.19,1,39.43,0
NODE_024,3513,25.1,-29.58,40.0,9.69,2,10.55,1
NODE_017,4162,94.2,-12.14,20.2,4.94,0,49.55,0
NODE_013,3707,40.3,-19.74,36.6,9.5,1,6.57,1
NODE_014,4011,79.5,-9.12,24.7,5.72,0,40.88,0
NODE_022,3870,63.9,-5.59,20.6,3.11,0,34.64,0
NODE_021,3330,10.7,-64.27,61.1,37.27,14,0.68,2
NODE_018,4053,81.9,-6.59,34.3,4.27,0,30.76,0
NODE_015,4154,95.5,-10.28,35.6,1.91,0,62.43,0
NODE_008,4132,93.0,-13.08,25.9,2.24,0,52.8,0
NODE_002,3783,54.0,-5.65,26.9,4.55,1,35.97,0
NODE_014,3355,14.1,-65.8,54.6,28.8,13,1.85,2
NODE_018,3572,31.6,-44.26,34.6,16.98,2,13.28,1
NODE_005,3829,60.0,-11.33,28.4,1.11,0,56.53,0
NODE_021,3692,43.4,-26.48,43.5,12.47,2,12.56,1
NODE_009,4016,79.7,-11.07,23.1,0.96,0,39.25,0
NODE_013,3411,15.1,-119.8,60.8,36.18,14,0.65,2
NODE_003,3179,4.2,-76.89,-3.2,30.72,8,0.46,2
NODE_012,3995,78.4,-14.83,27.5,4.75,1,62.67,0
NODE_016,4080,85.7,-12.71,33.5,4.8,0,44.69,0
NODE_005,3840,60.3,-12.41,32.8,4.5,0,27.74,0
NODE_005,4188,98.8,-12.17,26.1,1.87,0,52.95,0
NODE_003,3816,56.7,-11.12,30.5,4.28,0,56.26,0
NODE_024,3771,53.7,-8.32,18.9,5.62,0,37.13,0
NODE_020,3445,16.5,-86.16,47.7,26.34,13,1.01,2
NODE_013,3492,22.0,-20.91,34.5,10.51,1,9.41,1
NODE_011,3133,3.1,-111.44,49.1,22.92,4,2.45,2
NODE_016,3393,14.4,-72.7,51.2,41.92,13,2.09,2
NODE_009,3970,71.8,-13.02,31.3,3.2,1,48.01,0
NODE_022,3572,31.2,-39.9,34.7,10.56,2,5.13,1
NODE_015,4192,99.8,-3.87,18.7,2.46,0,44.2,0
NODE_016,4067,86.0,-13.22,24.3,1.62,0,63.09,0
NODE_024,3867,63.6,-4.31,28.5,3.71,2,46.4,0
NODE_019,4157,96.0,-12.05,27.0,1.02,0,33.35,0
NODE_022,3929,68.7,-3.85,19.9,2.28,0,42.85,0
NODE_023,3607,31.6,-19.21,41.1,8.08,4,11.53,1
NODE_015,4073,86.6,-6.19,35.2,3.63,0,20.63,0
NODE_021,4100,89.9,-6.07,27.8,3.81,0,31.78,0
NODE_008,3408,14.8,-131.97,49.4,39.49,8,1.65,2
NODE_021,3878,64.9,-5.39,31.2,5.57,1,50.59,0
NODE_012,3709,43.0,-31.16,39.9,20.4,2,10.32,1
NODE_014,3942,71.1,-10.58,21.4,3.97,0,45.72,0
NODE_015,3621,37.4,-25.73,45.2,15.38,2,4.09,1
NODE_015,4173,95.4,-9.27,20.7,1.2,1,63.44,0
NODE_017,4023,78.4,-8.39,34.5,3.32,0,40.3,0
NODE_015,3611,35.1,-38.16,37.1,9.14,2,4.48,1
NODE_022,4099,89.3,-4.89,18.8,2.79,0,34.95,0
NODE_024,4054,83.5,-7.51,22.8,5.82,1,28.11,0
NODE_006,4195,99.1,-11.89,30.1,2.89,0,39.33,0
NODE_001,3971,73.9,-6.7,33.6,5.81,0,44.28,0
NODE_020,3665,36.5,-26.35,45.6,17.45,3,4.14,1
NODE_005,3798,55.6,-14.81,35.5,5.22,0,53.03,0
NODE_021,4120,92.1,-4.7,27.7,0.97,0,26.0,0
NODE_014,3810,58.3,-13.17,30.6,5.8,0,64.43,0
NODE_019,3875,64.7,-5.05,25.1,2.34,0,63.77,0
NODE_014,3392,14.6,-73.66,55.3,27.27,11,1.06,2
NODE_017,4043,80.6,-6.86,32.7,3.18,0,46.53,0
NODE_014,3993,77.7,-11.79,29.7,5.39,0,51.63,0
NODE_021,4066,84.9,-14.75,23.2,1.56,0,30.53,0
NODE_008,4058,84.2,-3.94,33.4,4.43,0,65.69,0
NODE_024,3755,46.8,-22.51,42.1,18.28,3,13.4,1
NODE_006,3572,26.5,-24.77,42.0,9.81,1,10.87,1
NODE_004,3724,46.3,-31.67,36.8,15.8,4,7.66,1
NODE_009,3816,57.9,-5.06,34.1,0.68,0,41.25,0
NODE_020,4013,78.1,-9.16,35.9,4.82,0,59.59,0
NODE_018,3824,57.6,-6.72,27.3,4.18,0,68.04,0
NODE_015,3766,46.9,-24.59,45.7,18.94,2,14.16,1
NODE_004,3471,19.3,-42.15,41.6,20.19,4,5.04,1
NODE_010,3673,40.9,-31.54,44.4,10.16,1,13.65,1
NODE_004,3590,31.2,-33.77,43.2,11.43,3,7.44,1
NODE_017,3880,63.3,-6.42,25.5,3.96,0,58.67,0
NODE_017,3860,61.4,-5.38,25.4,2.75,0,64.03,0
NODE_022,3768,51.5,-13.25,18.2,4.93,1,22.58,0
NODE_011,4108,88.6,-9.79,25.1,0.7,1,26.15,0
NODE_019,4045,81.6,-6.44,29.9,3.36,0,39.71,0
NODE_022,3732,44.2,-25.52,37.8,12.82,3,14.7,1
NODE_020,3350,12.2,-99.84,-1.5,39.71,14,1.16,2
NODE_012,3364,13.5,-103.59,-4.4,20.92,9,1.04,2
NODE_024,3490,21.8,-18.22,37.4,9.3,2,9.78,1
NODE_021,3774,51.4,-5.44,28.7,1.83,0,57.23,0
NODE_017,3768,53.0,-10.52,29.3,2.45,0,53.15,0
NODE_004,4011,78.6,-14.94,24.1,1.8,0,49.41,0
NODE_023,3301,11.0,-92.0,52.3,27.11,15,1.47,2
NODE_005,3606,33.6,-38.31,37.9,16.15,3,7.7,1
NODE_004,3954,71.3,-10.06,19.7,2.84,0,29.6,0
NODE_003,3988,76.3,-7.94,27.3,2.67,0,44.94,0
NODE_014,3333,12.0,-54.7,53.3,24.07,12,0.41,2
NODE_023,4172,98.4,-8.84,27.5,4.32,0,19.76,0
NODE_006,3227,6.9,-54.34,53.1,23.02,13,0.8,2
NODE_017,3923,68.6,-3.11,23.5,3.17,0,25.68,0
NODE_019,4193,96.8,-11.34,23.1,1.51,0,18.11,0
NODE_018,4138,93.5,-9.99,28.3,3.61,1,60.19,0
NODE_016,3703,43.0,-41.41,35.7,16.91,3,11.67,1
NODE_005,3200,6.2,-68.02,53.1,25.82,10,0.91,2
NODE_002,3440,15.2,-73.77,60.0,37.68,13,1.61,2
NODE_023,4039,82.3,-7.27,19.5,5.75,0,58.91,0
NODE_019,4090,87.5,-8.97,18.3,4.12,0,69.97,0
NODE_009,3532,25.4,-25.95,44.7,14.22,3,10.89,1
NODE_013,3973,74.6,-3.79,24.1,1.49,0,46.51,0
NODE_013,3797,55.7,-13.81,21.0,1.29,0,22.84,0
NODE_010,3332,11.9,-134.7,49.7,37.83,8,1.04,2
NODE_011,4162,94.7,-11.9,34.9,5.45,0,30.94,0
NODE_020,3961,74.6,-5.97,24.9,1.13,0,43.1,0
NODE_014,3764,51.4,-7.4,34.4,0.6,0,49.65,0
NODE_004,3992,77.7,-5.58,23.5,2.74,0,52.33,0
NODE_007,3510,22.3,-30.41,36.0,11.43,4,15.5,1
NODE_018,3735,50.1,-9.42,32.9,2.09,2,18.03,0
NODE_016,3857,62.5,-6.84,36.0,5.13,0,63.4,0
NODE_010,4086,87.0,-8.24,23.4,2.67,0,25.54,0
NODE_018,3435,15.1,-121.02,59.0,42.1,9,1.62,2
NODE_023,3860,62.3,-3.2,24.1,3.03,0,18.86,0
NODE_023,4159,96.1,-7.69,18.1,0.55,0,48.01,0
NODE_023,3706,40.9,-30.47,43.4,17.09,1,3.4,1
NODE_022,3791,56.2,-3.34,24.8,3.81,0,63.31,0
NODE_023,3076,3.0,-106.66,-7.9,38.58,8,1.73,2
NODE_023,3794,54.5,-7.64,23.5,4.45,0,44.67,0
NODE_012,3966,74.6,-6.55,28.9,0.54,2,52.48,0
NODE_004,3267,10.1,-95.54,56.9,34.14,14,1.55,2
NODE_006,3814,56.4,-14.22,22.7,3.63,0,46.25,0
NODE_009,4057,83.9,-3.1,30.5,3.43,0,48.25,0
NODE_015,3936,71.4,-6.92,29.7,5.2,0,63.59,0
NODE_014,4043,84.0,-9.4,24.5,4.67,1,30.13,0
NODE_009,3291,9.5,-111.54,52.0,42.0,4,2.48,2
NODE_008,3246,7.8,-133.3,-6.0,27.77,14,1.6,2
NODE_001,4112,90.4,-7.89,29.3,2.34,0,23.82,0
NODE_008,3423,14.3,-66.05,50.6,21.82,13,1.59,2
NODE_004,3607,35.4,-42.69,34.7,8.47,1,14.02,1
NODE_003,3445,19.9,-23.34,34.7,16.55,2,4.32,1
NODE_002,3875,64.7,-10.42,19.7,4.64,0,50.38,0
NODE_022,3585,31.6,-32.47,39.1,16.68,1,11.46,1
NODE_022,3589,31.6,-36.14,36.3,9.44,2,3.88,1
NODE_007,3116,3.0,-94.2,54.2,35.52,6,0.68,2
NODE_002,3893,65.6,-9.77,35.3,4.65,0,65.8,0
NODE_005,3876,65.4,-10.89,24.6,0.54,0,54.63,0
NODE_002,4133,91.0,-8.29,19.0,2.39,2,52.59,0
NODE_007,3551,28.2,-26.97,42.3,21.75,2,7.3,1
NODE_019,3912,66.8,-11.4,23.9,1.08,1,67.17,0
NODE_016,3755,50.2,-12.32,22.1,3.93,0,57.67,0
NODE_011,3569,29.3,-34.19,43.9,8.09,1,7.65,1
NODE_018,3886,64.5,-12.67,28.5,4.71,0,19.6,0
NODE_007,3853,60.9,-11.86,21.1,5.16,0,28.58,0
NODE_006,3732,45.3,-44.43,42.1,13.3,3,4.44,1
NODE_007,3871,62.0,-5.29,29.9,5.68,2,71.88,0
NODE_014,3102,2.0,-127.0,58.9,24.79,10,1.77,2
NODE_011,4196,98.8,-12.07,18.8,3.89,0,46.92,0
NODE_005,3773,52.7,-5.45,33.7,5.18,1,65.84,0
NODE_007,3707,41.5,-23.64,41.4,10.34,1,14.47,1
NODE_017,3976,75.9,-12.85,30.8,3.39,0,69.61,0
NODE_016,3948,70.0,-3.95,28.5,0.7,0,28.96,0
NODE_008,3887,65.3,-4.34,28.3,5.65,0,47.73,0
NODE_005,3517,26.9,-30.99,36.8,8.58,2,7.37,1
NODE_015,3935,70.4,-5.35,23.7,2.6,0,30.62,0
NODE_021,4148,95.1,-11.47,27.0,3.51,0,32.93,0
NODE_008,3790,53.6,-14.54,21.6,1.58,0,34.35,0
NODE_022,3497,23.7,-28.69,35.7,19.97,2,10.06,1
NODE_009,3880,65.0,-5.13,32.1,2.72,0,49.32,0
NODE_021,4025,82.7,-3.13,35.1,5.26,0,57.06,0
NODE_007,3977,75.8,-5.57,31.6,4.47,0,60.76,0
NODE_011,3542,30.9,-19.57,39.0,14.14,3,3.39,1
NODE_005,3791,56.4,-3.68,18.2,4.96,0,36.35,0
NODE_014,4096,87.6,-5.85,30.4,2.15,0,48.65,0
NODE_002,3147,3.5,-54.26,56.4,35.08,13,1.48,2
NODE_013,3158,4.3,-104.84,49.8,22.72,13,2.41,2
NODE_021,3089,2.5,-130.61,47.5,37.23,11,0.16,2
NODE_007,4182,98.1,-11.59,22.2,4.13,0,21.1,0
NODE_017,3897,66.3,-4.08,25.0,5.94,0,40.59,0
NODE_024,4168,97.8,-4.61,20.3,1.63,0,56.32,0
NODE_016,4023,78.8,-11.28,21.7,4.44,0,28.89,0
NODE_005,4129,91.2,-7.74,22.4,2.31,0,44.51,0
NODE_015,4079,86.9,-11.55,33.9,3.01,0,56.43,0
NODE_010,4120,91.2,-4.8,25.5,1.49,0,41.33,0
NODE_013,3146,3.9,-88.82,61.2,25.99,6,0.76,2
NODE_021,4029,83.3,-14.2,31.1,5.46,1,40.21,0
NODE_018,3913,68.4,-5.94,27.1,4.79,0,26.9,0
NODE_007,3951,73.1,-14.12,30.5,4.62,0,58.28,0
NODE_007,3744,50.5,-13.62,34.5,2.3,0,44.18,0
NODE_003,4042,82.9,-6.44,25.9,3.09,0,26.71,0
NODE_001,3530,23.3,-41.65,42.9,10.36,2,3.15,1
NODE_009,3917,67.9,-12.4,18.6,4.21,0,55.62,0
NODE_021,3633,37.2,-25.66,44.8,13.47,1,3.68,1
NODE_001,3925,68.9,-12.58,22.5,5.5,0,18.87,0
NODE_001,3228,6.4,-122.71,50.3,42.06,14,0.5,2
NODE_006,3989,75.6,-5.21,23.8,3.95,0,68.45,0
NODE_013,3120,2.9,-120.76,49.6,30.05,9,0.13,2
NODE_007,3773,53.3,-5.22,29.7,2.53,0,29.8,0
NODE_010,3610,33.0,-18.26,42.6,19.08,4,10.4,1
NODE_009,3307,10.6,-51.67,57.2,44.31,15,0.42,2
NODE_006,3728,44.5,-36.41,44.2,14.75,1,10.91,1
NODE_019,3986,75.6,-6.1,27.1,4.38,0,19.15,0
NODE_004,4092,86.9,-5.91,29.2,0.83,0,34.02,0
NODE_005,4033,82.1,-12.14,31.1,5.94,0,65.38,0
NODE_005,4052,82.2,-5.87,27.4,5.88,0,33.58,0
NODE_001,4081,86.6,-10.89,21.7,0.8,1,71.37,0
NODE_022,3547,24.7,-21.44,40.3,10.57,2,3.84,1
NODE_016,3829,59.6,-7.39,20.5,1.62,0,50.0,0
NODE_007,3802,53.9,-6.3,23.6,4.47,0,27.53,0
NODE_008,4011,78.8,-3.39,21.6,5.24,0,69.35,0
NODE_012,3818,58.4,-9.7,27.1,4.54,0,62.26,0
NODE_016,3916,69.1,-4.75,31.7,5.57,0,26.25,0
NODE_024,3917,69.0,-11.33,23.1,3.59,0,35.99,0
NODE_023,3823,57.7,-12.72,18.2,3.25,0,44.54,0
NODE_014,3449,16.5,-106.42,56.6,34.71,10,2.22,2
NODE_004,3998,78.3,-12.67,25.9,1.9,1,57.0,0
NODE_017,3640,37.0,-35.06,34.7,13.39,2,6.21,1
NODE_016,4137,90.7,-7.43,30.2,4.34,0,32.11,0
NODE_015,3163,3.4,-117.73,56.9,24.04,5,1.95,2
NODE_021,3571,29.5,-25.94,45.7,9.12,4,14.39,1
NODE_006,3526,25.6,-36.84,45.6,17.22,1,7.0,1
NODE_014,3729,45.7,-21.53,35.3,16.02,3,13.58,1
NODE_009,3738,45.9,-34.25,37.7,21.82,3,3.02,1
NODE_003,3560,30.5,-33.75,37.5,14.03,1,5.42,1
NODE_005,3829,59.1,-3.62,26.1,4.98,0,21.19,0
NODE_006,3482,23.8,-18.46,44.5,14.17,4,4.42,1
NODE_021,3885,64.7,-10.47,23.0,2.38,0,43.81,0
NODE_022,3462,18.3,-37.82,45.5,17.31,3,3.54,1
NODE_007,3748,50.4,-7.76,35.8,4.69,1,43.55,0
NODE_011,3574,28.1,-26.59,38.1,12.41,1,7.7,1
NODE_013,3763,52.9,-10.73,23.9,1.05,0,55.71,0
NODE_024,3705,45.8,-44.31,35.5,15.43,4,12.77,1
NODE_008,4030,80.9,-7.09,26.6,2.77,0,71.25,0
NODE_011,3922,68.0,-14.45,32.5,2.29,0,50.77,0
NODE_013,3713,41.8,-35.59,45.3,21.18,2,11.56,1
NODE_023,3340,12.7,-113.55,-6.3,33.0,13,1.98,2
NODE_023,3818,56.4,-5.44,23.4,4.2,0,65.24,0
NODE_006,3432,16.3,-96.6,50.7,24.26,14,1.78,2
NODE_004,4070,85.8,-13.08,34.7,5.46,0,29.9,0
NODE_009,3748,46.5,-26.89,42.0,20.92,2,9.4,1
NODE_023,3857,61.2,-8.09,34.6,0.86,0,67.15,0
NODE_024,3540,29.4,-27.66,40.7,19.99,3,5.91,1
NODE_004,3814,55.6,-10.92,28.7,1.53,1,48.93,0
NODE_005,3460,16.3,-88.08,-7.3,33.39,10,2.45,2
NODE_011,3679,41.9,-19.78,35.5,17.29,2,4.39,1
NODE_001,3961,73.0,-13.26,35.0,5.1,0,42.61,0
NODE_020,4091,87.4,-4.81,32.9,0.69,0,45.13,0
NODE_023,4201,99.8,-6.52,26.6,5.06,0,56.02,0
NODE_013,4109,90.5,-13.17,30.9,5.16,1,30.15,0
NODE_024,4132,93.3,-12.85,26.8,2.65,2,53.6,0
NODE_006,3279,9.8,-109.63,61.9,38.94,10,0.27,2
NODE_024,4075,84.8,-12.66,33.4,2.67,0,58.62,0
NODE_019,3104,1.9,-55.89,56.8,34.43,11,1.77,2
NODE_010,3145,4.4,-67.61,-0.2,29.06,13,0.34,2
NODE_005,4199,99.1,-6.85,21.0,0.81,0,43.59,0
NODE_002,3953,75.8,-10.94,25.8,1.32,0,31.23,0
NODE_004,3981,74.4,-6.74,35.2,4.09,0,55.36,0
NODE_022,3657,41.3,-21.65,41.8,11.85,2,7.78,1
NODE_004,3801,56.1,-7.3,34.4,1.74,0,71.32,0
NODE_016,4074,87.3,-5.47,21.3,3.16,0,41.42,0
NODE_019,3883,66.3,-6.43,33.5,3.46,0,55.84,0
NODE_013,4002,76.8,-5.25,26.8,3.35,0,56.54,0
NODE_021,4084,87.6,-3.41,34.2,1.49,0,27.72,0
NODE_018,3894,65.7,-14.53,28.4,4.09,0,31.87,0
NODE_002,3805,56.2,-11.42,35.4,1.44,2,53.54,0
NODE_008,4180,97.3,-8.77,32.1,4.13,0,49.16,0
NODE_023,4160,95.5,-3.04,28.9,3.31,0,53.78,0
NODE_002,3821,59.4,-11.4,33.0,5.77,0,29.67,0
NODE_012,4088,86.5,-9.94,27.9,1.93,0,26.82,0
NODE_015,3859,62.7,-9.9,30.5,3.45,0,57.56,0
NODE_021,3484,23.8,-34.95,41.9,19.49,2,8.46,1
NODE_005,4100,89.4,-10.45,35.4,1.86,0,46.7,0
NODE_022,3794,53.3,-7.32,24.5,2.33,0,64.92,0
NODE_008,3802,54.9,-3.25,22.0,5.73,0,24.67,0
NODE_017,3536,27.2,-22.82,39.9,15.41,2,14.25,1
NODE_018,3791,55.0,-14.42,23.7,4.64,0,61.53,0
NODE_022,3267,9.5,-86.48,54.2,23.19,4,1.75,2
NODE_023,3827,56.3,-10.45,31.2,0.79,0,70.62,0
NODE_023,3659,38.3,-33.71,39.5,14.15,1,9.09,1
NODE_010,3946,71.4,-3.7,33.9,4.98,0,64.33,0
NODE_010,3901,65.6,-13.92,19.4,4.51,1,26.92,0
NODE_002,3881,64.3,-3.84,32.6,0.56,1,54.56,0
NODE_024,3971,74.9,-6.78,30.2,3.43,0,18.75,0
NODE_007,3350,12.9,-75.73,58.2,26.11,15,1.69,2
NODE_017,3461,19.3,-32.89,36.0,21.02,3,14.75,1
NODE_006,4127,92.0,-8.84,35.1,2.82,0,38.16,0
NODE_004,4062,84.0,-5.02,33.3,5.22,0,44.09,0
NODE_009,4082,86.9,-8.17,21.9,2.18,1,52.72,0
NODE_002,3424,15.3,-63.65,-7.9,31.51,8,0.95,2
NODE_001,4074,86.1,-10.18,18.2,2.87,0,46.57,0
NODE_005,4161,95.7,-14.92,31.9,1.88,0,38.21,0
NODE_012,3811,59.1,-5.26,20.0,2.91,0,26.74,0
NODE_012,3465,18.2,-21.14,42.5,9.55,1,4.74,1
NODE_014,3725,45.0,-40.67,36.4,14.71,2,6.46,1
NODE_014,3982,74.8,-6.82,20.3,4.63,0,39.59,0
NODE_024,3332,14.5,-105.0,-6.7,20.53,6,0.93,2
NODE_001,3552,25.1,-26.69,38.1,21.67,2,8.65,1
NODE_010,3785,54.1,-9.85,29.1,4.51,0,33.18,0
NODE_004,3470,16.9,-117.74,50.0,37.66,5,1.78,2
NODE_017,3491,23.7,-21.92,41.5,10.08,1,8.22,1
NODE_009,3435,15.9,-101.63,48.4,21.27,10,1.36,2
NODE_023,3503,24.9,-35.92,39.8,15.14,2,6.96,1
NODE_009,4168,97.1,-6.46,22.4,5.42,0,18.03,0
NODE_022,3542,24.4,-32.25,44.9,9.41,1,15.33,1
NODE_012,3798,55.6,-6.97,30.3,4.74,0,37.47,0
NODE_012,3629,35.7,-28.67,36.9,11.86,2,4.13,1
NODE_004,4092,87.1,-13.56,28.6,5.52,0,28.28,0
NODE_023,3799,54.9,-3.7,29.1,2.16,0,59.09,0
NODE_018,3465,19.3,-39.82,40.6,11.54,3,14.09,1
NODE_018,3417,15.3,-99.64,60.7,21.69,10,1.36,2
NODE_017,3536,23.0,-37.6,45.6,12.06,4,3.79,1
NODE_023,4115,90.7,-9.06,27.6,3.32,0,41.64,0
NODE_017,4102,89.0,-10.19,22.9,1.51,0,29.76,0
NODE_023,4178,96.4,-8.85,27.1,4.46,0,64.03,0
NODE_010,3632,34.6,-40.38,34.5,11.34,1,4.93,1
NODE_009,3199,5.3,-68.84,50.7,40.59,12,0.38,2
NODE_021,4028,80.3,-10.57,19.5,4.38,0,56.99,0
NODE_014,3161,5.7,-51.33,47.2,28.89,15,2.42,2
NODE_006,3773,50.8,-7.11,33.6,5.66,0,57.02,0
NODE_023,4032,82.7,-4.56,29.4,3.53,0,29.91,0
NODE_009,4036,81.5,-4.7,25.1,2.95,0,41.43,0
NODE_005,3093,2.5,-123.66,2.3,24.72,11,2.36,2
NODE_006,3455,18.6,-40.6,36.1,13.52,2,3.9,1
NODE_003,3958,72.8,-7.26,25.2,4.48,0,58.52,0
NODE_001,3568,29.3,-44.44,43.9,18.69,2,3.57,1
NODE_008,3536,26.0,-19.66,41.2,19.09,1,13.29,1
NODE_018,3575,28.2,-25.9,36.4,14.73,2,8.78,1
NODE_006,3970,73.9,-12.07,27.8,1.97,0,19.15,0
NODE_002,3881,64.8,-8.86,33.1,1.28,1,19.3,0
NODE_014,3918,67.7,-11.56,34.6,4.26,0,56.6,0
NODE_004,4207,99.5,-12.31,35.2,2.05,0,36.02,0
NODE_012,3395,15.7,-59.4,49.7,33.26,13,0.54,2
NODE_014,4056,83.4,-11.38,32.7,2.42,0,67.48,0
NODE_022,3876,63.3,-4.12,32.4,4.84,1,70.81,0
NODE_021,3813,57.4,-9.64,32.3,5.87,0,24.11,0
NODE_014,3205,5.5,-131.86,49.7,29.63,9,1.29,2
NODE_016,3571,30.4,-23.58,38.0,19.23,2,6.2,1
NODE_014,3993,76.9,-9.09,27.7,1.77,0,56.61,0
NODE_017,4060,84.7,-6.02,30.7,1.79,0,71.67,0
NODE_001,3963,73.7,-13.4,20.0,5.51,0,63.86,0
NODE_005,3803,57.2,-4.76,35.5,5.52,0,62.7,0
NODE_002,3463,21.5,-26.21,35.7,18.26,2,8.52,1
NODE_002,3672,37.9,-43.01,44.0,20.19,1,7.75,1
NODE_003,3747,50.6,-5.03,25.5,4.71,0,25.57,0
NODE_017,3524,27.0,-33.89,38.0,18.94,2,6.73,1
NODE_005,4017,82.1,-7.75,21.1,1.38,0,40.88,0
NODE_015,4116,91.5,-3.97,27.0,4.4,0,26.47,0
NODE_003,4176,98.9,-13.5,21.8,3.9,0,27.92,0
NODE_024,3334,10.7,-133.05,54.2,36.32,10,2.09,2
NODE_006,3927,68.6,-9.91,22.9,1.07,0,60.06,0
NODE_011,3870,64.1,-8.5,19.2,3.78,0,34.69,0
NODE_018,4190,96.5,-12.12,19.5,3.64,0,71.27,0
NODE_016,3901,65.7,-3.68,18.2,2.46,0,39.5,0
NODE_007,3922,69.5,-10.73,20.3,4.21,0,66.41,0
NODE_017,4088,90.4,-13.2,28.6,2.6,0,64.01,0
NODE_010,4079,84.1,-14.05,29.3,5.74,0,29.64,0
NODE_022,3659,41.1,-40.65,45.6,15.23,2,11.47,1
NODE_011,3792,56.6,-11.51,29.2,5.67,0,56.49,0
NODE_022,3854,60.4,-7.68,19.3,1.34,0,44.87,0
NODE_001,4166,93.5,-8.43,35.4,4.8,0,23.08,0
NODE_011,3896,64.8,-14.18,28.4,2.44,0,56.38,0
NODE_015,3968,73.7,-11.93,33.8,4.08,0,24.69,0
NODE_019,3919,68.2,-11.56,25.4,3.91,0,41.8,0
NODE_017,3748,46.6,-34.91,42.2,15.08,1,14.38,1
NODE_022,4197,98.9,-14.32,32.2,4.35,0,26.35,0
NODE_004,3824,57.9,-10.21,19.3,2.64,0,23.05,0
NODE_015,3991,76.8,-5.18,20.0,1.49,0,69.82,0
NODE_013,3508,24.0,-36.12,37.8,21.95,2,12.13,1
NODE_016,3947,72.7,-8.46,35.1,1.3,0,48.68,0
NODE_020,3464,19.9,-23.17,43.5,21.7,1,5.75,1
NODE_001,3297,11.9,-115.71,48.3,21.73,10,0.3,2
NODE_023,3937,71.0,-12.43,34.1,1.51,0,66.33,0
NODE_014,4079,87.7,-13.03,24.3,2.81,0,55.2,0
NODE_006,3215,8.0,-57.87,59.3,34.02,13,0.58,2
NODE_024,3637,36.5,-36.26,45.8,21.15,2,12.58,1
NODE_011,4167,94.8,-3.79,27.0,2.24,0,54.39,0
NODE_009,3760,50.2,-9.59,33.0,1.19,0,70.35,0
NODE_004,4069,87.3,-12.75,30.5,4.76,0,29.67,0
NODE_007,3419,16.5,-88.08,1.8,20.4,8,1.31,2
NODE_004,3658,37.5,-32.69,38.9,12.93,2,9.8,1
NODE_011,3819,58.8,-9.86,21.2,3.77,0,38.6,0
NODE_022,3577,31.1,-37.35,41.4,20.95,3,15.94,1
NODE_004,3762,50.8,-3.81,19.9,4.62,0,47.42,0
NODE_021,4001,79.1,-14.61,23.2,2.81,0,42.55,0
NODE_013,4136,92.8,-3.59,24.3,4.87,0,67.03,0
NODE_021,3652,40.2,-44.79,38.5,11.14,1,14.43,1
NODE_009,4150,95.1,-4.09,30.1,0.52,1,19.76,0
NODE_001,3921,68.7,-5.2,32.8,3.8,0,69.79,0
NODE_014,4172,98.7,-12.69,29.6,5.06,0,49.2,0
NODE_005,3229,7.2,-74.47,51.8,23.96,7,0.34,2
NODE_005,4033,81.6,-5.59,33.2,3.95,0,47.86,0
NODE_011,3797,54.7,-9.75,29.3,3.76,0,56.21,0
NODE_003,3763,51.3,-6.19,35.7,3.99,0,28.07,0
NODE_021,3212,5.8,-91.81,1.4,39.65,8,1.68,2
NODE_009,3815,57.2,-14.72,35.7,5.27,0,68.07,0
NODE_004,3872,64.1,-4.26,19.7,3.22,0,63.27,0
NODE_013,4109,89.8,-10.04,26.8,3.94,0,40.67,0
NODE_011,3593,31.5,-40.65,37.6,20.65,2,11.21,1
NODE_002,3904,67.1,-10.84,35.9,3.8,0,46.17,0
NODE_009,3146,4.1,-137.34,-1.9,23.81,9,0.38,2
NODE_007,3805,56.9,-14.0,30.4,1.2,0,28.76,0
NODE_003,3991,77.6,-11.47,31.4,3.23,0,39.6,0
NODE_007,3825,59.9,-4.85,30.9,5.79,0,60.83,0
NODE_019,4124,89.7,-3.55,26.8,5.36,0,58.34,0
NODE_011,3613,36.2,-33.41,40.8,13.24,2,3.84,1
NODE_006,3420,16.3,-117.22,56.1,41.93,12,0.95,2
NODE_001,4106,90.5,-9.85,21.3,1.85,0,38.07,0
NODE_005,3500,21.7,-36.4,34.1,12.6,2,13.34,1
NODE_008,3920,69.3,-7.78,27.5,1.07,0,50.83,0
NODE_022,4164,94.6,-9.94,31.6,2.25,0,28.64,0
NODE_016,4188,99.5,-9.95,20.2,1.44,0,38.67,0
NODE_019,3760,50.9,-5.6,28.4,0.53,0,25.08,0
NODE_013,3981,76.7,-8.67,24.1,0.59,0,62.81,0
NODE_014,3564,26.2,-24.65,38.8,15.79,1,10.96,1
NODE_013,4180,99.2,-9.08,29.5,5.51,0,68.64,0
NODE_004,3774,52.4,-14.88,19.9,2.28,0,41.53,0
NODE_006,4082,86.2,-5.25,32.7,3.46,0,55.17,0
NODE_002,4107,89.2,-13.67,35.0,0.91,0,51.09,0
NODE_013,3824,58.5,-13.35,26.3,1.19,1,58.66,0
NODE_014,3648,38.0,-30.91,36.9,14.69,2,6.65,1
NODE_024,3791,54.6,-5.81,30.8,2.44,0,31.09,0
NODE_021,3509,24.2,-42.89,45.7,8.84,1,5.81,1
NODE_013,3806,55.2,-12.5,28.6,3.4,1,59.07,0
NODE_010,3679,37.7,-22.11,35.3,9.82,4,8.01,1
NODE_015,3255,9.2,-69.8,-4.7,24.1,8,2.38,2
NODE_019,3473,22.4,-21.34,42.9,11.37,3,5.43,1
NODE_001,3988,76.5,-10.78,20.1,3.53,0,29.45,0
NODE_013,4004,75.4,-14.36,22.9,1.04,0,57.53,0
NODE_014,3827,59.5,-12.88,23.0,3.84,0,23.9,0
NODE_002,3762,46.8,-39.07,34.6,8.5,1,3.86,1
NODE_004,4163,94.1,-6.61,25.3,2.66,0,62.5,0
NODE_023,3837,60.3,-5.57,24.3,2.08,0,57.63,0
NODE_004,4164,95.4,-7.53,31.3,5.19,0,27.19,0
NODE_022,3850,59.4,-4.2,20.6,0.57,0,36.04,0
NODE_006,3397,15.1,-124.63,47.1,28.8,11,1.5,2
NODE_016,3247,8.6,-135.93,0.2,27.27,7,1.36,2
NODE_006,3673,41.3,-42.3,43.6,12.7,2,7.56,1
NODE_018,3958,74.3,-10.63,18.2,2.44,0,66.13,0
NODE_022,3400,15.4,-86.38,0.2,38.21,4,0.45,2
NODE_014,3297,11.5,-127.25,50.7,38.53,10,0.96,2
NODE_024,4164,96.0,-10.47,19.9,2.01,0,47.43,0
NODE_015,3387,15.0,-124.25,52.2,28.28,13,1.1,2
NODE_009,3770,52.1,-8.76,24.2,3.87,0,42.57,0
NODE_012,4170,98.5,-9.01,30.3,3.06,0,70.2,0
NODE_020,3826,58.1,-9.16,19.2,2.12,0,29.74,0
NODE_019,3978,74.4,-14.94,24.3,5.09,0,25.44,0
NODE_010,3570,33.1,-19.12,40.7,21.35,2,4.85,1
NODE_024,4017,79.3,-14.03,21.9,3.1,0,61.83,0
NODE_021,3941,70.0,-4.15,34.1,5.56,0,27.36,0
NODE_014,3528,27.7,-29.39,42.2,10.79,1,10.21,1
NODE_010,3900,64.9,-3.87,26.3,1.51,0,63.03,0
NODE_004,3953,72.1,-11.24,34.8,4.42,0,41.09,0
NODE_014,3233,8.4,-57.87,1.2,22.21,6,1.58,2
NODE_010,3623,35.4,-34.93,41.5,20.6,3,3.7,1
NODE_013,4057,83.5,-9.45,31.7,3.35,0,22.57,0
NODE_009,3646,37.5,-36.0,35.2,12.07,2,7.31,1
NODE_002,4018,79.2,-8.87,30.9,4.36,0,48.35,0
NODE_016,4143,94.8,-7.32,20.8,3.96,0,68.57,0
NODE_016,3512,24.0,-43.19,35.8,20.32,2,6.21,1
NODE_004,4110,91.6,-9.67,19.0,1.17,0,71.07,0
NODE_008,3612,34.4,-22.81,42.2,20.03,2,8.62,1
NODE_021,3804,57.1,-6.06,22.3,3.31,0,28.82,0
NODE_016,4043,83.4,-3.49,26.9,4.17,0,55.67,0
NODE_004,4128,90.7,-13.22,23.1,1.16,0,49.35,0
NODE_002,3734,44.8,-28.26,34.5,20.7,4,9.08,1
NODE_024,3760,50.5,-13.1,27.0,5.24,0,66.74,0
NODE_017,3767,53.1,-7.13,24.3,4.46,0,56.62,0
NODE_005,4090,88.1,-11.36,25.1,5.54,0,38.33,0
NODE_016,3522,23.4,-25.87,40.1,17.22,1,12.07,1
NODE_019,3207,6.6,-84.43,47.7,41.3,6,0.66,2
NODE_022,4193,96.7,-9.28,31.7,5.9,0,57.56,0
NODE_008,4150,94.0,-6.26,24.9,5.85,1,21.34,0
NODE_009,4132,92.3,-14.13,31.7,3.84,0,67.87,0
NODE_011,3949,72.5,-13.4,29.5,3.56,0,44.52,0
NODE_022,3841,60.1,-13.05,32.6,4.95,0,49.43,0
NODE_021,3106,2.5,-137.01,-7.9,39.36,13,1.41,2
NODE_003,4064,84.1,-3.51,31.1,3.4,0,29.2,0
NODE_016,3919,67.8,-4.2,33.4,4.91,0,51.78,0
NODE_003,3799,56.4,-8.79,19.8,3.24,0,47.19,0
NODE_001,4159,97.0,-3.93,22.5,4.37,0,65.06,0
NODE_010,3990,78.8,-4.76,34.8,3.25,0,21.06,0
NODE_023,3303,10.3,-55.68,56.8,20.81,10,0.73,2
NODE_011,3073,2.0,-121.62,51.9,38.93,4,0.67,2
NODE_003,3586,34.9,-28.53,44.0,19.3,1,3.92,1
NODE_014,4029,80.6,-14.03,27.9,5.71,0,20.25,0
NODE_002,3876,61.3,-10.8,26.6,4.8,1,30.3,0
NODE_002,4101,89.1,-12.65,28.9,2.59,0,18.98,0
NODE_016,4102,88.3,-6.65,25.7,2.85,0,41.65,0
NODE_020,3213,6.9,-122.57,47.9,25.8,13,0.12,2
NODE_014,3715,44.7,-23.58,40.8,21.87,1,12.36,1
NODE_002,3816,56.3,-12.83,18.8,2.42,0,31.19,0
NODE_010,3926,69.9,-7.11,29.8,0.92,1,29.12,0
NODE_023,3561,28.7,-20.29,36.6,17.98,4,13.14,1
NODE_010,3171,4.9,-59.63,55.1,22.61,9,2.26,2
NODE_023,3243,8.8,-132.94,59.6,33.02,8,1.88,2
NODE_007,4086,86.2,-5.54,18.6,1.79,0,59.27,0
NODE_004,4124,91.8,-11.76,28.6,2.15,1,21.22,0
NODE_020,3750,50.9,-10.41,26.0,1.73,0,53.64,0
NODE_018,3892,65.3,-8.5,24.3,0.64,0,66.23,0
NODE_009,3613,35.7,-24.55,38.1,19.61,2,8.56,1
NODE_024,3357,13.0,-67.33,61.3,43.31,8,2.16,2
NODE_018,4007,78.6,-8.18,27.3,1.39,0,58.26,0
NODE_008,3767,50.8,-5.4,35.1,0.97,0,47.31,0
NODE_011,3772,51.9,-11.71,22.8,1.88,0,59.66,0
NODE_001,4005,78.4,-11.15,22.8,1.48,0,41.76,0
NODE_015,3919,67.9,-7.35,28.0,2.75,0,22.3,0
NODE_020,4192,97.7,-9.71,22.6,4.83,0,44.73,0
NODE_008,3502,22.4,-28.32,34.6,9.6,1,11.9,1
NODE_015,3768,52.1,-6.39,19.1,4.43,0,31.9,0
NODE_022,3685,43.5,-30.41,34.5,11.29,1,9.59,1
NODE_004,3845,61.8,-11.09,24.7,5.02,0,52.66,0
NODE_010,3893,66.3,-5.54,24.0,2.74,0,43.42,0
NODE_010,3488,22.8,-43.8,45.2,20.77,1,10.92,1
NODE_011,4099,89.0,-8.9,28.5,2.39,0,62.86,0
NODE_002,3495,22.5,-24.41,41.8,21.37,4,15.9,1
NODE_019,4013,78.7,-8.42,25.5,4.53,0,46.5,0
NODE_002,3646,37.8,-30.95,37.8,10.73,2,14.84,1
NODE_011,4100,88.4,-10.66,26.2,4.62,0,31.02,0
NODE_024,3229,7.6,-132.83,48.1,29.06,11,1.55,2
NODE_015,3489,24.9,-22.65,45.8,20.96,1,14.82,1
NODE_022,3802,56.9,-11.88,23.2,2.23,0,40.74,0
NODE_005,4033,81.6,-5.73,34.2,5.32,0,24.52,0
NODE_009,3645,39.3,-32.31,35.2,20.17,3,3.31,1
NODE_006,3135,3.1,-61.98,60.6,28.86,10,1.77,2
NODE_008,3508,21.6,-20.77,44.8,16.28,2,15.92,1
NODE_002,4176,96.0,-3.6,34.4,3.97,0,41.53,0
NODE_016,3666,40.0,-25.46,41.1,19.48,2,4.98,1
NODE_001,3931,68.5,-7.21,24.8,2.91,0,49.76,0
NODE_004,3973,74.7,-14.42,27.3,3.39,0,68.11,0
NODE_010,3889,65.9,-12.86,20.6,4.98,0,71.42,0
NODE_007,3869,63.9,-4.44,23.7,2.41,0,33.54,0
NODE_016,4145,94.3,-11.54,34.5,5.94,0,67.92,0
NODE_022,3789,54.8,-8.37,27.2,1.43,0,20.15,0
NODE_018,3839,59.8,-9.14,32.8,2.53,0,69.19,0
NODE_014,3608,33.6,-22.56,37.5,9.53,2,13.98,1
NODE_015,3259,8.9,-132.18,-4.7,36.72,9,2.03,2
NODE_024,3674,39.8,-36.17,40.1,11.87,2,9.67,1
NODE_003,3562,27.4,-20.03,39.2,21.05,3,7.13,1
NODE_018,3727,44.3,-44.04,41.6,8.11,1,7.89,1
NODE_008,3507,26.0,-40.91,43.8,18.27,1,5.58,1
NODE_003,3345,14.7,-72.55,-7.2,33.94,7,1.8,2
NODE_002,3877,63.2,-10.44,28.5,4.01,0,53.47,0
NODE_006,3362,14.5,-61.25,54.4,35.75,13,0.96,2
NODE_016,3846,60.9,-3.44,34.1,4.7,0,42.15,0
NODE_008,3467,21.5,-32.45,37.8,9.59,2,12.16,1
NODE_016,3682,43.9,-28.77,42.2,8.41,1,5.8,1
NODE_014,4102,88.6,-11.86,23.7,2.65,0,39.53,0
NODE_002,4085,86.4,-10.92,32.7,2.2,0,48.92,0
NODE_006,4095,89.0,-13.68,35.4,3.86,0,47.15,0
NODE_024,3894,69.0,-5.63,24.0,2.44,0,21.43,0
NODE_002,3907,68.1,-12.62,20.8,3.45,1,30.38,0
NODE_006,3206,6.3,-120.59,61.1,20.9,4,1.91,2
NODE_017,3914,69.9,-9.18,20.8,2.16,0,59.71,0
NODE_008,4089,87.5,-5.24,24.8,2.7,0,65.34,0
NODE_003,3976,75.2,-6.56,31.2,0.61,0,47.25,0
NODE_005,4020,79.4,-10.31,33.0,5.23,0,40.96,0
NODE_024,3874,63.7,-12.57,22.8,4.11,0,33.73,0
NODE_003,3923,70.3,-11.66,23.1,4.37,0,38.65,0
NODE_016,3753,46.5,-24.41,42.6,14.33,2,3.32,1
NODE_008,3962,73.8,-13.69,23.6,1.29,0,22.52,0
NODE_018,4138,93.2,-9.12,22.5,1.28,0,43.57,0
NODE_024,3664,40.8,-43.41,39.9,13.77,2,13.85,1
NODE_002,3999,78.3,-10.12,18.1,4.3,0,60.91,0
NODE_018,4172,98.0,-12.17,26.3,3.16,0,57.94,0
NODE_024,3795,55.3,-6.61,24.8,4.66,0,58.4,0
NODE_006,4158,93.5,-13.64,33.9,3.22,0,46.33,0
NODE_005,3593,34.4,-34.22,37.6,14.1,1,14.99,1
NODE_022,3878,66.1,-4.33,28.1,1.41,0,54.99,0
NODE_020,3242,6.9,-85.59,50.2,28.25,15,1.83,2
NODE_005,4069,85.8,-9.31,23.7,1.49,0,71.64,0
NODE_001,3827,59.4,-6.67,27.7,2.32,0,43.31,0
NODE_006,4046,81.8,-4.4,24.2,0.58,0,33.35,0
NODE_014,3881,65.3,-7.51,25.3,1.9,0,53.61,0
NODE_003,3814,55.1,-12.4,21.2,3.6,0,46.21,0
NODE_021,3559,27.9,-24.16,41.1,11.88,3,14.33,1
NODE_022,3142,4.3,-139.76,-5.4,43.24,13,0.45,2
NODE_006,3771,50.0,-14.07,35.5,1.25,0,40.97,0
NODE_016,3969,75.0,-13.59,28.1,2.58,0,43.62,0
NODE_010,3556,27.5,-42.89,41.3,10.99,1,11.24,1
NODE_009,3706,43.2,-29.87,39.9,19.05,2,10.25,1
NODE_014,3522,23.3,-21.61,44.3,18.79,1,8.51,1
NODE_020,4214,99.9,-3.73,24.9,1.48,0,18.58,0
NODE_015,3838,59.7,-7.97,23.9,5.51,1,45.15,0
NODE_001,3448,19.0,-37.58,39.7,8.61,2,6.29,1
NODE_021,4012,78.6,-14.63,30.9,3.09,0,42.54,0
NODE_006,4136,93.7,-5.99,32.5,0.71,0,66.29,0
NODE_005,3533,23.3,-22.02,35.0,19.68,1,8.76,1
NODE_023,3795,54.9,-8.47,35.7,1.57,0,18.9,0
NODE_022,3539,27.5,-25.85,44.9,16.22,4,9.71,1
NODE_022,4128,91.9,-6.96,19.2,5.04,0,57.36,0
NODE_003,3756,52.2,-7.7,30.4,2.75,0,63.47,0
NODE_001,3992,78.0,-13.59,26.4,5.1,0,68.23,0
NODE_003,3802,54.5,-6.25,21.3,3.75,1,59.4,0
NODE_001,3911,68.7,-14.02,31.0,1.86,0,52.69,0
NODE_007,3655,40.1,-36.62,38.6,12.02,1,10.35,1
NODE_014,3840,59.4,-4.4,21.2,2.12,0,32.29,0
NODE_016,3925,68.2,-5.73,27.4,5.06,0,27.21,0
NODE_019,3999,76.9,-12.47,30.6,2.41,0,61.0,0
NODE_007,4195,98.4,-8.38,31.4,1.98,0,29.38,0
NODE_007,3756,51.6,-13.62,29.8,1.53,0,49.69,0
NODE_012,4032,82.9,-4.18,23.8,1.08,0,66.66,0
NODE_006,3915,66.7,-7.23,19.8,5.52,0,43.21,0
NODE_006,3576,31.2,-28.35,41.1,17.72,2,9.16,1
NODE_008,3915,68.7,-10.95,30.2,2.15,2,65.38,0
NODE_017,3954,71.3,-11.77,28.4,3.76,0,26.98,0
NODE_010,3448,16.4,-55.14,3.7,38.8,6,1.69,2
NODE_002,3199,5.9,-71.08,53.9,24.13,4,1.68,2
NODE_007,3230,5.8,-132.77,-5.6,22.25,7,0.47,2
NODE_018,3552,29.2,-32.11,38.1,14.59,2,12.08,1
NODE_016,3713,42.9,-25.93,43.2,9.34,1,12.92,1
NODE_005,3897,66.4,-11.6,30.1,5.3,0,46.84,0
NODE_012,4085,87.0,-7.96,22.0,3.85,0,37.93,0
NODE_011,3766,50.1,-7.81,25.2,0.92,0,45.0,0
NODE_002,3951,71.8,-10.92,29.8,2.84,0,38.89,0
NODE_016,4186,97.9,-9.94,20.9,4.25,0,43.11,0
NODE_003,4090,86.6,-7.13,25.3,4.94,0,24.95,0
NODE_017,3950,72.7,-9.17,35.3,2.71,0,34.36,0
NODE_009,3472,21.5,-23.21,44.9,15.03,3,12.26,1
NODE_018,3094,2.8,-123.9,58.4,41.76,5,0.46,2
NODE_011,3300,12.3,-116.79,56.2,41.81,10,0.22,2
NODE_010,4161,93.4,-9.48,18.9,3.8,0,40.99,0
NODE_022,4107,91.0,-8.49,21.2,2.46,0,35.53,0
NODE_021,3798,55.6,-6.22,27.6,2.68,0,46.89,0
NODE_005,3635,37.0,-33.36,37.3,21.61,2,6.17,1
NODE_024,3625,35.1,-43.9,37.9,8.54,2,12.41,1
NODE_004,4199,99.0,-14.05,34.7,4.62,0,19.21,0
NODE_024,4052,82.6,-4.4,33.1,2.88,0,28.35,0
NODE_009,3293,10.8,-91.48,57.4,21.22,13,1.24,2
NODE_014,4058,84.4,-12.77,27.0,0.75,0,27.79,0
NODE_010,3936,70.4,-14.78,25.5,1.21,0,50.35,0
NODE_021,3847,61.1,-14.78,23.8,0.85,0,56.45,0
NODE_015,4051,81.7,-11.05,25.0,5.61,0,36.39,0
NODE_012,3502,22.6,-21.93,40.0,15.45,1,8.07,1
NODE_013,4140,92.6,-3.39,29.4,3.59,0,29.21,0
NODE_017,3887,64.6,-11.22,30.1,0.66,0,27.0,0
NODE_012,3948,70.8,-5.82,31.5,2.06,0,71.44,0
NODE_013,3126,3.1,-85.36,48.5,25.46,5,1.47,2
NODE_006,3336,13.3,-51.41,55.3,28.8,7,1.1,2
NODE_020,4100,88.5,-7.44,30.0,4.28,0,52.36,0
NODE_017,3919,69.6,-4.69,26.9,3.05,0,42.27,0
NODE_006,3746,50.2,-5.04,31.7,4.11,0,23.31,0
NODE_019,3751,47.2,-33.92,41.6,16.66,1,11.06,1
NODE_003,4091,86.6,-3.65,23.9,1.87,0,43.48,0
NODE_003,3082,1.4,-85.88,52.8,32.78,7,2.14,2
NODE_006,4078,86.2,-12.13,26.5,4.42,0,25.16,0
NODE_003,3185,4.3,-98.49,-0.8,44.74,6,2.43,2
NODE_017,3694,42.1,-22.38,44.5,20.72,1,12.39,1
NODE_003,3790,51.6,-6.88,33.6,5.98,1,21.8,0
NODE_014,3417,15.1,-91.64,56.1,44.73,15,0.16,2
NODE_016,3441,19.8,-23.09,43.9,18.15,1,8.19,1
NODE_017,3593,31.2,-23.74,35.2,19.86,3,10.54,1
NODE_004,3565,29.0,-27.27,35.7,11.4,2,6.44,1
NODE_011,3491,20.2,-20.72,39.9,11.43,1,6.84,1
NODE_015,3959,72.5,-11.9,23.0,0.7,0,46.18,0
NODE_001,3915,68.5,-10.65,23.2,5.7,0,52.23,0
NODE_016,3633,38.2,-40.83,43.7,9.8,2,14.17,1
NODE_009,3455,18.8,-39.29,37.6,16.18,1,12.37,1
NODE_024,3251,9.3,-97.07,61.6,36.1,13,2.15,2
NODE_011,3914,68.9,-3.89,29.7,5.29,0,44.14,0
NODE_013,4182,97.3,-10.89,23.6,1.73,0,60.01,0
NODE_004,3581,28.7,-32.6,45.0,20.69,3,13.99,1
NODE_017,3360,12.9,-107.28,-0.5,43.8,12,0.26,2
NODE_018,3368,14.5,-91.6,1.6,31.17,12,0.7,2
NODE_009,3511,23.5,-19.72,44.3,11.2,2,5.31,1
NODE_020,3886,63.9,-6.08,31.2,5.55,1,25.16,0
NODE_010,3846,61.4,-7.97,28.5,3.05,0,60.2,0
NODE_011,3469,20.2,-32.09,39.3,14.66,1,10.66,1
NODE_020,4006,78.5,-8.02,33.5,1.11,1,59.98,0
NODE_007,4027,81.7,-5.93,35.9,1.88,0,32.62,0
NODE_021,3984,75.4,-8.83,35.1,2.15,1,31.45,0
NODE_009,3599,33.1,-28.1,35.3,18.59,1,3.08,1
NODE_017,3827,58.2,-14.21,25.8,2.18,1,41.93,0
NODE_021,3683,42.7,-39.77,35.3,11.25,1,6.97,1
NODE_017,4053,84.2,-3.87,21.8,4.2,0,28.36,0
NODE_013,3716,43.6,-28.53,35.9,21.39,4,11.5,1
NODE_014,3525,26.1,-19.81,39.7,19.99,1,4.88,1
NODE_011,3724,42.9,-36.49,37.7,15.89,3,3.07,1
NODE_013,3929,70.4,-7.25,20.5,3.01,0,62.2,0
NODE_007,4074,85.8,-11.46,24.7,2.27,0,35.59,0
NODE_018,3703,41.9,-28.33,39.3,11.84,1,5.09,1
NODE_024,4060,86.1,-9.36,35.5,0.75,0,55.14,0
NODE_023,3858,64.0,-7.72,24.8,1.06,0,32.91,0
NODE_012,3862,64.2,-9.34,33.9,0.91,2,57.55,0
NODE_005,3320,10.4,-88.33,53.6,28.2,12,1.93,2
NODE_009,4112,90.9,-6.73,20.5,4.73,1,55.76,0
NODE_024,4159,92.7,-4.14,26.0,5.37,0,43.29,0
NODE_015,3833,59.9,-3.34,22.7,3.82,1,25.57,0
NODE_021,3930,69.8,-9.16,18.9,3.41,1,45.66,0
NODE_001,4213,99.8,-3.48,33.7,2.3,0,33.26,0
NODE_011,3700,40.0,-29.74,45.7,18.93,2,13.38,1
NODE_003,3981,73.4,-7.2,21.4,0.9,0,62.16,0
NODE_015,4158,94.0,-6.13,29.7,0.9,0,36.35,0
NODE_017,3687,40.2,-19.39,44.7,13.62,1,11.11,1
NODE_013,3857,61.3,-9.87,22.7,1.73,0,35.64,0
NODE_015,3521,24.0,-22.82,45.1,20.51,2,10.5,1
NODE_007,3503,24.2,-40.1,34.3,16.43,3,13.13,1
NODE_018,3772,53.5,-4.55,34.7,4.12,0,26.82,0
NODE_009,4163,96.0,-5.73,18.5,5.33,1,24.65,0
NODE_013,4138,93.4,-4.75,21.8,0.77,0,28.73,0
NODE_013,3801,56.2,-3.37,27.1,3.68,0,26.8,0
NODE_007,3977,74.5,-7.74,31.5,2.24,0,71.2,0
NODE_017,3874,62.8,-13.66,26.2,0.54,0,39.62,0
NODE_004,4176,97.3,-4.96,25.8,5.16,0,71.98,0
NODE_003,3715,42.3,-21.35,34.2,21.5,2,14.67,1
NODE_002,3850,62.4,-8.23,20.3,1.36,0,59.16,0
NODE_002,3842,60.5,-6.12,23.3,3.9,0,40.64,0
NODE_006,3422,16.4,-73.22,49.7,41.98,5,1.99,2
NODE_001,3869,65.3,-7.5,34.4,1.96,0,60.3,0
NODE_011,3960,73.5,-6.18,20.6,2.74,0,59.18,0
NODE_024,3819,57.9,-14.82,34.1,1.01,2,24.07,0
NODE_016,3951,70.8,-4.22,25.9,5.21,0,18.04,0
NODE_016,4162,95.1,-13.46,29.8,2.51,0,56.68,0
NODE_016,4113,91.6,-8.15,20.3,3.33,0,25.7,0
NODE_022,3811,54.7,-10.15,34.0,1.08,0,27.97,0
NODE_022,4081,85.5,-9.45,28.6,3.34,2,32.4,0
NODE_005,3924,68.7,-13.26,31.3,5.18,0,61.19,0
NODE_021,3836,59.9,-12.81,20.6,0.69,0,26.74,0
NODE_011,3956,74.0,-4.71,21.4,5.28,2,39.91,0
NODE_007,3864,63.1,-9.72,31.4,4.11,0,36.22,0
NODE_006,4124,90.3,-9.15,27.9,4.15,0,36.49,0
NODE_017,4120,89.1,-9.88,18.5,3.49,0,70.65,0
NODE_004,4086,85.6,-13.48,24.3,2.99,0,68.74,0
NODE_017,4114,91.0,-4.37,27.2,1.28,0,59.9,0
NODE_007,3539,28.6,-28.77,35.8,20.04,2,13.4,1
NODE_012,4063,84.7,-3.03,21.0,1.37,0,52.28,0
NODE_020,4151,96.5,-6.41,27.7,5.75,0,28.92,0
NODE_002,3437,16.2,-113.32,61.6,42.34,11,0.87,2
NODE_024,3070,1.0,-117.38,51.7,43.08,13,1.53,2
NODE_003,3930,70.5,-13.27,32.8,4.71,0,69.35,0
NODE_008,3805,58.0,-9.97,28.6,1.87,0,30.22,0
NODE_009,3935,70.1,-6.29,28.5,4.2,0,25.69,0
NODE_009,3445,18.3,-41.83,37.7,9.44,2,9.12,1
NODE_022,4108,91.1,-8.5,29.0,1.35,1,58.73,0
NODE_024,3843,63.6,-3.14,24.9,5.4,0,43.19,0
NODE_019,4069,85.5,-4.61,26.8,2.1,0,22.78,0
NODE_024,3656,36.0,-35.21,44.4,17.31,3,15.52,1
NODE_014,3813,55.3,-5.76,33.2,4.53,1,52.57,0
NODE_011,4121,91.8,-3.2,19.5,1.06,0,31.11,0
NODE_016,3939,71.7,-11.81,36.0,5.04,0,50.76,0
NODE_019,3988,75.9,-3.9,24.9,3.81,0,60.85,0
NODE_004,3792,55.9,-5.83,24.5,4.2,1,40.78,0
NODE_013,3466,19.2,-27.53,39.3,14.45,3,3.48,1
NODE_013,3649,36.8,-24.0,42.0,8.36,2,3.31,1
NODE_011,4176,96.0,-5.38,31.1,5.17,0,62.19,0
NODE_012,4183,98.3,-11.68,32.1,2.28,0,52.28,0
NODE_006,4094,88.5,-8.43,23.8,2.71,0,62.04,0
NODE_016,3181,6.3,-84.52,59.5,25.69,8,0.34,2
NODE_024,3924,70.3,-7.54,29.5,4.66,0,64.22,0
NODE_016,4110,90.3,-4.25,31.6,5.78,0,24.02,0
NODE_019,3981,75.3,-7.29,23.3,3.58,0,51.4,0
NODE_003,3799,54.5,-7.82,33.8,2.73,0,56.66,0
NODE_018,3801,56.7,-10.38,33.2,4.55,1,61.12,0
NODE_020,3801,54.1,-3.01,26.0,0.72,0,54.05,0
NODE_009,3848,61.2,-6.66,21.9,5.31,0,61.82,0
NODE_005,3859,62.2,-14.75,29.0,5.11,0,47.77,0
NODE_019,3826,59.3,-8.78,25.2,3.67,1,38.9,0
NODE_009,3708,47.5,-23.31,37.2,13.18,4,15.18,1
NODE_011,3793,53.9,-6.68,23.8,5.05,0,60.96,0
NODE_019,4198,99.1,-5.59,27.1,3.12,0,61.59,0
NODE_020,3903,67.4,-6.57,35.6,5.02,0,32.53,0
NODE_002,3947,71.9,-7.91,19.2,5.98,0,42.22,0
NODE_021,3911,67.4,-4.59,20.7,4.25,0,56.82,0
NODE_019,4137,94.8,-14.67,28.8,2.87,0,25.2,0
NODE_013,3948,72.6,-8.54,30.1,2.32,0,65.3,0
NODE_014,4000,77.0,-6.82,23.7,0.54,0,56.45,0
NODE_012,4086,88.7,-14.15,19.1,2.78,0,28.51,0
NODE_020,3751,47.7,-22.44,34.4,21.0,2,7.31,1
NODE_004,3262,10.2,-54.59,53.1,37.41,6,2.13,2
NODE_006,3914,67.8,-6.51,33.8,3.25,0,39.68,0
NODE_008,4040,82.4,-14.02,26.1,1.02,0,65.48,0
NODE_002,3063,1.9,-106.42,3.6,33.23,4,0.88,2
NODE_010,4168,95.3,-8.24,33.5,5.76,0,51.53,0
NODE_006,4181,98.8,-13.84,30.3,1.35,0,27.55,0
NODE_015,3701,44.4,-40.21,35.8,19.47,1,3.5,1
NODE_018,3376,13.7,-129.17,61.0,22.69,14,0.53,2
NODE_017,3806,55.0,-12.68,20.8,3.87,0,42.55,0
NODE_022,3914,69.4,-9.62,20.1,3.55,0,37.75,0
NODE_008,3259,8.9,-68.54,-7.3,44.56,11,2.05,2
NODE_022,3708,43.2,-42.33,40.2,17.29,1,9.86,1
NODE_019,3616,33.7,-24.56,41.7,11.96,1,12.93,1
NODE_010,3237,7.8,-100.84,-7.7,22.61,12,1.26,2
NODE_013,4192,99.6,-5.75,31.9,4.34,0,20.25,0
NODE_003,4006,79.4,-4.2,27.8,4.03,0,46.85,0
NODE_002,3220,7.2,-108.34,59.4,37.1,10,1.87,2
NODE_017,3586,33.3,-26.61,34.5,11.0,2,5.41,1
NODE_008,3428,20.2,-39.5,36.5,16.97,1,14.99,1
NODE_007,3126,2.9,-113.86,56.9,42.88,9,2.46,2
NODE_013,3575,29.2,-22.38,34.5,9.98,1,11.69,1
NODE_014,3627,39.3,-20.64,37.7,21.16,2,14.88,1
NODE_014,3559,30.5,-33.83,37.3,20.62,3,9.35,1
NODE_020,4067,84.6,-14.5,31.8,1.21,0,21.81,0
NODE_004,4176,95.1,-9.14,21.3,2.3,1,31.85,0
NODE_022,3658,38.9,-37.31,37.4,19.98,1,12.89,1
NODE_013,3704,44.5,-19.34,40.7,14.97,1,15.94,1
NODE_016,3798,55.6,-14.54,25.0,0.96,0,21.64,0
NODE_014,3602,31.1,-41.15,41.2,8.57,4,12.97,1
NODE_007,3657,39.7,-43.82,34.2,10.14,3,6.26,1
NODE_006,3832,60.0,-7.27,25.0,1.34,0,21.44,0
NODE_006,3543,28.1,-25.53,34.3,14.17,3,10.82,1
NODE_010,3804,57.2,-3.43,19.0,4.27,0,46.85,0
NODE_020,3669,39.7,-36.32,34.5,20.62,2,3.08,1
NODE_001,4132,90.7,-5.78,20.2,1.73,0,48.44,0
NODE_003,4124,91.2,-9.28,28.3,2.62,0,38.89,0
NODE_024,3968,74.5,-12.0,35.6,4.0,0,66.52,0
NODE_015,3909,68.0,-13.27,29.5,1.46,1,71.95,0
NODE_006,3743,51.0,-5.33,20.6,3.03,0,47.24,0
NODE_008,3138,3.0,-83.62,-3.1,42.09,11,1.86,2
NODE_015,3246,8.4,-109.6,49.0,33.25,7,0.62,2
NODE_007,4174,97.4,-6.25,32.1,2.5,0,64.57,0
NODE_014,3920,65.3,-10.29,26.5,3.49,0,66.85,0
NODE_020,3842,60.0,-10.95,34.0,4.13,1,41.32,0
NODE_015,3835,60.3,-8.19,21.1,5.91,0,59.54,0
NODE_021,4097,89.1,-12.63,25.4,3.08,1,25.05,0
NODE_016,4181,96.7,-7.65,31.2,5.32,0,60.5,0
NODE_003,4165,96.0,-4.57,24.0,0.99,1,37.26,0
NODE_024,3831,60.7,-4.91,24.5,5.5,0,62.73,0
NODE_016,3838,58.8,-11.36,32.4,1.38,1,26.82,0
NODE_004,4021,80.9,-13.1,27.9,3.08,2,55.26,0
NODE_008,3360,11.6,-126.8,58.3,23.39,10,1.23,2
NODE_016,3769,51.0,-6.74,32.7,5.62,0,27.82,0
NODE_001,3420,16.1,-88.99,61.8,42.16,5,0.53,2
NODE_020,3939,69.7,-13.21,35.9,4.85,0,69.93,0
NODE_011,4107,89.6,-5.56,24.4,5.91,0,51.58,0
NODE_019,3834,58.5,-4.78,21.5,2.04,0,67.46,0
NODE_016,3829,58.3,-7.21,30.6,1.95,2,36.23,0
NODE_009,3665,40.8,-32.63,35.0,15.72,1,15.72,1
NODE_020,4001,78.7,-11.37,21.6,3.09,0,55.55,0
NODE_009,3566,28.1,-23.32,44.2,18.98,2,7.45,1
NODE_012,3610,34.6,-31.8,37.2,20.79,4,4.1,1
NODE_022,3389,14.8,-59.38,-6.5,39.05,7,0.28,2
NODE_012,3997,78.6,-12.16,19.6,0.91,0,57.77,0
NODE_011,3314,10.9,-125.94,60.1,31.52,9,1.99,2
NODE_004,3497,19.7,-41.25,45.0,20.97,1,12.34,1
NODE_003,4095,89.6,-12.2,18.9,0.94,0,46.58,0
NODE_016,3662,39.2,-31.63,42.5,14.57,2,10.69,1
NODE_002,3992,75.4,-14.05,35.5,1.95,1,49.07,0
NODE_007,3659,39.1,-42.95,36.2,12.5,4,5.11,1
NODE_021,3545,26.9,-33.87,41.7,11.06,1,7.48,1
NODE_008,4034,82.7,-3.38,22.5,4.65,0,21.39,0
NODE_012,3104,2.0,-71.99,57.1,42.47,11,0.13,2
NODE_024,3542,27.6,-24.17,45.0,17.77,2,15.47,1
NODE_019,4137,92.0,-9.59,31.4,3.14,0,59.22,0
NODE_011,4097,87.2,-12.26,21.1,4.3,0,65.52,0
NODE_011,3443,14.5,-52.5,60.5,31.3,6,1.87,2
NODE_013,3766,51.2,-13.33,23.7,5.94,0,39.57,0
NODE_001,4121,90.9,-4.14,20.7,5.7,0,18.89,0
NODE_016,3903,66.9,-14.74,25.1,2.17,1,47.66,0
NODE_008,4019,80.3,-9.01,25.8,5.18,0,53.95,0
NODE_012,3105,2.1,-110.9,51.3,25.88,11,2.03,2
NODE_014,4177,97.8,-7.42,24.1,2.21,0,51.03,0
NODE_020,3878,64.1,-6.3,32.5,5.25,0,70.4,0
NODE_003,3929,68.5,-12.05,35.0,4.29,1,66.74,0
NODE_021,3419,16.6,-69.19,55.7,28.28,7,2.26,2
NODE_011,3638,35.2,-20.39,42.5,16.53,3,6.24,1
NODE_019,3771,51.0,-8.87,19.7,4.63,0,22.39,0
NODE_016,4154,95.0,-3.63,31.1,0.87,0,28.43,0
NODE_009,3527,28.9,-24.0,39.7,11.13,1,7.63,1
NODE_020,3809,57.3,-11.73,23.8,5.92,0,46.96,0
NODE_021,4178,96.2,-7.74,23.3,0.83,1,46.27,0
NODE_017,4105,89.5,-9.92,32.7,0.56,0,25.78,0
NODE_001,4029,82.2,-9.94,24.6,4.77,2,42.12,0
NODE_013,4012,79.7,-5.9,19.9,2.0,0,56.14,0
NODE_015,4022,79.3,-11.13,18.3,0.79,0,43.76,0
NODE_005,4079,86.0,-8.4,29.3,4.05,0,35.64,0
NODE_002,3543,27.7,-24.57,34.5,15.16,2,12.28,1
NODE_016,3776,53.4,-13.18,27.4,5.67,0,58.75,0
NODE_012,3931,70.6,-5.99,26.9,3.5,0,52.66,0
NODE_013,3600,34.4,-42.58,36.5,10.23,3,14.29,1
NODE_008,4056,82.2,-8.31,18.9,5.14,0,20.29,0
NODE_008,3730,46.5,-19.23,35.7,12.47,1,11.25,1
NODE_013,4106,88.3,-9.09,30.1,4.33,0,20.17,0
NODE_019,3868,61.5,-9.1,24.3,0.94,1,45.49,0
NODE_006,3828,57.6,-14.91,29.3,3.93,0,38.21,0
NODE_013,3836,60.1,-7.71,24.0,2.3,0,24.44,0
NODE_010,3954,72.3,-3.39,30.1,4.74,0,24.09,0
NODE_013,3672,40.3,-21.4,36.4,15.98,2,13.83,1
NODE_022,4007,79.7,-11.36,26.3,4.06,0,66.07,0
NODE_009,3763,51.2,-14.85,32.9,5.23,0,69.13,0
NODE_013,3569,31.7,-34.45,43.0,20.89,2,10.76,1
NODE_022,3190,5.0,-84.53,59.8,35.48,4,2.37,2
NODE_001,3916,69.1,-8.18,20.9,0.79,0,28.3,0
NODE_014,3564,29.2,-37.44,41.8,12.16,1,4.56,1
NODE_005,4171,96.5,-4.35,32.4,1.63,1,58.19,0
NODE_022,3710,44.4,-19.83,36.1,9.58,2,8.92,1
NODE_019,3540,26.2,-44.39,40.8,8.89,2,5.8,1
NODE_013,3451,18.9,-31.57,44.0,13.77,4,10.5,1
NODE_002,3750,46.8,-21.34,42.5,18.06,1,6.47,1
NODE_022,4128,93.6,-12.18,26.1,0.51,0,65.17,0
NODE_014,4067,85.1,-5.5,30.9,4.58,0,22.77,0
NODE_012,3982,73.6,-13.03,29.9,2.54,0,25.87,0
NODE_024,3557,30.2,-29.33,38.5,21.77,3,4.92,1
NODE_022,3588,32.8,-30.36,38.3,14.04,2,14.5,1
NODE_011,3326,11.3,-99.43,57.2,42.24,9,1.32,2
NODE_021,3905,67.1,-7.41,31.4,5.18,0,70.77,0
NODE_007,3574,29.9,-22.77,44.6,21.87,2,9.75,1
NODE_019,4175,96.7,-7.02,21.0,1.75,0,36.08,0
NODE_004,4132,91.8,-10.52,34.9,3.38,0,29.83,0
NODE_012,3672,38.6,-18.33,36.7,17.01,1,12.02,1
NODE_007,3724,44.8,-18.83,43.6,14.93,4,12.03,1
NODE_010,3930,70.3,-5.1,27.8,1.03,0,19.27,0
NODE_001,3849,60.4,-5.07,30.2,0.87,0,24.42,0
NODE_012,3481,18.3,-28.87,38.1,13.25,1,11.05,1
NODE_016,3626,35.8,-26.66,45.7,15.0,1,6.33,1
NODE_016,3198,7.1,-91.49,0.3,35.51,9,2.38,2
NODE_022,3773,51.4,-14.54,26.8,5.48,0,47.36,0
NODE_003,4122,91.5,-7.42,19.7,2.59,0,50.59,0
NODE_016,3867,65.5,-5.67,33.4,1.69,0,18.56,0
NODE_005,4062,83.8,-14.66,27.1,0.88,0,32.84,0
NODE_019,4160,96.2,-7.16,18.9,3.72,0,44.52,0
NODE_015,3822,58.1,-11.52,24.0,1.1,0,63.22,0
NODE_007,3865,62.5,-10.35,31.4,4.1,0,38.34,0
NODE_010,3904,67.0,-6.8,33.2,1.76,0,55.84,0
NODE_004,3819,57.0,-6.12,35.0,3.6,0,37.8,0
NODE_023,4064,85.4,-4.23,24.6,3.49,0,19.81,0
NODE_014,3945,71.1,-14.22,22.7,5.72,0,39.67,0
NODE_008,3397,15.0,-129.11,-1.2,36.62,11,1.68,2
NODE_018,3875,63.2,-14.2,32.2,1.52,0,48.22,0
NODE_008,3891,65.0,-6.04,25.0,2.55,0,18.66,0
NODE_017,3611,35.6,-44.76,44.6,9.92,4,14.19,1
NODE_007,3974,73.7,-9.26,19.8,2.63,0,47.24,0
NODE_003,3801,56.3,-8.88,33.5,0.87,0,71.32,0
NODE_019,4040,81.3,-10.04,29.3,5.66,0,39.95,0
NODE_014,3897,66.0,-10.26,21.5,4.5,0,42.29,0
NODE_008,3515,21.8,-28.4,43.5,20.44,2,12.82,1
NODE_006,3982,76.1,-9.03,19.4,3.8,0,48.33,0
NODE_023,3121,3.3,-82.27,52.9,31.61,9,0.83,2
NODE_018,3725,45.6,-21.9,39.6,14.83,3,13.91,1
NODE_019,3722,45.7,-28.66,41.9,16.04,2,4.18,1
NODE_016,3290,9.5,-84.53,-0.5,43.35,8,1.53,2
NODE_008,4141,95.3,-4.11,28.2,2.42,0,62.59,0
NODE_017,3517,26.4,-28.86,42.0,10.64,2,13.23,1
NODE_023,4048,84.4,-10.66,27.8,2.27,0,49.41,0
NODE_006,4084,86.1,-11.5,22.4,3.79,0,36.22,0
NODE_021,3588,29.2,-34.43,42.6,21.05,2,7.44,1
NODE_009,3524,25.6,-18.9,43.8,21.77,1,5.46,1
NODE_009,3241,8.3,-50.82,51.2,34.19,7,0.74,2
NODE_014,3597,32.7,-42.08,39.2,12.38,1,4.6,1
NODE_002,3793,53.5,-13.71,27.6,1.2,0,58.12,0
NODE_014,4141,94.6,-8.2,18.2,2.36,0,32.97,0
NODE_014,3851,61.0,-7.76,31.5,5.6,0,30.76,0
NODE_001,3902,65.8,-12.36,32.5,5.04,0,51.28,0
NODE_006,4088,87.0,-3.26,22.9,3.17,0,63.65,0
NODE_008,4026,80.5,-4.3,34.5,2.04,0,54.24,0
NODE_014,4029,80.0,-10.36,21.8,1.05,0,56.47,0
NODE_015,4122,94.4,-4.79,31.5,0.63,0,29.08,0
NODE_022,4112,89.5,-8.71,23.8,3.24,0,63.26,0
NODE_020,3808,57.2,-14.07,33.1,4.26,0,39.82,0
NODE_007,3913,70.3,-12.01,23.2,1.77,0,43.36,0
NODE_001,3626,34.9,-27.57,34.8,17.98,1,10.43,1
NODE_012,3984,74.5,-6.31,34.4,0.99,0,30.34,0
NODE_012,3168,5.2,-125.77,-1.0,32.93,12,2.04,2
NODE_002,3229,6.8,-71.54,3.0,22.31,15,1.43,2
NODE_009,4185,96.6,-9.56,23.3,5.22,0,67.46,0
NODE_008,3838,58.3,-14.2,33.7,3.92,0,60.29,0
NODE_024,4012,77.4,-3.7,34.1,1.8,0,28.55,0
NODE_023,4105,88.6,-11.77,32.1,3.44,0,47.89,0
NODE_012,3496,22.6,-19.83,36.9,8.12,3,12.96,1
NODE_017,3576,33.0,-20.84,38.7,10.34,2,14.0,1
NODE_008,3382,14.3,-88.35,-5.1,24.38,5,1.81,2
NODE_006,3663,40.6,-43.19,38.5,8.01,2,13.38,1
NODE_022,3647,34.5,-25.39,44.7,14.53,2,9.76,1
NODE_020,4125,91.9,-10.14,22.5,5.65,0,64.33,0
NODE_005,3513,24.2,-28.81,38.4,12.18,2,8.36,1
NODE_013,3766,51.2,-9.15,31.5,1.69,0,58.52,0
NODE_015,3372,13.6,-72.57,51.5,26.11,4,2.26,2
NODE_015,3946,70.0,-6.45,24.7,1.63,0,69.82,0
NODE_008,3398,15.4,-56.95,-7.4,31.63,10,2.23,2
NODE_014,3884,64.7,-5.15,27.9,0.72,2,63.75,0
NODE_003,3829,59.7,-3.94,21.0,5.96,0,56.4,0
NODE_009,3966,75.5,-7.43,24.7,2.97,0,51.1,0
NODE_012,3526,26.5,-43.63,40.2,9.73,2,9.34,1
NODE_017,4100,89.0,-6.26,28.2,0.87,1,68.38,0
NODE_013,4067,85.7,-6.22,29.4,1.29,0,28.6,0
NODE_020,3920,69.7,-14.5,23.5,5.74,0,48.74,0
NODE_014,3693,44.5,-33.47,40.8,21.87,1,15.88,1
NODE_006,3171,5.2,-96.56,-2.4,44.53,14,1.28,2
NODE_003,3670,42.4,-35.75,42.7,13.21,2,15.43,1
NODE_019,4157,94.5,-5.23,24.0,4.16,0,54.06,0
NODE_023,4057,84.1,-5.33,32.0,1.85,0,41.43,0
NODE_009,3964,75.4,-9.01,31.0,2.73,1,34.22,0
NODE_009,3813,57.4,-12.32,32.1,5.34,0,66.88,0
NODE_004,3590,33.2,-33.86,38.8,15.93,1,6.15,1
NODE_020,4170,96.4,-14.2,23.7,5.39,0,62.01,0
NODE_005,4203,98.9,-10.99,24.7,2.19,0,71.88,0
NODE_013,3913,70.3,-4.81,23.2,3.86,0,26.6,0
NODE_011,4135,92.7,-13.79,19.5,4.56,0,41.14,0
NODE_003,3369,13.7,-77.24,-7.4,31.78,4,0.42,2
NODE_012,3735,45.5,-26.1,42.0,9.23,1,7.03,1
NODE_004,4014,79.1,-3.14,29.1,5.02,0,27.18,0
NODE_013,3585,32.7,-37.78,37.5,19.72,1,10.97,1
NODE_005,4019,80.3,-11.88,29.6,4.35,0,50.75,0
NODE_023,3919,69.7,-10.94,20.9,3.1,0,69.39,0
NODE_010,4078,85.3,-10.19,32.5,1.79,2,34.7,0
NODE_011,3957,73.1,-6.56,18.7,0.82,1,25.97,0
NODE_015,4094,86.1,-11.61,24.0,2.26,0,44.01,0
NODE_014,4039,82.2,-3.69,27.9,3.73,1,29.33,0
NODE_016,3548,28.9,-34.45,38.1,8.68,3,13.45,1
NODE_013,3958,74.9,-7.1,25.2,4.4,0,25.18,0
NODE_011,3635,39.2,-27.22,45.5,18.52,3,5.39,1
NODE_006,3198,7.7,-96.18,49.2,42.11,7,1.33,2
NODE_016,3420,15.5,-75.13,58.6,35.79,15,0.92,2
NODE_020,3756,50.1,-9.21,32.8,3.26,0,35.96,0
NODE_022,3322,12.9,-115.39,54.9,34.76,13,0.57,2
NODE_024,3599,31.6,-25.58,40.6,15.54,3,3.58,1
NODE_011,4010,79.5,-3.42,19.1,5.06,0,43.03,0
NODE_020,4166,96.2,-4.98,22.0,1.96,1,64.02,0
NODE_008,3648,35.4,-34.34,34.1,11.21,1,13.68,1
NODE_008,3952,71.5,-3.5,32.4,2.0,0,47.51,0
NODE_014,4138,93.4,-6.21,31.8,4.83,0,53.82,0
NODE_016,3136,4.4,-80.48,-6.6,25.87,10,1.45,2
NODE_011,4023,82.8,-14.83,25.7,2.31,0,43.91,0
NODE_004,4080,87.5,-11.9,29.8,4.19,0,66.92,0
NODE_007,3555,28.8,-24.34,37.5,21.97,2,11.31,1
NODE_003,3382,15.0,-63.23,-5.1,39.47,8,2.42,2
NODE_004,3549,28.1,-31.49,44.0,15.48,2,9.26,1
NODE_020,3788,54.2,-5.53,24.4,2.63,0,69.03,0
NODE_024,4158,95.7,-5.35,32.3,0.98,0,25.87,0
NODE_006,4053,84.5,-12.67,35.8,4.67,0,36.37,0
NODE_013,3582,31.0,-23.2,43.3,13.63,1,11.07,1
NODE_016,3680,40.4,-43.19,45.9,11.17,2,14.87,1
NODE_016,3945,72.9,-11.13,24.6,5.45,0,28.16,0
NODE_019,4208,99.4,-3.79,29.7,2.79,0,70.36,0
NODE_015,4128,92.2,-7.86,28.1,1.14,0,44.69,0
NODE_018,3552,28.2,-28.13,34.4,19.69,1,7.06,1
NODE_014,4143,92.9,-14.34,23.4,5.8,0,31.95,0
NODE_013,3183,5.5,-63.52,61.6,29.09,11,0.84,2
NODE_010,3771,51.3,-11.58,21.3,1.01,0,46.35,0
NODE_020,3215,6.8,-131.44,-4.0,42.21,6,1.48,2
NODE_019,3510,24.9,-37.53,44.1,15.7,2,14.17,1
NODE_023,4013,78.9,-6.71,23.3,3.54,0,66.35,0
NODE_002,4133,93.9,-13.88,24.0,4.58,0,23.09,0
NODE_019,4152,94.6,-14.49,32.6,2.73,0,26.58,0
NODE_018,3166,5.0,-109.93,3.0,37.52,5,1.61,2
NODE_001,4075,86.4,-13.48,31.3,5.02,0,30.88,0
NODE_014,3984,76.1,-11.72,32.3,4.77,0,47.57,0
NODE_002,4007,80.7,-10.34,32.9,2.11,0,70.58,0
NODE_014,3170,5.6,-117.59,48.9,30.51,14,1.55,2
NODE_001,3228,7.5,-122.8,-6.5,24.61,14,1.49,2
NODE_022,4071,85.6,-12.23,22.5,0.76,0,39.31,0
NODE_007,3790,55.6,-14.97,21.8,1.11,0,40.32,0
NODE_011,3827,57.2,-6.31,32.1,5.28,0,40.2,0
NODE_022,3865,63.8,-7.04,33.4,1.3,0,28.15,0
NODE_022,3342,11.6,-95.91,53.6,26.3,10,1.21,2
NODE_002,3706,43.0,-24.8,40.3,10.85,1,6.73,1
NODE_010,3935,71.3,-14.83,32.1,3.41,0,36.78,0
NODE_021,3858,60.0,-4.63,33.1,5.8,0,43.94,0
NODE_015,3056,1.3,-118.9,50.3,43.71,12,1.64,2
NODE_005,4083,86.1,-8.74,30.4,1.99,0,61.17,0
NODE_024,3788,53.1,-3.51,19.9,5.44,0,31.19,0
NODE_022,3382,14.7,-88.3,60.8,35.69,12,0.11,2
NODE_001,4074,84.5,-8.35,28.2,0.51,0,23.86,0
NODE_010,3573,30.7,-26.21,37.3,10.79,2,13.94,1
NODE_020,3913,67.8,-10.44,29.2,5.4,0,64.32,0
NODE_012,3861,62.1,-11.0,22.1,5.77,0,22.12,0
NODE_019,3157,4.7,-62.01,-3.1,44.9,5,0.35,2
NODE_018,3819,56.8,-6.14,21.9,1.03,0,67.58,0
NODE_014,3884,64.0,-7.94,26.1,1.65,0,30.78,0
NODE_004,3845,62.5,-7.82,31.4,5.66,0,43.7,0
NODE_009,4058,82.9,-6.65,18.1,5.13,0,29.68,0
NODE_014,3077,2.6,-94.67,-1.1,20.0,15,0.94,2
NODE_012,3632,34.7,-40.56,42.9,21.73,2,11.67,1
NODE_007,3831,57.8,-6.15,31.2,1.58,0,25.16,0
NODE_015,3941,72.5,-7.58,18.6,4.49,0,37.8,0
NODE_010,3573,31.0,-26.43,44.0,10.23,1,5.23,1
NODE_002,4046,84.2,-4.29,20.0,4.7,0,26.3,0
NODE_004,4062,85.0,-13.01,30.8,4.43,1,46.67,0
NODE_019,3412,15.7,-51.4,49.4,44.93,12,1.69,2
NODE_007,3249,7.8,-85.01,51.2,26.51,7,2.32,2
NODE_001,3896,64.8,-5.73,26.4,1.0,0,61.02,0
NODE_005,3187,4.7,-76.98,48.7,31.98,14,1.49,2
NODE_024,3457,19.6,-40.15,44.5,19.19,1,3.66,1
NODE_020,3781,53.7,-8.53,19.5,3.39,0,32.1,0
NODE_018,3813,58.9,-9.87,33.3,1.63,0,29.91,0
NODE_021,3808,57.4,-9.69,25.6,3.99,0,59.05,0
NODE_015,3883,63.8,-4.83,18.5,4.71,0,59.87,0
NODE_023,4130,90.5,-14.64,23.8,4.67,0,49.64,0
NODE_003,3575,32.4,-23.25,39.3,20.52,2,3.74,1
NODE_021,3622,36.1,-25.58,45.9,12.38,2,13.33,1
NODE_017,3675,40.6,-37.96,35.0,19.38,2,10.49,1
NODE_016,3987,76.1,-5.78,20.7,5.03,0,51.57,0
NODE_002,3952,73.4,-8.91,26.4,0.74,0,53.75,0
NODE_008,4040,81.8,-13.94,31.0,2.01,0,38.4,0
NODE_004,3812,57.5,-11.77,22.1,2.27,0,37.78,0
NODE_006,3562,29.3,-43.87,42.6,16.75,1,5.7,1
NODE_014,3642,36.4,-32.58,38.3,21.98,3,13.12,1
NODE_017,3779,53.2,-11.79,18.8,1.17,0,63.08,0
NODE_004,3409,15.6,-73.53,0.8,44.05,14,0.53,2
NODE_016,4167,96.5,-8.81,24.8,4.7,0,21.46,0
NODE_009,4051,83.6,-13.3,25.2,4.23,0,46.17,0
NODE_021,3663,39.9,-33.99,35.9,11.4,2,12.32,1
NODE_012,3699,43.4,-33.37,35.2,21.45,1,9.01,1
NODE_002,3561,26.7,-18.48,38.7,12.97,3,12.85,1
NODE_002,4110,89.4,-6.35,24.6,3.49,0,28.35,0
NODE_024,3785,54.2,-10.47,25.4,2.04,0,49.09,0
NODE_017,4170,95.9,-5.74,31.2,2.53,0,45.05,0
NODE_006,3527,26.3,-25.41,35.6,16.54,2,11.76,1
NODE_011,4070,84.3,-14.31,33.4,1.81,1,29.28,0
NODE_012,3990,76.3,-7.95,33.9,1.17,0,61.56,0
NODE_004,4069,85.6,-9.54,26.4,5.33,0,20.61,0
NODE_007,3795,54.6,-6.85,26.9,1.24,0,71.97,0
NODE_002,3363,14.7,-74.9,60.8,35.3,12,1.29,2
NODE_011,3086,2.5,-53.53,58.7,38.01,12,2.24,2
NODE_001,3128,4.3,-137.61,55.8,28.36,10,0.37,2
NODE_005,3609,33.7,-44.65,42.3,12.67,2,9.47,1
NODE_024,4207,99.0,-13.56,31.0,2.79,0,51.54,0
NODE_007,4046,80.5,-10.85,33.9,0.92,0,61.66,0
NODE_017,3632,35.3,-42.06,37.5,11.24,2,7.46,1
NODE_001,4095,87.8,-10.11,21.1,4.48,1,50.75,0
NODE_017,3840,62.0,-11.7,24.1,0.92,0,19.97,0
NODE_024,3173,5.7,-93.23,58.2,40.74,14,0.15,2
NODE_011,4163,96.8,-9.86,35.4,4.59,0,23.18,0
NODE_024,4094,89.0,-14.78,18.8,1.56,2,46.09,0
NODE_007,3927,69.9,-7.71,32.7,4.7,0,54.99,0
NODE_003,4080,87.3,-13.8,21.2,1.7,1,37.21,0
NODE_014,3812,59.2,-8.14,26.7,5.16,0,48.31,0
NODE_005,3756,47.5,-22.55,37.5,21.48,1,6.95,1
NODE_018,3976,76.4,-9.63,21.5,2.14,0,54.02,0
NODE_018,3612,33.9,-34.0,36.5,17.03,2,4.61,1
NODE_004,3616,31.5,-26.26,41.3,8.66,1,10.34,1
NODE_023,3871,64.5,-8.11,34.8,4.43,0,31.78,0
NODE_006,3993,79.9,-8.13,35.0,2.81,0,61.64,0
NODE_022,3995,77.6,-7.74,28.8,4.51,0,70.99,0
NODE_015,3996,76.1,-13.26,32.1,3.69,0,48.71,0
NODE_005,3815,55.1,-14.74,27.0,2.2,0,70.64,0
NODE_007,3384,15.2,-130.25,59.1,25.58,6,1.96,2
NODE_014,4006,78.0,-3.75,25.3,4.35,2,43.54,0
NODE_013,3580,31.7,-33.72,44.7,16.99,1,5.81,1
NODE_018,3344,12.6,-93.2,0.0,35.06,9,1.66,2
NODE_017,4180,94.9,-5.92,33.0,5.9,0,66.45,0
NODE_014,3087,2.9,-127.18,56.2,28.53,12,2.03,2
NODE_005,4095,88.2,-8.47,20.6,4.14,0,47.73,0
NODE_019,3937,70.3,-14.13,32.9,0.58,0,41.0,0
NODE_022,3730,44.5,-24.3,43.7,12.39,1,15.01,1
NODE_004,3837,59.6,-11.8,27.7,1.82,0,34.78,0
NODE_017,4157,94.9,-4.74,33.0,1.4,0,18.05,0
NODE_022,3229,7.9,-104.84,47.9,21.38,10,1.31,2
NODE_003,3839,59.7,-7.66,32.8,5.03,0,69.05,0
NODE_013,4021,80.6,-11.65,23.3,3.84,1,35.36,0
NODE_015,3835,58.9,-7.45,21.5,3.7,0,40.2,0
NODE_005,3912,68.4,-7.35,22.9,5.43,0,50.34,0
NODE_013,4075,85.7,-9.61,20.5,2.72,1,54.26,0
NODE_020,3758,51.0,-5.42,31.4,3.21,0,43.6,0
NODE_013,3465,16.7,-89.11,48.0,39.44,4,1.05,2
NODE_017,3528,25.9,-18.8,36.4,14.35,1,4.72,1
NODE_011,4151,96.5,-12.57,34.5,2.71,0,68.07,0
NODE_015,4144,92.5,-4.21,21.0,1.06,0,18.03,0
NODE_004,3930,71.1,-5.1,35.6,2.25,0,47.49,0
NODE_012,3829,59.5,-9.63,34.0,3.5,0,50.0,0
NODE_024,3387,14.8,-110.93,-3.3,32.76,5,1.13,2
NODE_010,3190,4.8,-121.56,-6.8,31.76,5,2.33,2
NODE_015,3567,33.0,-31.14,45.0,9.05,3,11.31,1
NODE_016,3358,10.4,-65.54,-5.7,32.99,10,0.51,2
NODE_018,4133,91.5,-5.59,30.4,2.91,0,64.8,0
NODE_008,3281,9.6,-61.1,49.7,37.04,9,1.08,2
NODE_011,4087,87.5,-3.48,18.4,4.82,0,56.84,0
NODE_014,4170,96.4,-13.57,26.6,0.84,1,44.81,0
NODE_013,4118,90.4,-4.68,18.3,4.7,0,25.76,0
NODE_022,3513,23.4,-28.01,37.9,10.23,4,11.82,1
NODE_022,4105,88.9,-8.53,26.1,1.08,0,48.75,0
NODE_024,4043,82.6,-3.76,19.3,3.64,0,39.49,0
NODE_015,3733,46.6,-29.95,40.4,17.55,1,11.1,1
NODE_018,3994,77.3,-14.81,20.9,5.41,0,35.87,0
NODE_002,3330,12.1,-119.32,53.5,37.98,15,1.76,2
NODE_017,3340,11.4,-113.17,59.7,35.24,12,1.61,2
NODE_021,3911,67.3,-7.49,27.1,5.79,0,19.93,0
NODE_021,3881,67.8,-12.85,34.1,2.71,0,28.58,0
NODE_022,4176,96.7,-9.58,24.8,0.93,0,56.85,0
NODE_022,3263,8.9,-92.1,49.2,35.59,10,1.31,2
NODE_023,3700,43.1,-41.5,40.2,10.75,4,3.5,1
NODE_021,4052,84.1,-14.99,29.6,4.25,0,37.91,0
NODE_023,3774,51.5,-4.26,24.5,5.97,0,51.46,0
NODE_022,3776,51.9,-6.92,21.0,5.45,0,58.31,0
NODE_012,3824,59.1,-8.72,26.3,2.67,0,62.63,0
NODE_020,4041,81.9,-7.39,20.4,3.43,0,32.54,0
NODE_013,3502,24.7,-19.6,40.6,20.62,2,4.34,1
NODE_013,3772,54.0,-6.83,23.9,3.43,0,71.43,0
NODE_016,4168,97.3,-10.33,35.4,1.45,1,29.97,0
NODE_023,3997,76.5,-5.62,24.7,1.73,2,45.24,0
NODE_018,3575,29.1,-44.31,41.7,15.27,4,15.34,1
NODE_018,4029,80.5,-5.93,31.9,2.08,0,18.41,0
NODE_010,3496,21.6,-26.76,40.1,16.08,4,4.47,1
NODE_016,3829,58.2,-12.61,33.0,2.33,0,60.85,0
NODE_003,3503,24.3,-36.7,37.9,14.35,1,7.26,1
NODE_004,3832,58.7,-7.57,21.9,2.81,0,69.33,0
NODE_004,3949,71.3,-4.78,18.8,5.78,0,63.72,0
NODE_023,3390,13.8,-114.49,48.3,39.41,6,1.2,2
NODE_020,4210,99.9,-6.65,27.4,3.59,0,63.09,0
NODE_016,3919,68.0,-12.18,27.3,3.57,0,39.72,0
NODE_005,3290,9.9,-57.84,53.2,43.89,13,1.32,2
NODE_015,3886,64.0,-4.65,20.5,4.38,0,71.09,0
NODE_022,4034,81.6,-6.21,25.6,2.5,1,60.53,0
NODE_020,3967,75.1,-11.35,29.1,1.15,0,55.43,0
NODE_011,4168,96.6,-14.92,18.7,1.36,0,52.51,0
NODE_019,3508,25.0,-19.12,35.6,20.28,3,13.75,1
NODE_011,3086,2.1,-139.5,47.5,25.1,14,1.12,2
NODE_024,3793,55.0,-11.36,33.3,3.39,0,49.67,0
NODE_023,3966,75.0,-4.8,35.8,1.72,0,52.42,0
NODE_015,3533,26.8,-33.84,43.0,9.82,3,15.8,1
NODE_023,3897,68.4,-12.49,35.3,3.39,0,27.34,0
NODE_018,3484,21.2,-41.39,44.0,9.77,2,14.42,1
NODE_021,3887,65.2,-13.89,24.8,0.54,0,31.22,0
NODE_009,3833,60.2,-8.37,24.2,3.43,0,39.82,0
NODE_023,3961,72.8,-5.56,34.2,3.14,0,58.33,0
NODE_012,3878,63.3,-13.37,20.8,3.64,0,25.69,0
NODE_003,4082,88.8,-6.96,26.2,5.45,0,57.4,0
NODE_013,4133,93.5,-6.38,35.3,4.05,0,42.69,0
NODE_007,4096,89.4,-6.26,34.7,4.1,1,69.66,0
NODE_001,3818,58.6,-8.08,28.2,3.88,0,65.6,0
NODE_004,3702,42.0,-27.25,41.0,16.97,1,10.16,1
NODE_008,3192,6.2,-107.27,58.8,41.39,12,0.59,2
NODE_018,3168,5.3,-129.01,53.9,38.59,11,0.63,2
NODE_013,4153,97.1,-8.15,22.7,1.9,0,59.85,0
NODE_020,3494,21.5,-20.88,41.2,19.87,2,3.03,1
NODE_019,3769,53.5,-14.33,22.4,5.46,0,46.46,0
NODE_016,3515,24.4,-25.89,43.8,9.94,4,15.3,1
NODE_017,3819,57.5,-5.25,31.5,1.04,0,39.45,0
NODE_024,3307,9.8,-124.41,51.0,33.86,13,2.05,2
NODE_022,3242,9.3,-94.47,52.2,25.26,15,1.83,2
NODE_012,3511,28.7,-38.61,40.4,20.94,3,14.99,1
NODE_002,3876,63.9,-11.37,34.6,4.05,0,64.18,0
NODE_019,3975,73.0,-10.84,33.7,5.75,1,48.81,0
NODE_003,3829,57.5,-8.07,32.0,4.51,0,36.81,0
NODE_001,3841,59.9,-11.67,33.6,3.31,0,62.46,0
NODE_001,4191,99.6,-14.01,30.4,3.25,0,24.22,0
NODE_013,3825,57.5,-13.18,21.7,1.15,0,55.82,0
NODE_015,4078,87.6,-13.32,20.1,4.74,0,24.26,0
NODE_013,3813,56.5,-12.83,20.2,4.47,0,57.04,0
NODE_022,3616,33.9,-33.18,37.0,20.96,2,5.78,1
NODE_010,3954,71.6,-10.95,27.7,4.13,0,65.35,0
NODE_010,3522,21.1,-24.36,37.4,9.41,1,13.27,1
NODE_022,3990,76.2,-3.94,33.5,3.67,0,25.27,0
NODE_020,3802,56.4,-4.92,28.6,4.35,0,70.25,0
NODE_024,4105,89.5,-5.27,31.2,0.51,1,56.65,0
NODE_019,3790,56.4,-6.67,26.9,0.59,0,70.32,0
NODE_004,3828,59.5,-3.78,27.9,3.47,0,59.18,0
NODE_005,3758,51.4,-3.7,34.0,4.78,0,71.47,0
NODE_002,3907,68.1,-13.06,22.2,3.22,0,50.35,0
NODE_002,4076,86.1,-13.98,25.7,3.75,0,25.02,0
NODE_010,4167,97.3,-13.72,23.7,5.74,0,65.44,0
NODE_021,3533,24.7,-25.82,37.4,11.5,1,11.01,1
NODE_013,3286,10.0,-70.84,53.3,39.67,13,0.26,2
NODE_015,4100,88.9,-10.82,23.1,5.14,1,31.57,0
NODE_004,4111,90.5,-9.46,18.0,0.74,0,24.4,0
NODE_017,3844,60.4,-5.33,31.3,2.77,0,42.26,0
NODE_009,3489,20.7,-40.63,40.2,15.62,2,13.56,1
NODE_022,3789,55.4,-7.89,33.6,1.09,0,21.28,0
NODE_003,3762,52.1,-9.56,22.4,3.04,0,22.3,0
NODE_002,3531,26.6,-18.81,45.4,14.89,1,8.21,1
NODE_004,3437,18.7,-29.74,36.2,15.44,2,7.62,1
NODE_014,3616,35.9,-31.6,36.5,15.86,1,16.0,1
NODE_007,3489,22.7,-23.13,45.3,20.91,3,14.57,1
NODE_014,3486,20.4,-29.2,40.3,19.63,2,9.18,1
NODE_002,3872,63.3,-10.02,19.8,5.81,0,19.35,0
NODE_003,3468,19.5,-29.11,42.0,9.74,1,3.26,1
NODE_021,3864,61.8,-5.78,27.9,5.01,0,55.8,0
NODE_023,3528,26.1,-44.92,37.0,21.96,1,13.2,1
NODE_002,4027,80.4,-14.55,28.6,4.06,0,44.83,0
NODE_013,3607,33.9,-31.69,36.7,8.91,2,8.71,1
NODE_004,3568,29.5,-29.97,37.5,13.75,1,4.29,1
NODE_007,4172,97.6,-9.18,28.3,1.87,0,59.16,0
NODE_014,4057,86.8,-3.4,30.1,3.77,0,67.25,0
NODE_020,3755,50.7,-6.46,34.4,1.41,0,71.35,0
NODE_022,3860,60.7,-14.39,26.3,5.47,0,23.71,0
NODE_014,3830,57.9,-7.02,18.5,4.92,0,23.13,0
NODE_018,3393,13.8,-118.83,58.3,34.29,13,1.31,2
NODE_019,3828,57.3,-13.66,35.6,5.79,0,47.03,0
NODE_021,3881,64.5,-7.06,18.5,5.01,0,47.52,0
NODE_013,3191,5.9,-127.56,53.8,42.0,9,1.35,2
NODE_024,3276,10.1,-100.37,53.6,20.29,6,0.25,2
NODE_001,3767,52.3,-9.31,26.5,1.02,0,63.47,0
NODE_013,3890,65.0,-10.16,31.8,4.17,1,45.59,0
NODE_016,3645,35.7,-23.63,41.2,13.93,4,4.96,1
NODE_024,3621,35.4,-18.03,45.2,14.68,2,6.47,1
NODE_019,4066,85.7,-11.9,32.2,4.85,0,37.15,0
NODE_002,3998,77.6,-12.02,26.8,4.21,0,47.87,0
NODE_008,3925,68.9,-13.72,34.8,3.7,1,53.57,0
NODE_021,3867,64.6,-14.46,28.9,2.82,0,63.09,0
NODE_013,3838,62.4,-11.82,29.0,0.64,0,34.87,0
NODE_003,3813,57.6,-10.94,24.9,1.38,1,49.32,0
NODE_008,3553,30.2,-30.35,35.5,15.04,2,13.26,1
NODE_008,3924,70.0,-6.64,22.1,0.73,0,71.19,0
NODE_013,4194,99.5,-5.97,26.0,3.67,0,51.65,0
NODE_003,3778,53.7,-3.02,20.0,5.43,2,31.41,0
NODE_022,3651,36.0,-23.0,46.0,20.22,2,4.4,1
NODE_007,3936,70.4,-14.99,21.4,1.87,1,35.35,0
NODE_017,3902,66.6,-5.04,18.4,1.41,1,33.03,0
NODE_010,3874,63.1,-7.6,25.7,4.08,1,55.64,0
NODE_009,3993,78.4,-10.18,19.1,4.66,0,67.22,0
NODE_024,3992,75.8,-6.6,28.7,3.65,0,20.26,0
NODE_018,3346,12.7,-62.03,55.3,22.42,5,1.16,2
NODE_014,4204,99.8,-5.55,33.1,3.92,1,51.84,0
NODE_009,4016,80.8,-8.54,32.5,1.87,2,39.37,0
NODE_020,3874,65.6,-8.92,28.2,4.29,1,35.68,0
NODE_019,3899,65.7,-7.08,20.0,3.88,0,54.69,0
NODE_002,3689,41.4,-18.14,37.0,21.0,3,3.58,1
NODE_004,3776,53.9,-6.81,19.1,5.08,0,59.65,0
NODE_013,3882,65.7,-10.07,30.8,1.19,0,32.03,0
NODE_012,3931,68.9,-14.91,18.4,4.11,0,61.58,0
NODE_010,3999,79.0,-12.85,23.3,2.57,0,64.72,0
NODE_024,3337,10.8,-101.18,51.9,30.9,6,0.13,2
NODE_010,4130,93.3,-9.12,26.0,3.46,0,42.33,0
NODE_010,3749,46.9,-39.81,40.1,16.52,2,6.15,1
NODE_012,3928,70.2,-10.42,20.4,3.98,0,36.17,0
NODE_010,3934,69.8,-10.99,28.9,1.76,0,55.52,0
NODE_022,4129,92.8,-13.58,20.7,1.5,0,42.4,0
NODE_016,3589,32.2,-34.17,43.2,16.59,1,4.35,1
NODE_006,4192,99.2,-13.89,34.4,5.18,0,31.56,0
NODE_017,3732,47.8,-44.83,44.9,15.52,1,10.65,1
NODE_013,3979,74.7,-8.29,21.5,0.94,0,65.65,0
NODE_012,4098,89.3,-14.84,32.4,2.95,2,40.06,0
NODE_009,3309,11.2,-101.75,-6.7,24.12,7,1.37,2
NODE_008,3700,44.5,-35.76,39.2,17.75,2,14.26,1
NODE_018,3973,77.7,-3.32,29.4,2.53,0,45.76,0
NODE_010,4050,83.6,-6.66,22.2,2.28,0,61.03,0
NODE_009,4078,83.8,-9.85,23.5,2.52,0,36.28,0
NODE_005,3407,14.5,-133.1,-5.7,43.37,11,0.79,2
NODE_018,3670,40.1,-18.62,42.2,16.69,3,4.1,1
NODE_015,3218,7.4,-121.43,56.7,36.96,6,1.27,2
NODE_001,4124,91.6,-8.53,30.3,5.01,1,37.1,0
NODE_001,3476,19.8,-22.14,41.3,13.42,1,3.54,1
NODE_011,3490,23.8,-34.56,45.9,21.7,1,10.09,1
NODE_005,4163,94.7,-11.03,22.1,2.18,0,67.72,0
NODE_023,3682,40.2,-31.1,42.6,13.55,2,6.73,1
NODE_003,3564,28.4,-40.35,37.0,20.84,4,6.4,1
NODE_014,3993,76.6,-5.17,33.8,4.29,0,51.46,0
NODE_015,3616,34.6,-44.58,42.2,18.58,3,11.7,1
NODE_008,3497,21.7,-30.51,45.5,15.17,1,10.01,1
NODE_013,3629,35.0,-33.51,41.0,15.2,1,14.53,1
NODE_023,3884,65.3,-3.18,26.7,4.37,0,23.65,0
NODE_015,3517,25.6,-38.72,43.7,20.07,4,10.03,1
NODE_013,3504,23.3,-41.43,36.4,15.79,1,8.84,1
NODE_017,4021,78.4,-13.76,35.6,5.92,0,45.0,0
NODE_013,3107,3.5,-60.66,-5.9,41.67,4,1.81,2
NODE_018,3107,3.7,-129.1,47.2,25.75,4,0.14,2
NODE_023,3959,73.1,-10.45,18.8,0.66,0,50.23,0
NODE_018,3329,11.8,-75.66,-1.4,40.45,7,0.99,2
NODE_003,4164,95.9,-12.18,28.0,5.61,0,52.62,0
NODE_003,4092,87.8,-5.57,23.0,4.81,0,47.72,0
NODE_005,3886,65.5,-4.6,28.6,5.08,0,19.88,0
NODE_007,3770,47.8,-32.66,43.0,20.82,1,13.63,1
NODE_009,3400,16.2,-87.05,48.1,20.49,15,0.21,2
NODE_014,3308,11.7,-102.01,-7.8,36.18,9,0.82,2
NODE_003,3659,39.1,-20.92,45.3,21.81,1,8.81,1
NODE_011,4009,80.7,-3.93,28.6,4.75,0,46.23,0
NODE_001,4001,78.1,-12.66,25.6,1.61,0,38.41,0
NODE_024,4046,81.1,-13.09,28.9,4.82,0,47.16,0
NODE_018,4154,94.9,-8.21,26.5,5.97,0,44.21,0
NODE_020,3766,51.5,-5.37,25.7,2.5,0,48.74,0
NODE_013,4005,79.7,-13.48,35.0,1.23,1,59.26,0
NODE_012,4177,98.2,-8.74,28.1,5.3,0,34.35,0
NODE_003,3748,50.3,-3.68,34.2,2.53,0,21.93,0
NODE_015,3976,75.5,-3.34,20.1,3.18,0,22.87,0
NODE_024,3896,64.8,-7.77,32.1,1.03,0,63.08,0
NODE_018,3796,54.6,-6.45,25.3,1.26,0,26.79,0
NODE_020,3177,6.3,-87.11,59.2,42.04,8,1.83,2
NODE_012,3811,56.6,-5.12,24.2,2.12,0,63.09,0
NODE_011,3982,75.3,-14.97,28.4,1.19,1,44.84,0
NODE_001,3472,18.5,-25.17,34.8,13.59,4,14.68,1
NODE_014,3789,52.6,-12.94,32.9,2.03,1,71.56,0
NODE_017,3991,78.0,-11.06,31.0,4.83,0,22.8,0
NODE_017,3711,45.4,-31.05,35.9,11.67,2,4.17,1
NODE_014,4161,97.1,-8.49,34.8,4.75,0,21.56,0
NODE_012,3310,11.3,-72.22,-6.6,29.3,4,1.57,2
NODE_015,3123,2.7,-66.53,-5.8,22.02,4,1.89,2
NODE_008,3417,14.8,-100.35,49.0,21.1,11,0.27,2
NODE_014,4055,84.0,-14.94,26.7,5.48,0,53.3,0
NODE_017,3887,65.6,-6.46,30.6,1.75,0,61.06,0
NODE_017,4018,79.7,-8.12,33.6,2.77,0,31.88,0
NODE_016,3561,30.4,-25.22,45.5,19.1,2,4.84,1
NODE_016,3910,65.5,-8.54,21.8,4.74,0,19.92,0
NODE_011,3892,67.6,-8.26,29.0,1.72,0,43.29,0
NODE_010,4148,94.1,-5.51,24.5,1.91,0,62.49,0
NODE_011,3170,3.4,-92.31,51.1,33.64,4,1.89,2
NODE_015,3996,77.4,-3.12,35.9,5.4,1,45.18,0
NODE_018,3827,58.8,-5.4,24.9,5.9,1,70.33,0
NODE_010,3808,56.9,-14.43,24.0,2.95,0,32.94,0
NODE_002,3950,72.4,-10.97,19.4,5.79,0,48.49,0
NODE_024,3648,35.8,-30.4,38.0,18.72,1,9.41,1
NODE_023,3740,51.4,-3.12,19.8,1.78,1,71.83,0
NODE_015,3755,46.2,-42.44,45.8,8.27,1,6.83,1
NODE_015,3444,19.6,-26.03,36.0,8.33,2,7.82,1
NODE_008,4161,96.0,-11.78,34.9,4.25,2,66.22,0
NODE_022,3942,71.9,-11.24,32.3,3.61,1,21.21,0
NODE_006,3371,13.2,-77.03,-4.2,28.43,15,2.33,2
NODE_012,3288,11.5,-78.22,-0.4,35.44,4,1.15,2
NODE_002,3268,8.9,-71.15,59.7,31.59,12,0.22,2
NODE_012,3657,35.7,-35.11,34.3,11.23,3,3.85,1
NODE_001,3154,5.6,-79.02,-4.4,38.03,7,1.76,2
NODE_019,3876,63.9,-13.49,18.6,1.68,0,51.03,0
NODE_010,3987,77.1,-7.48,34.4,5.75,2,36.19,0
NODE_020,3508,23.2,-30.27,38.2,18.5,4,11.92,1
NODE_011,3912,68.1,-14.15,19.1,5.8,0,49.19,0
NODE_021,4000,78.6,-3.69,34.4,3.51,0,38.89,0
NODE_015,3774,52.2,-6.65,22.3,3.13,0,54.73,0
NODE_023,3191,4.5,-122.55,51.6,37.47,9,2.17,2
NODE_001,3968,74.5,-10.48,33.3,1.36,0,29.77,0
NODE_021,3762,50.6,-9.08,35.7,2.22,0,39.12,0
NODE_010,3978,76.9,-12.79,19.1,1.53,1,55.93,0
NODE_005,3840,61.1,-11.03,19.7,0.58,0,48.85,0
NODE_021,3241,7.7,-79.09,47.1,39.11,12,1.43,2
NODE_014,3874,62.1,-13.18,34.3,0.99,0,29.88,0
NODE_005,3457,18.2,-20.8,38.0,21.65,4,7.34,1
NODE_019,4188,99.1,-9.59,33.4,5.23,0,50.04,0
NODE_019,3543,27.4,-34.33,36.8,19.8,2,13.45,1
NODE_006,3696,44.5,-41.18,38.4,15.29,1,9.01,1
NODE_015,3347,12.1,-128.65,48.7,40.03,6,0.64,2
NODE_018,3843,59.5,-6.59,21.0,4.06,0,53.65,0
NODE_003,4155,95.5,-5.57,27.4,5.5,0,55.07,0
NODE_019,3793,55.3,-13.66,25.9,3.45,0,47.73,0
NODE_024,3893,65.6,-6.0,30.4,3.09,0,23.09,0
NODE_018,4064,85.4,-6.0,31.9,5.54,0,59.34,0
NODE_023,3513,24.5,-30.22,38.5,21.2,2,10.56,1
NODE_006,3564,26.3,-19.04,37.7,8.75,1,9.68,1
NODE_006,3589,32.3,-44.97,36.1,10.99,1,4.66,1
NODE_008,4171,97.3,-14.29,19.6,2.03,2,53.36,0
NODE_024,4080,87.5,-8.7,20.0,2.82,1,37.43,0
NODE_020,3671,39.0,-26.83,42.8,18.29,1,11.24,1
NODE_002,4069,85.7,-13.21,33.3,1.22,0,37.4,0
NODE_005,3471,21.1,-34.93,36.3,20.58,3,9.54,1
NODE_014,3784,52.4,-11.96,21.5,4.25,0,36.6,0
NODE_020,4136,91.4,-9.52,24.4,5.47,0,47.01,0
NODE_005,3646,38.5,-27.4,45.9,9.26,2,13.57,1
NODE_024,3865,64.9,-4.62,18.7,5.7,0,69.61,0
NODE_007,4113,89.3,-11.84,33.2,4.58,0,21.61,0
NODE_013,3811,57.5,-14.03,33.6,5.66,0,18.76,0
NODE_002,4008,77.9,-10.58,33.1,5.13,1,42.87,0
NODE_002,4045,85.0,-3.84,19.5,3.32,0,37.53,0
NODE_010,4109,88.9,-5.6,23.4,0.7,1,39.14,0
NODE_007,3613,36.1,-39.91,36.7,13.84,1,11.41,1
NODE_013,3842,59.5,-4.84,24.9,2.89,0,22.78,0
NODE_005,4103,89.3,-7.01,34.6,4.56,1,47.96,0
NODE_011,3808,57.6,-6.85,33.3,4.0,1,46.83,0
NODE_016,3289,10.5,-78.15,-0.5,30.19,14,0.68,2
NODE_010,3355,12.4,-80.78,52.7,25.52,12,0.91,2
NODE_008,3346,12.5,-53.38,-2.5,43.95,9,1.7,2
NODE_012,3857,61.2,-11.87,21.6,4.98,0,31.01,0
NODE_003,3589,29.0,-26.95,40.0,8.39,4,6.47,1
NODE_015,3543,29.7,-26.37,42.1,14.99,3,8.22,1
NODE_023,3406,13.8,-115.86,60.5,35.89,7,0.97,2
NODE_008,4004,78.2,-3.11,22.9,2.63,0,59.95,0
NODE_013,3079,2.0,-121.22,-7.1,28.58,9,0.15,2
NODE_023,3262,10.2,-56.72,60.8,27.66,5,2.06,2
NODE_006,3625,35.9,-36.28,45.3,16.06,1,13.98,1
NODE_006,4174,96.1,-14.84,33.7,2.02,0,59.95,0
NODE_019,3171,5.3,-105.37,51.3,44.94,8,1.66,2
NODE_019,4121,89.6,-13.11,25.5,1.14,0,65.85,0
NODE_007,3444,19.7,-29.7,36.6,18.78,1,15.49,1
NODE_022,3084,1.5,-81.89,54.4,33.27,9,2.31,2
NODE_005,3078,2.3,-74.31,60.7,33.92,9,0.48,2
NODE_012,3652,37.7,-25.04,36.1,20.45,2,8.99,1
NODE_009,3658,37.5,-26.67,34.6,14.96,2,5.13,1
NODE_021,3319,11.8,-77.76,52.1,38.55,6,0.63,2
NODE_015,3783,56.6,-9.84,30.3,2.74,0,18.18,0
NODE_009,3320,11.3,-135.8,57.5,40.38,11,2.34,2
NODE_003,4175,96.8,-11.09,27.3,5.91,0,67.72,0
NODE_016,3148,3.9,-128.48,51.8,36.56,7,0.39,2
NODE_001,3536,24.8,-29.51,43.5,18.77,1,8.17,1
NODE_021,3582,32.8,-40.56,34.4,9.7,1,7.5,1
NODE_023,4105,88.8,-12.89,31.0,3.81,0,57.22,0
NODE_016,3571,28.3,-25.58,45.6,12.93,3,11.57,1
NODE_007,3093,3.4,-126.43,59.2,25.67,13,0.56,2
NODE_017,3507,23.2,-37.24,44.2,17.68,3,13.16,1
NODE_008,3510,24.8,-38.88,39.1,15.1,4,9.1,1
NODE_003,3279,9.8,-98.68,52.8,32.45,5,1.93,2
NODE_006,3515,24.0,-43.96,34.2,9.75,1,7.6,1
NODE_018,4178,98.1,-6.87,29.4,1.51,0,64.39,0
NODE_022,3628,36.9,-20.08,43.1,15.48,1,8.23,1
NODE_007,4089,87.7,-13.43,21.8,5.83,0,55.31,0
NODE_005,3811,58.1,-6.46,18.3,1.08,0,31.7,0
NODE_005,4184,99.5,-4.7,28.2,4.45,0,55.01,0
NODE_006,4188,97.9,-10.14,24.8,5.02,0,71.63,0
NODE_007,3760,52.5,-10.32,33.0,3.99,0,64.68,0
NODE_008,4048,82.4,-8.62,22.9,4.26,0,23.65,0
NODE_008,4055,83.5,-12.25,28.1,2.18,0,48.33,0
NODE_005,4029,83.0,-12.36,24.9,2.71,0,60.37,0
NODE_022,4000,78.5,-6.36,29.8,2.62,0,32.95,0
NODE_016,3905,65.9,-8.18,32.4,5.65,0,37.89,0
NODE_014,3154,5.3,-133.03,57.1,28.25,8,0.14,2
NODE_022,4069,86.0,-7.89,21.8,2.27,0,37.32,0
NODE_006,4116,90.2,-5.27,18.3,1.43,2,54.0,0
NODE_003,3657,37.6,-42.41,42.7,9.26,1,15.23,1
NODE_019,4069,85.8,-4.13,29.2,3.05,0,42.51,0
NODE_002,3979,76.2,-12.41,21.0,3.2,0,22.31,0
NODE_020,3171,4.0,-100.59,58.5,31.51,9,1.77,2
NODE_017,3981,73.8,-8.46,24.3,5.12,1,68.8,0
NODE_022,4171,95.8,-6.68,21.7,3.81,0,38.64,0
NODE_010,4180,97.7,-6.93,32.1,4.0,0,24.73,0
NODE_002,4005,79.3,-10.78,18.4,2.42,0,32.7,0
NODE_010,3946,72.8,-3.94,26.6,4.41,0,40.73,0
NODE_018,3893,65.3,-8.46,31.7,3.23,0,42.18,0
NODE_015,3415,15.2,-131.99,52.8,28.69,15,2.48,2
NODE_009,3113,1.5,-103.4,57.5,31.76,4,1.51,2
NODE_013,3299,10.0,-84.52,53.6,22.75,14,1.46,2
NODE_012,4048,84.8,-12.33,21.7,4.32,0,56.83,0
NODE_006,3810,55.5,-8.65,26.3,4.21,0,30.68,0
NODE_003,3284,10.8,-57.55,55.4,34.25,9,1.57,2
NODE_012,3221,7.6,-100.88,-4.0,26.54,8,1.89,2
NODE_010,3689,41.6,-23.62,37.7,9.7,2,10.85,1
NODE_008,3552,25.3,-25.95,44.3,11.86,2,5.94,1
NODE_009,3235,5.2,-92.68,56.9,34.03,6,0.64,2
NODE_019,3945,71.0,-7.73,26.6,5.64,2,54.13,0
NODE_018,3711,44.5,-29.27,45.2,9.4,1,15.58,1
NODE_019,3782,53.1,-12.92,33.5,4.69,0,34.27,0
NODE_017,3888,64.4,-6.48,25.4,2.35,0,25.12,0
NODE_005,3751,50.5,-11.38,28.2,5.17,0,21.46,0
NODE_024,3646,35.0,-22.78,35.7,18.32,1,4.77,1
NODE_004,4140,93.2,-11.0,25.1,2.46,0,39.15,0
NODE_011,4037,81.4,-4.93,35.3,3.55,0,61.53,0
NODE_019,3743,46.3,-37.95,38.3,12.18,1,7.25,1
NODE_013,3786,53.6,-3.79,27.9,0.76,0,66.07,0
NODE_007,3509,22.7,-26.89,35.6,20.01,1,8.95,1
NODE_006,3837,60.4,-13.71,23.4,4.15,0,40.45,0
NODE_024,3681,42.0,-34.3,43.9,19.64,1,13.29,1
NODE_021,4057,85.4,-13.31,33.5,2.6,0,20.71,0
NODE_021,4052,83.1,-9.15,34.0,0.85,0,71.65,0
NODE_010,3901,65.9,-13.14,27.7,4.85,0,20.53,0
NODE_006,3639,36.3,-37.43,38.7,10.54,3,12.49,1
NODE_006,3826,56.7,-3.07,29.2,1.79,0,25.26,0
NODE_013,3798,55.4,-12.55,18.2,0.62,0,40.05,0
NODE_015,4068,84.6,-6.96,25.7,3.01,1,18.58,0
NODE_014,3954,73.9,-7.68,31.5,2.23,1,21.06,0
NODE_009,3507,24.3,-42.89,44.8,20.74,2,10.23,1
NODE_009,3511,23.1,-44.22,37.3,20.85,3,3.61,1
NODE_018,3789,53.4,-3.33,28.5,4.58,2,59.61,0
NODE_003,3820,58.2,-13.04,32.3,2.11,1,21.16,0
NODE_024,4123,91.6,-7.07,27.8,4.51,1,62.91,0
NODE_016,3634,38.7,-36.33,37.1,9.48,3,10.81,1
NODE_006,3085,1.8,-107.62,55.1,43.01,6,1.99,2
NODE_016,3565,28.2,-21.45,34.8,10.18,2,13.43,1
NODE_019,3561,28.3,-34.36,40.4,17.98,4,12.42,1
NODE_005,3266,8.8,-83.55,58.5,21.91,6,0.34,2
NODE_003,3771,52.4,-8.63,35.4,0.73,0,71.06,0
NODE_018,4163,95.9,-7.63,30.1,5.4,1,42.54,0
NODE_002,3242,8.8,-77.58,61.0,34.96,9,0.35,2
NODE_020,3668,38.8,-40.19,37.8,20.4,3,9.42,1
NODE_006,4161,95.3,-3.66,31.5,1.87,0,27.82,0
NODE_001,3885,64.5,-13.27,24.8,2.57,0,61.79,0
NODE_019,3207,7.1,-53.77,58.1,20.04,12,2.06,2
NODE_007,3141,5.7,-100.15,47.3,32.56,12,1.3,2
NODE_020,3909,66.5,-11.75,18.4,1.41,1,51.15,0
NODE_013,3648,38.5,-43.07,43.2,12.39,3,8.83,1
NODE_009,3708,45.1,-34.27,41.6,10.93,4,10.77,1
NODE_011,3877,63.4,-9.57,27.0,2.25,0,67.25,0
NODE_019,3934,70.9,-4.37,24.3,0.96,0,25.23,0
NODE_021,4086,86.3,-13.11,28.7,1.14,0,64.69,0
NODE_014,3824,57.6,-11.19,31.6,4.36,0,41.54,0
NODE_015,3703,42.4,-27.56,36.1,16.71,1,12.93,1
NODE_006,3905,68.8,-10.98,22.7,3.33,0,47.77,0
NODE_004,4087,86.2,-12.32,27.7,5.18,0,48.99,0
NODE_008,3501,22.7,-22.89,35.0,19.91,1,13.77,1
NODE_003,3879,64.8,-7.05,33.9,4.41,0,64.97,0
NODE_018,3976,75.0,-10.18,34.1,1.07,0,46.67,0
NODE_009,3758,52.9,-11.29,23.5,1.23,0,18.05,0
NODE_013,4171,96.4,-4.01,27.0,4.01,0,62.92,0
NODE_017,4071,86.8,-10.35,25.2,5.7,0,34.78,0
NODE_024,3932,71.8,-13.45,23.3,1.49,0,56.6,0
NODE_014,3480,23.4,-39.78,34.2,17.66,1,5.12,1
NODE_009,4119,89.8,-13.65,31.2,5.66,1,48.69,0
NODE_023,3094,2.4,-62.36,59.4,30.16,13,1.53,2
NODE_020,4076,84.5,-13.84,20.9,4.34,0,47.68,0
NODE_002,3939,71.6,-10.08,31.3,4.6,0,21.37,0
NODE_012,3320,13.0,-91.47,-3.2,41.82,4,0.87,2
NODE_002,3819,59.0,-12.07,27.5,1.79,0,68.51,0
NODE_018,3746,45.7,-22.25,41.4,17.24,2,10.95,1
NODE_002,3988,76.7,-9.81,32.8,4.66,1,64.32,0
NODE_006,3739,47.8,-39.42,44.5,16.53,1,13.26,1
NODE_007,3969,74.2,-4.2,19.5,2.35,0,52.08,0
NODE_018,3365,13.0,-70.88,-2.5,26.2,12,0.83,2
NODE_004,3794,53.7,-13.14,27.1,1.36,1,56.71,0
NODE_005,4007,77.0,-8.9,35.5,2.42,0,57.81,0
NODE_024,3265,9.5,-110.72,58.0,37.51,10,2.39,2
NODE_016,3779,54.7,-14.48,31.6,4.48,0,27.02,0
NODE_021,3267,9.6,-130.96,51.0,39.26,13,0.41,2
NODE_020,3936,70.5,-9.47,27.1,1.11,1,40.63,0
NODE_018,3597,34.2,-36.93,41.9,10.49,2,15.88,1
NODE_024,3916,69.5,-10.58,35.2,2.7,0,27.22,0
NODE_012,3795,54.7,-11.12,21.7,3.89,0,66.12,0
NODE_006,3850,61.2,-11.73,25.8,4.0,0,57.86,0
NODE_005,4023,80.4,-9.66,29.3,1.28,0,40.84,0
NODE_010,3939,71.9,-7.58,26.7,3.59,0,50.15,0
NODE_010,3595,32.9,-29.9,42.2,19.91,1,6.59,1
NODE_017,4014,80.4,-8.95,23.4,2.76,0,63.3,0
NODE_017,3220,6.5,-104.12,59.1,22.67,10,0.8,2
NODE_019,3879,63.3,-11.21,32.3,1.42,0,61.53,0
NODE_001,3808,58.5,-4.97,35.8,1.4,0,42.77,0
NODE_013,3989,77.6,-4.18,18.3,3.49,0,63.01,0
NODE_012,4081,88.5,-14.99,33.8,3.65,0,53.95,0
NODE_002,3880,65.3,-5.22,27.9,3.9,0,32.14,0
NODE_024,3280,9.9,-102.56,47.2,43.14,11,1.99,2
NODE_001,3831,60.6,-6.84,31.0,4.68,0,49.98,0
NODE_020,3832,60.2,-4.07,35.1,2.63,0,32.1,0
NODE_019,3937,71.9,-8.5,33.2,5.95,0,48.75,0
NODE_017,3727,45.4,-20.37,41.8,15.43,1,14.42,1
NODE_002,4034,81.6,-12.55,24.7,4.28,0,32.65,0
NODE_010,4178,98.4,-13.42,28.7,0.74,0,53.92,0
NODE_014,4169,96.5,-5.18,24.7,2.15,0,25.66,0
NODE_005,4154,95.5,-7.66,25.9,3.13,0,40.98,0
NODE_006,4132,92.8,-13.5,18.1,1.8,1,52.97,0
NODE_010,3779,51.5,-9.01,26.6,2.64,0,54.98,0
NODE_011,3863,61.1,-9.76,21.1,5.16,0,46.86,0
NODE_011,4110,91.5,-3.37,23.2,4.51,0,26.98,0
NODE_020,4091,87.1,-10.27,29.9,5.71,1,21.67,0
NODE_023,3533,25.1,-23.97,35.7,21.58,2,8.53,1
NODE_009,3984,77.3,-12.04,24.2,2.27,0,47.92,0
NODE_006,4059,83.4,-12.96,33.2,1.27,1,23.48,0
NODE_004,3227,6.2,-106.86,-7.2,28.4,4,1.37,2
NODE_021,3877,65.4,-13.89,26.1,2.19,0,59.29,0
NODE_021,4088,88.6,-11.43,33.7,4.52,1,33.97,0
NODE_015,4021,79.0,-6.57,35.6,3.03,0,63.76,0
NODE_020,3902,66.7,-9.14,27.6,1.72,0,29.76,0
NODE_003,3110,2.1,-121.91,54.8,35.02,6,1.13,2
NODE_002,3981,75.3,-4.32,32.6,3.56,0,27.4,0
NODE_018,3758,50.5,-5.07,25.8,2.24,0,27.8,0
NODE_015,3552,30.3,-22.54,36.6,12.58,1,13.56,1
NODE_017,3990,75.6,-4.64,24.4,4.27,0,33.08,0
NODE_013,4092,86.8,-9.69,24.8,1.39,0,49.8,0
NODE_003,3153,4.6,-66.77,-0.7,26.42,10,1.61,2
NODE_014,4157,95.3,-14.37,28.6,3.72,0,19.99,0
NODE_002,3984,77.7,-9.24,28.4,3.42,0,68.28,0
NODE_023,3797,54.8,-13.98,28.7,4.15,0,33.52,0
NODE_021,3880,63.8,-3.75,32.0,2.14,0,66.65,0
NODE_022,3586,31.7,-34.99,36.0,20.75,1,13.08,1
NODE_016,4080,85.5,-10.82,27.4,5.7,0,63.5,0
NODE_002,3778,53.6,-6.06,26.3,3.46,0,53.78,0
NODE_021,3704,42.6,-36.92,40.5,16.95,4,8.87,1
NODE_003,4156,96.3,-5.99,27.5,5.54,0,35.75,0
NODE_004,3688,41.8,-39.44,40.0,20.23,2,8.09,1
NODE_017,3830,59.1,-12.39,18.5,3.4,0,41.46,0
NODE_018,3789,54.1,-12.05,35.7,3.2,0,32.86,0
NODE_011,4145,94.4,-14.73,32.3,4.11,1,63.56,0
NODE_019,3498,23.0,-42.16,39.6,8.66,1,10.28,1
NODE_014,3310,10.4,-120.11,48.3,40.73,9,1.89,2
NODE_018,3669,40.6,-32.45,43.0,18.76,2,5.54,1
NODE_022,4069,87.3,-13.54,28.4,4.83,0,31.43,0
NODE_018,4025,78.7,-9.31,20.4,5.26,0,31.14,0
NODE_014,3790,53.0,-8.63,32.9,4.89,1,56.73,0
NODE_002,3764,53.0,-13.37,21.8,3.04,0,66.91,0
NODE_023,3619,33.9,-39.45,43.1,9.96,2,5.82,1
NODE_012,4014,80.0,-8.18,21.8,1.83,0,56.03,0
NODE_021,3897,66.1,-4.51,31.5,5.84,0,52.17,0
NODE_010,3863,62.3,-7.19,33.5,5.01,0,44.32,0
NODE_006,4103,89.5,-13.61,24.8,1.85,1,51.13,0
NODE_022,3970,75.4,-12.12,26.8,3.01,1,47.41,0
NODE_014,3304,11.4,-103.11,50.7,24.43,5,1.01,2
NODE_009,4108,90.9,-6.8,19.4,5.41,0,55.61,0
NODE_011,3498,24.1,-30.54,43.8,20.87,2,6.45,1
NODE_012,3086,1.6,-79.76,49.0,44.5,4,0.73,2
NODE_016,3932,71.1,-3.8,27.2,1.06,0,54.53,0
NODE_015,4096,87.7,-12.24,23.7,1.66,0,40.24,0
NODE_002,3945,70.1,-6.66,33.5,4.13,0,70.12,0
NODE_001,3822,58.7,-8.56,33.4,5.66,0,59.32,0
NODE_011,3558,28.5,-21.9,36.8,19.64,1,12.73,1
NODE_015,3975,74.5,-9.56,34.0,0.62,1,61.53,0
NODE_018,3379,13.6,-71.82,59.3,39.39,4,0.59,2
NODE_007,4092,88.0,-4.19,27.1,1.63,0,53.2,0
NODE_012,3172,4.6,-118.94,58.4,31.24,8,0.33,2
NODE_023,3760,50.6,-4.04,35.0,2.42,0,52.39,0
NODE_014,3118,4.0,-128.51,-4.8,24.17,4,2.32,2
NODE_003,3514,23.1,-21.51,44.7,16.56,2,7.63,1
NODE_015,3879,63.4,-11.65,18.4,4.39,0,49.94,0
NODE_023,3996,78.3,-13.09,24.7,4.79,0,52.74,0
NODE_002,3664,39.4,-36.64,45.5,20.93,1,6.6,1
NODE_015,4085,86.5,-8.3,20.7,2.64,0,68.4,0
NODE_014,3827,58.9,-14.06,26.9,2.14,0,33.64,0
NODE_009,3674,38.8,-26.82,36.1,9.4,2,11.08,1
NODE_002,3945,69.1,-9.82,30.4,1.68,0,26.06,0
NODE_013,4035,82.6,-14.33,34.7,4.78,0,36.1,0
NODE_008,4097,90.1,-6.34,19.3,2.48,0,47.36,0
NODE_001,3962,73.2,-7.74,18.5,1.03,0,36.01,0
NODE_019,3097,1.4,-98.47,48.3,38.82,4,1.67,2
NODE_006,3796,55.5,-8.51,24.9,0.73,0,65.77,0
NODE_021,3828,57.1,-13.56,32.5,1.9,1,56.34,0
NODE_009,3667,41.8,-18.03,35.3,10.34,3,15.54,1
NODE_016,3596,31.6,-36.73,38.9,21.77,1,5.93,1
NODE_010,4097,89.3,-4.17,21.3,1.29,0,18.83,0
NODE_011,4177,95.6,-11.76,19.5,5.75,1,53.87,0
NODE_001,3907,65.3,-5.12,32.4,3.11,0,51.32,0
NODE_007,3564,30.6,-28.11,37.8,11.15,1,8.32,1
NODE_021,4112,90.9,-6.36,18.4,5.84,0,69.19,0
NODE_023,4001,77.0,-13.66,18.7,1.08,0,23.96,0
NODE_018,4124,92.1,-12.95,25.7,5.34,2,55.97,0
NODE_024,3610,34.1,-33.83,39.7,13.99,3,15.75,1
NODE_022,3846,60.7,-10.45,19.1,0.55,0,34.85,0
NODE_009,4067,87.5,-9.74,29.8,5.87,2,23.91,0
NODE_002,4028,81.0,-8.19,19.5,2.15,0,48.85,0
NODE_024,3719,46.0,-24.25,45.3,10.82,2,12.49,1
NODE_005,3678,41.6,-18.55,37.3,11.77,2,8.84,1
NODE_002,3817,55.9,-8.11,27.5,2.25,0,25.99,0
NODE_001,4186,99.9,-12.61,31.1,4.27,0,64.78,0
NODE_012,3090,1.0,-121.27,-7.3,20.45,12,1.0,2
NODE_010,3744,47.8,-32.76,41.1,16.57,1,9.77,1
NODE_019,3113,2.9,-129.28,47.3,43.87,5,1.02,2
NODE_024,3707,42.6,-41.25,39.9,21.07,2,10.57,1
NODE_018,3297,10.2,-98.62,47.7,20.22,15,0.91,2
NODE_018,3442,16.2,-55.15,55.2,32.0,8,1.03,2
NODE_002,4174,96.1,-5.21,35.5,3.33,0,31.45,0
NODE_004,3339,12.6,-118.01,60.9,33.08,5,0.86,2
NODE_022,3634,37.4,-26.25,38.0,9.98,2,13.46,1
NODE_005,3123,4.0,-116.62,47.2,29.08,9,1.93,2
NODE_009,3755,51.5,-11.14,35.0,3.84,0,49.43,0
NODE_023,3961,70.2,-9.7,30.9,1.03,0,32.42,0
NODE_021,3711,42.3,-25.93,40.5,9.28,2,14.97,1
NODE_021,3937,72.3,-3.93,23.2,0.51,1,39.12,0
NODE_002,3962,75.0,-14.16,22.7,2.29,0,30.28,0
NODE_012,3515,23.8,-36.59,45.4,11.11,4,3.23,1
NODE_010,4034,81.0,-3.09,28.1,1.27,0,23.79,0
NODE_004,3739,46.1,-28.03,43.4,21.64,1,3.23,1
NODE_022,3218,7.4,-60.5,-0.8,25.48,8,1.12,2
NODE_001,3806,56.4,-12.09,20.6,0.98,0,65.46,0
NODE_006,4160,95.2,-8.19,35.8,3.95,0,22.84,0
NODE_001,3530,25.9,-30.63,38.5,14.97,2,12.77,1
NODE_008,3319,13.4,-74.25,50.9,29.55,4,2.43,2
NODE_010,3714,44.8,-18.58,39.0,11.06,2,7.98,1
NODE_001,3781,54.4,-12.16,24.6,4.46,0,71.08,0
NODE_024,4132,92.3,-11.89,24.3,5.79,0,71.96,0
NODE_018,4202,97.0,-5.92,31.5,1.19,0,69.45,0
NODE_013,3755,50.2,-10.3,25.5,4.95,1,68.32,0
NODE_013,3389,14.7,-115.15,3.1,41.98,10,2.15,2
NODE_015,4139,92.2,-5.52,23.3,3.07,0,26.62,0
NODE_002,3565,28.8,-44.01,45.7,9.52,2,9.51,1
NODE_016,3448,16.6,-128.7,51.1,25.24,4,0.84,2
NODE_014,3369,13.1,-90.71,49.3,28.41,14,1.14,2
NODE_009,3706,40.5,-40.58,37.1,19.0,1,8.2,1
NODE_023,3866,64.2,-5.18,31.8,1.06,0,44.63,0
NODE_007,3790,54.0,-13.24,22.5,5.21,0,34.56,0
NODE_011,3672,41.7,-31.49,44.4,19.29,2,9.87,1
NODE_009,3944,71.0,-14.72,25.3,1.93,0,36.76,0
NODE_004,3734,47.8,-40.09,35.9,20.29,1,11.53,1
NODE_009,4072,86.3,-12.03,18.5,4.4,0,51.01,0
NODE_017,4117,91.2,-12.12,20.6,4.42,0,45.28,0
NODE_002,3169,4.2,-134.38,48.6,31.17,13,1.59,2
NODE_002,4122,90.4,-14.61,18.2,2.14,1,61.92,0
NODE_008,4047,84.5,-6.03,28.6,3.07,0,40.41,0
NODE_024,4034,81.5,-10.34,34.7,4.68,1,54.92,0
NODE_020,3432,16.8,-75.04,-1.0,27.12,14,1.22,2
NODE_017,3901,68.2,-14.89,20.2,1.63,0,30.07,0
NODE_017,3801,56.0,-9.33,21.0,3.41,1,41.96,0
NODE_024,3808,56.9,-9.38,31.7,4.43,0,69.06,0
NODE_004,4022,77.6,-8.86,32.0,3.08,0,25.01,0
NODE_007,3720,44.4,-29.12,45.9,11.52,2,4.57,1
NODE_007,4113,91.9,-14.52,33.8,3.58,0,66.76,0
NODE_006,3605,34.4,-26.81,42.6,13.13,1,14.27,1
NODE_017,3836,58.5,-11.92,33.6,1.57,0,29.52,0
NODE_013,3176,3.6,-65.82,47.6,44.83,13,1.71,2
NODE_013,4115,92.3,-11.89,30.0,0.61,0,54.84,0
NODE_012,4010,81.0,-13.58,28.4,5.9,1,55.64,0
NODE_005,3793,52.7,-13.61,25.3,2.14,0,21.93,0
NODE_016,3163,4.5,-107.24,61.3,36.22,8,2.24,2
NODE_006,3836,60.6,-6.02,20.0,3.46,0,25.4,0
NODE_018,3273,9.1,-120.16,3.0,38.46,13,2.04,2
NODE_003,3505,27.5,-38.83,35.8,13.16,1,9.19,1
NODE_012,3664,39.4,-18.29,42.4,13.66,3,6.0,1
NODE_020,3167,4.7,-90.5,-4.1,40.5,8,2.29,2
NODE_014,4206,99.7,-9.11,32.8,3.72,0,69.79,0
NODE_011,3988,77.6,-11.15,31.8,5.25,0,59.6,0
NODE_015,3199,6.3,-131.14,-3.5,34.07,12,0.34,2
NODE_012,3910,68.8,-3.73,18.8,4.19,0,26.68,0
NODE_024,3821,57.7,-5.56,25.8,4.56,2,59.67,0
NODE_014,3577,32.1,-44.01,34.8,9.42,2,3.79,1
NODE_017,3908,68.1,-5.33,31.6,3.14,2,58.64,0
NODE_016,3453,19.8,-42.36,37.8,21.7,2,13.09,1
NODE_015,3789,53.6,-11.38,33.2,4.38,0,38.7,0
NODE_006,3908,66.6,-5.75,25.1,3.4,2,66.25,0
NODE_006,4122,91.7,-3.04,26.1,2.86,0,42.05,0
NODE_013,3493,22.3,-19.47,44.3,17.89,4,5.71,1
NODE_018,3195,7.4,-102.42,-0.8,25.45,12,1.13,2
NODE_017,3627,36.2,-34.03,42.1,8.42,1,14.94,1
NODE_017,3295,10.5,-118.96,-4.0,29.26,7,0.72,2
NODE_012,3695,38.6,-19.52,41.2,10.03,1,8.44,1
NODE_003,3174,6.2,-63.16,50.9,20.22,7,1.74,2
NODE_024,3967,72.5,-6.16,27.0,5.35,0,36.31,0
NODE_009,4142,92.5,-7.96,33.5,1.83,0,32.02,0
NODE_006,4139,93.0,-6.01,20.3,4.51,0,56.13,0
NODE_006,3164,3.4,-130.7,59.5,40.75,14,2.23,2
NODE_014,3746,47.1,-42.12,36.0,18.91,1,14.48,1
NODE_012,3874,63.4,-8.37,28.4,1.78,0,68.76,0
NODE_014,3075,1.1,-87.39,49.8,42.46,15,1.09,2
NODE_019,3472,18.4,-18.08,44.7,10.58,1,9.44,1
NODE_003,4006,77.3,-4.58,26.1,5.36,0,67.77,0
NODE_003,3831,59.7,-4.35,18.7,2.38,0,19.78,0
NODE_019,3819,59.2,-4.98,21.3,5.54,0,30.09,0
NODE_004,3235,8.0,-89.31,53.5,26.04,12,0.11,2
NODE_008,3069,1.5,-104.21,50.9,23.91,9,1.58,2
NODE_020,3614,34.5,-42.06,41.2,18.33,1,9.01,1
NODE_006,3283,8.9,-91.32,2.7,22.95,10,0.63,2
NODE_021,4184,98.7,-8.24,25.7,1.19,0,40.67,0
NODE_013,3696,42.7,-32.75,36.0,17.02,1,5.67,1
NODE_016,4087,87.4,-7.96,18.4,4.48,0,47.49,0
NODE_010,3588,30.6,-31.63,38.4,13.78,3,5.21,1
NODE_018,4049,85.7,-13.76,35.3,5.14,0,26.96,0
NODE_003,3353,13.4,-55.0,50.6,20.81,8,1.4,2
NODE_002,3830,58.7,-13.12,35.2,1.86,0,69.7,0
NODE_008,3780,52.0,-5.28,34.3,4.93,0,70.56,0
NODE_004,3661,39.9,-18.29,37.4,19.15,2,3.43,1
NODE_013,4097,90.7,-5.3,23.1,4.81,0,58.77,0
NODE_008,3829,58.1,-4.8,25.1,1.4,0,18.39,0
NODE_018,3997,78.2,-6.11,36.0,1.77,0,70.16,0
NODE_009,3459,20.7,-21.25,34.7,18.92,3,8.11,1
NODE_020,3480,22.0,-43.48,35.7,21.54,2,3.98,1
NODE_015,3915,68.6,-13.08,34.3,2.61,0,64.82,0
NODE_021,3835,60.2,-9.62,29.2,4.88,0,27.76,0
NODE_015,3831,61.5,-9.22,22.2,2.7,1,64.17,0
NODE_009,3826,57.6,-4.76,29.3,2.69,0,66.45,0
NODE_005,3736,44.7,-33.51,39.4,18.73,1,10.42,1
NODE_006,3723,44.4,-20.64,37.8,9.92,1,5.16,1
NODE_004,4049,84.6,-4.68,24.4,2.25,0,56.87,0
NODE_005,4035,82.0,-11.41,30.0,0.77,1,44.2,0
NODE_019,3812,57.0,-9.41,35.5,2.56,0,64.44,0
NODE_005,3274,9.0,-118.74,56.4,36.89,15,2.34,2
NODE_004,4087,86.8,-3.37,23.4,3.49,0,41.3,0
NODE_021,4001,78.7,-3.46,33.9,4.67,0,71.25,0
NODE_014,3911,67.9,-7.59,19.0,2.37,0,53.94,0
NODE_014,4152,94.2,-11.0,27.1,4.81,0,46.64,0
NODE_024,4202,98.6,-11.15,25.9,4.87,0,60.58,0
NODE_001,3540,26.0,-31.98,41.9,18.9,1,15.01,1
NODE_021,3366,12.8,-132.79,49.5,23.98,6,2.19,2
NODE_001,3611,34.0,-35.48,43.5,21.07,2,12.84,1
NODE_010,4012,77.6,-12.74,31.7,5.34,0,22.89,0
NODE_006,3529,25.4,-37.61,37.4,16.03,2,13.24,1
NODE_020,3562,30.5,-40.4,42.3,8.56,2,3.0,1
NODE_011,3486,19.6,-29.32,39.2,10.59,2,6.71,1
NODE_002,3861,61.6,-14.1,31.3,0.96,0,38.02,0
NODE_007,3825,58.9,-13.08,33.1,1.02,1,30.0,0
NODE_001,3568,30.6,-44.43,40.3,14.46,2,7.16,1
NODE_009,4168,96.2,-6.02,33.0,0.8,2,65.0,0
NODE_013,4073,85.4,-6.44,24.4,0.58,0,43.0,0
NODE_007,3792,54.5,-5.09,29.9,5.22,0,29.1,0
NODE_007,3489,21.4,-27.64,43.5,11.63,2,15.54,1
NODE_010,3857,60.0,-13.81,24.3,5.45,0,67.43,0
NODE_007,3969,73.2,-7.1,25.0,2.49,1,66.29,0
NODE_002,4063,84.6,-5.52,28.9,1.49,2,62.21,0
NODE_014,3606,32.2,-21.82,35.2,15.71,1,4.13,1
NODE_016,3603,34.9,-40.34,42.4,8.58,1,10.28,1
NODE_015,4101,88.6,-14.07,26.9,1.7,0,60.17,0
NODE_007,3943,69.4,-11.93,28.3,5.99,0,65.2,0
NODE_018,3849,61.3,-4.9,20.5,3.58,0,55.16,0
NODE_006,3936,71.7,-6.53,19.1,0.57,1,50.16,0
NODE_008,3895,66.9,-4.37,26.7,5.69,0,39.1,0
NODE_009,4090,89.0,-7.76,33.0,0.68,0,43.76,0
NODE_003,3934,71.4,-11.34,33.2,3.99,0,33.85,0
NODE_015,4154,95.3,-11.86,21.8,0.78,0,22.45,0
NODE_015,3717,46.9,-35.51,39.0,20.55,3,4.71,1
NODE_013,3571,30.1,-20.04,44.8,18.95,1,6.86,1
NODE_023,3926,68.6,-8.79,29.0,0.68,0,42.45,0
NODE_023,4120,92.2,-14.87,27.3,2.34,0,53.09,0
NODE_018,3895,64.5,-12.17,25.4,5.35,0,66.57,0
NODE_008,3590,31.3,-20.3,41.1,11.44,1,9.28,1
NODE_015,3472,18.7,-34.08,42.4,20.43,1,15.13,1
NODE_006,3566,30.6,-21.03,39.7,16.04,1,4.06,1
NODE_001,3598,31.6,-27.53,39.2,11.05,3,11.79,1
NODE_002,4077,87.6,-8.13,21.7,4.24,0,45.81,0
NODE_020,3280,9.1,-96.66,58.1,27.87,14,0.87,2
NODE_001,3643,37.1,-29.58,35.7,9.65,2,6.41,1
NODE_018,4070,85.0,-14.07,33.6,4.26,0,39.99,0
NODE_007,3765,53.1,-14.16,31.7,3.68,1,66.4,0
NODE_001,4165,97.2,-8.04,21.2,5.1,0,22.32,0
NODE_019,3738,45.9,-31.76,40.7,13.86,1,14.49,1
NODE_007,3505,25.0,-42.56,42.9,20.91,2,13.69,1
NODE_010,3508,23.1,-29.14,35.9,10.89,2,9.96,1
NODE_022,4134,94.2,-6.91,22.3,2.3,0,52.55,0
NODE_023,3885,64.1,-5.7,29.0,2.8,0,38.54,0
NODE_006,3890,67.0,-8.54,21.4,2.52,2,46.65,0
NODE_009,4166,95.6,-6.09,23.0,4.82,0,55.66,0
NODE_023,3681,40.2,-32.42,40.5,13.8,2,15.06,1
NODE_013,3725,46.6,-37.68,36.7,9.59,3,9.86,1
NODE_002,4048,82.5,-11.97,31.9,5.57,0,66.67,0
NODE_021,3900,66.4,-12.6,26.1,0.76,0,68.59,0
NODE_005,3878,64.9,-9.64,18.9,0.67,0,19.7,0
NODE_021,3415,16.4,-134.1,-6.2,24.14,10,1.42,2
NODE_021,3145,5.7,-113.08,58.3,20.75,4,1.2,2
NODE_017,4014,79.0,-10.93,28.2,4.03,0,32.88,0
NODE_003,3735,50.1,-3.76,30.3,4.46,1,38.78,0
NODE_004,3963,73.6,-10.3,18.3,0.68,0,18.9,0
NODE_020,3772,52.8,-5.91,21.2,5.58,0,66.67,0
NODE_009,3855,60.9,-5.36,24.9,4.08,0,36.04,0
NODE_017,3707,44.3,-20.7,35.0,8.15,2,13.54,1
NODE_022,3819,58.1,-4.48,21.9,3.78,0,68.69,0
NODE_005,3260,8.3,-117.62,2.9,34.25,10,2.08,2
NODE_023,4027,80.5,-7.21,26.1,1.23,0,31.08,0
NODE_011,4097,88.2,-6.72,18.8,2.45,0,40.95,0
NODE_017,3667,39.0,-22.99,43.5,18.9,1,3.21,1
NODE_008,3354,14.2,-115.52,54.7,23.67,9,2.2,2
NODE_019,3981,74.9,-8.79,23.0,4.42,0,71.95,0
NODE_005,3773,51.9,-10.16,26.3,4.77,2,40.02,0
NODE_019,3907,68.6,-11.28,32.7,5.82,1,54.0,0
NODE_006,3770,52.5,-11.92,28.9,2.63,0,40.18,0
NODE_020,3922,69.2,-10.22,35.4,5.72,0,40.04,0
NODE_007,3212,7.0,-51.33,61.2,36.43,6,1.51,2
NODE_024,3740,46.5,-30.2,36.6,18.52,2,14.25,1
NODE_013,3973,73.2,-9.05,29.0,2.55,0,18.67,0
NODE_004,3997,76.3,-14.41,35.1,4.94,1,61.91,0
NODE_004,4008,80.2,-6.05,35.6,3.8,0,24.81,0
NODE_001,4159,94.8,-11.52,18.9,5.88,0,68.22,0
NODE_005,3687,39.7,-19.51,45.5,12.27,2,5.95,1
NODE_002,3356,12.7,-89.24,-6.6,25.1,13,1.29,2
NODE_005,3412,14.5,-97.69,-0.6,30.87,9,2.1,2
NODE_013,4104,87.1,-6.99,30.6,2.13,0,51.54,0
NODE_023,3482,19.7,-40.07,38.0,11.25,2,9.3,1
NODE_014,4176,97.1,-13.77,35.0,3.57,0,24.76,0
NODE_019,3405,14.2,-90.93,59.2,36.23,9,1.07,2
NODE_005,3108,2.4,-80.7,3.2,31.21,10,1.08,2
NODE_017,3900,66.7,-9.24,31.6,4.08,0,70.03,0
NODE_010,3446,18.2,-38.31,45.3,14.87,1,5.12,1
NODE_008,3352,11.5,-96.61,59.8,22.42,4,1.29,2
NODE_016,3818,58.5,-9.04,35.5,0.84,0,58.91,0
NODE_022,3785,52.2,-6.66,33.0,4.59,0,57.0,0
NODE_019,3972,74.2,-12.48,18.7,2.14,0,33.87,0
NODE_010,3937,72.4,-8.4,18.0,1.99,0,41.97,0
NODE_018,3811,56.4,-12.29,35.8,5.58,1,55.36,0
NODE_016,3763,53.8,-5.92,19.3,3.09,0,67.62,0
NODE_018,3453,16.6,-131.92,61.4,24.16,12,1.52,2
NODE_003,3931,69.2,-3.34,18.7,4.98,0,37.12,0
NODE_001,3989,77.2,-14.05,31.3,1.02,1,42.4,0
NODE_009,3637,36.6,-26.93,37.0,17.33,4,3.61,1
NODE_016,3480,18.1,-37.3,41.1,20.49,3,12.32,1
NODE_011,3107,2.9,-115.13,1.1,35.11,15,1.41,2
NODE_006,3982,77.0,-6.83,28.6,2.67,0,68.75,0
NODE_024,3996,75.7,-4.02,27.8,2.7,1,51.93,0
NODE_023,3677,37.8,-30.58,34.1,13.48,1,12.07,1
NODE_003,3217,7.1,-77.72,50.1,25.09,7,0.92,2
NODE_014,3785,52.8,-12.72,35.7,2.15,1,45.17,0
NODE_017,3387,13.2,-64.36,54.6,44.12,12,1.26,2
NODE_002,3761,52.1,-6.85,20.1,4.35,0,63.31,0
NODE_023,3736,47.4,-21.63,34.9,10.8,3,4.89,1
NODE_013,3805,54.8,-8.55,28.0,3.58,0,61.22,0
NODE_008,3820,56.0,-7.87,25.3,2.12,0,54.92,0
NODE_006,3896,65.7,-7.79,26.5,0.54,0,32.72,0
NODE_023,3957,74.0,-6.62,32.2,5.25,0,54.66,0
NODE_005,3450,15.3,-132.81,51.3,38.65,13,1.47,2
NODE_024,3867,63.6,-4.48,26.7,2.63,0,65.13,0
NODE_006,4063,85.2,-8.09,34.6,2.5,2,25.44,0
NODE_013,3994,76.7,-14.8,24.7,4.97,1,18.32,0
NODE_013,3787,52.4,-3.86,18.9,1.8,0,30.89,0
NODE_001,3816,56.5,-8.63,29.5,4.06,0,63.22,0
NODE_020,3808,56.0,-4.69,28.6,3.76,2,21.17,0
NODE_024,3767,51.4,-10.62,18.4,1.94,0,28.8,0
NODE_015,3621,35.1,-26.2,38.4,20.0,2,13.72,1
NODE_013,4036,81.2,-8.6,18.8,5.25,0,67.53,0
NODE_016,3272,11.6,-116.8,-0.4,43.8,4,0.87,2
NODE_024,4019,80.2,-6.68,34.7,1.74,0,48.1,0
NODE_021,4075,85.9,-7.86,24.3,2.43,0,65.86,0
NODE_010,3552,29.9,-34.03,44.4,16.36,2,4.94,1
NODE_016,3471,19.6,-26.12,38.6,11.29,3,4.33,1
NODE_014,3539,27.3,-33.58,39.4,12.15,3,5.01,1
NODE_014,3261,7.5,-128.2,61.9,29.15,9,0.17,2
NODE_012,3361,11.9,-133.89,0.7,43.78,10,1.29,2
NODE_004,3769,52.7,-8.68,28.3,2.55,0,34.32,0
NODE_007,3895,66.3,-9.69,22.8,4.4,1,57.52,0
NODE_012,4055,84.0,-11.16,34.9,5.55,0,35.24,0
NODE_015,4165,96.7,-14.04,29.6,3.39,0,39.48,0
NODE_024,3396,14.6,-103.58,-4.0,42.13,12,0.66,2
NODE_011,3587,32.8,-28.07,40.7,13.54,4,7.87,1
NODE_015,3822,59.3,-12.09,31.4,3.13,0,57.48,0
NODE_018,4141,92.8,-5.33,19.8,1.52,0,37.43,0
NODE_016,3841,59.5,-5.19,30.4,3.82,0,60.45,0
NODE_005,4191,99.9,-10.14,22.7,1.52,0,25.2,0
NODE_008,3708,42.5,-19.76,44.7,14.44,2,10.72,1
NODE_006,3941,72.0,-3.98,29.2,4.4,0,46.89,0
NODE_011,3467,19.4,-38.57,36.2,16.05,1,15.89,1
NODE_003,3843,59.4,-5.87,21.2,2.03,0,69.92,0
NODE_016,3630,36.1,-30.82,44.7,8.13,2,7.31,1
NODE_011,3206,6.3,-115.81,60.5,21.44,11,0.88,2
NODE_019,3628,36.7,-39.55,45.5,9.74,1,13.82,1
NODE_010,3149,4.4,-126.07,53.5,35.64,6,2.29,2
NODE_016,3958,73.3,-12.55,19.4,5.38,0,69.84,0
NODE_013,3876,64.9,-9.26,34.7,2.94,0,37.52,0
NODE_008,3763,51.7,-7.63,21.1,3.27,0,52.03,0
NODE_003,3438,19.1,-32.23,42.5,18.19,1,9.45,1
NODE_001,3703,44.1,-32.22,43.1,15.09,2,8.46,1
NODE_012,3748,50.1,-3.89,32.9,0.58,0,56.16,0
NODE_007,3644,37.9,-35.37,44.2,19.33,2,15.42,1
NODE_009,3343,12.7,-114.55,51.7,32.14,13,0.6,2
NODE_017,3441,16.7,-77.09,54.3,34.36,12,1.8,2
NODE_020,3534,25.7,-20.32,40.1,8.48,2,14.55,1
NODE_011,3885,64.1,-6.57,29.9,1.29,0,65.11,0
NODE_010,3802,56.6,-12.33,28.6,5.41,0,23.45,0
NODE_023,4054,85.2,-4.43,32.5,0.91,1,23.63,0
NODE_020,4159,96.6,-12.26,18.3,4.35,0,42.32,0
NODE_024,3718,45.6,-40.59,44.9,19.43,4,12.14,1
NODE_010,3179,5.8,-65.6,49.4,29.94,11,1.89,2
NODE_023,4123,92.4,-5.71,27.5,5.5,0,42.31,0
NODE_021,3954,74.2,-11.04,27.8,5.16,0,46.2,0
NODE_013,3739,47.6,-39.6,42.7,16.06,1,6.98,1
NODE_024,3302,10.6,-52.48,52.9,38.83,9,1.34,2
NODE_022,3877,63.5,-5.7,25.0,5.36,0,70.44,0
NODE_020,3229,8.1,-121.88,47.8,33.58,13,2.21,2
NODE_014,3926,70.0,-14.91,25.5,2.46,0,42.28,0
NODE_017,3865,63.9,-9.01,34.7,5.71,0,58.59,0
NODE_012,3205,6.6,-50.79,-2.4,26.86,4,0.23,2
NODE_017,3975,76.1,-5.29,32.6,5.21,0,21.1,0
NODE_003,3914,67.6,-11.1,20.8,5.4,1,32.04,0
NODE_017,3944,73.6,-11.45,20.6,5.16,0,46.58,0
NODE_018,3072,1.3,-70.2,59.3,41.68,15,0.25,2
NODE_001,3233,7.5,-135.9,59.1,26.69,7,1.33,2
NODE_014,3772,52.3,-6.68,31.2,3.47,0,30.06,0
NODE_020,3573,26.3,-43.13,37.2,16.1,2,8.63,1
NODE_003,3597,32.3,-31.91,44.1,19.5,2,9.33,1
NODE_009,3808,57.6,-11.78,21.8,2.64,0,18.71,0
NODE_011,3246,8.4,-108.15,58.3,32.3,12,2.44,2
NODE_001,3956,74.9,-7.33,22.0,1.88,0,36.19,0
NODE_021,3462,19.4,-27.24,39.2,10.36,2,6.51,1
NODE_021,3379,14.7,-67.87,52.3,33.26,6,0.9,2
NODE_009,3725,44.1,-32.35,44.1,10.15,1,10.33,1
NODE_015,3583,32.1,-30.62,39.5,16.54,4,4.48,1
NODE_010,4153,95.0,-6.15,35.9,4.28,0,28.88,0
NODE_017,4069,86.2,-4.93,23.8,4.03,1,55.6,0
NODE_009,3956,71.0,-12.06,31.8,1.43,1,19.68,0
NODE_021,3993,77.4,-6.4,31.6,1.41,0,43.95,0
NODE_017,4150,92.5,-9.68,30.6,2.61,0,49.88,0
NODE_022,3434,15.6,-132.22,1.7,43.08,5,1.22,2
NODE_017,4105,88.9,-4.36,32.8,5.02,0,40.37,0
NODE_018,3764,51.2,-9.96,20.7,1.23,0,29.88,0
NODE_016,4035,81.2,-3.65,18.5,1.33,0,43.46,0
NODE_019,4049,85.4,-5.44,35.6,2.24,0,61.17,0
NODE_018,3580,31.4,-26.88,40.6,19.34,4,10.55,1
NODE_023,4040,81.4,-9.66,26.9,2.23,0,22.18,0
NODE_018,4057,84.3,-4.88,31.5,3.05,0,49.49,0
NODE_011,3762,52.9,-8.03,24.7,5.93,0,51.87,0
NODE_006,3996,77.5,-8.93,27.9,2.94,0,19.23,0
NODE_005,3365,12.0,-104.13,-0.9,37.03,6,0.37,2
NODE_021,3649,36.1,-27.94,38.0,9.24,3,10.11,1
NODE_005,3315,11.4,-91.4,59.7,39.6,5,1.33,2
NODE_005,3472,18.8,-22.66,34.1,13.63,2,14.05,1
NODE_020,3799,55.9,-9.54,20.4,3.15,0,47.96,0
NODE_013,4135,94.7,-12.31,34.3,3.31,1,41.58,0
NODE_010,3572,31.6,-43.75,42.6,8.62,2,8.98,1
NODE_020,3998,75.9,-6.24,22.1,5.86,0,55.29,0
NODE_001,3578,31.3,-25.03,43.2,19.76,2,14.44,1
NODE_004,3900,67.0,-14.49,33.2,2.25,0,19.77,0
NODE_005,3602,33.7,-28.32,42.1,18.35,2,12.24,1
NODE_009,3909,65.6,-3.22,27.7,1.08,0,21.45,0
NODE_016,3351,11.4,-76.86,61.0,44.44,9,2.14,2
NODE_007,4217,99.5,-13.63,29.3,2.66,1,46.83,0
NODE_003,3622,35.5,-33.18,44.5,16.65,2,14.36,1
NODE_005,4191,98.7,-5.35,29.3,2.46,0,32.22,0
NODE_016,3866,64.7,-4.02,35.8,5.01,0,64.24,0
NODE_010,3492,20.0,-39.12,35.6,12.47,1,9.48,1
NODE_022,3791,56.0,-8.01,27.0,2.99,1,50.48,0
NODE_023,3652,37.9,-38.69,40.1,21.46,3,5.71,1
NODE_002,4112,91.5,-11.02,24.6,4.38,0,26.84,0
NODE_008,3879,65.0,-10.49,35.9,2.55,0,51.85,0
NODE_009,4004,79.2,-5.43,18.4,3.07,0,33.75,0
NODE_013,3653,39.3,-34.5,42.7,12.84,2,7.64,1
NODE_010,3718,45.6,-31.85,42.9,20.93,2,8.52,1
NODE_015,3750,50.7,-13.06,21.0,3.32,0,48.49,0
NODE_003,3745,46.3,-20.94,35.2,19.03,1,6.55,1
NODE_016,4139,94.5,-6.54,22.6,3.59,0,61.79,0
NODE_010,4200,99.8,-7.9,30.9,1.19,0,53.88,0
NODE_008,3388,13.3,-137.42,3.5,35.86,15,0.17,2
NODE_024,3557,29.5,-22.88,35.4,20.47,2,8.88,1
NODE_004,3912,68.9,-10.01,25.8,0.93,0,34.93,0
NODE_013,3173,5.4,-66.98,49.0,41.23,6,0.42,2
NODE_023,3198,5.3,-87.05,2.8,25.22,11,2.43,2
NODE_018,3941,71.0,-10.7,31.3,1.02,1,51.17,0
NODE_011,3881,65.2,-5.23,20.2,2.12,0,29.41,0
NODE_012,3891,65.2,-10.25,24.5,5.35,0,61.69,0
NODE_002,3911,69.2,-9.12,20.3,1.7,0,60.24,0
NODE_012,3653,37.3,-20.87,41.6,12.98,3,11.31,1
NODE_016,3568,29.3,-21.22,43.7,12.18,1,5.81,1
NODE_018,4184,98.6,-6.08,24.0,0.85,0,29.25,0
NODE_009,3715,45.8,-38.09,40.6,14.74,1,14.84,1
NODE_008,3876,65.0,-5.94,35.2,0.86,1,32.9,0
NODE_024,3483,20.5,-26.46,37.5,19.61,1,4.21,1
NODE_009,3644,35.7,-30.8,39.6,19.53,1,4.74,1
NODE_023,3749,50.7,-11.13,22.4,3.23,0,23.12,0
NODE_007,3992,76.4,-10.51,18.9,1.05,0,43.94,0
NODE_008,3821,60.3,-13.99,19.7,0.86,0,43.99,0
NODE_014,3790,55.2,-5.4,26.7,3.52,0,23.26,0
NODE_020,3638,36.9,-36.36,37.6,12.63,2,3.69,1
NODE_021,4117,91.9,-13.29,25.7,3.68,0,67.92,0
NODE_024,4164,97.1,-12.85,31.4,0.57,0,27.97,0
NODE_002,3969,75.1,-4.51,35.6,4.3,0,55.55,0
NODE_022,4126,91.5,-12.98,31.3,1.03,0,19.47,0
NODE_014,3794,55.2,-14.1,23.8,3.74,0,23.15,0
NODE_013,3840,62.5,-4.81,27.3,1.21,1,33.01,0
NODE_002,3118,4.7,-52.04,-0.0,21.18,10,0.44,2
NODE_001,4042,83.2,-7.63,18.8,0.92,0,31.83,0
NODE_010,4013,78.8,-12.69,29.6,2.5,0,69.59,0
NODE_004,3456,22.7,-25.21,37.0,19.65,2,6.68,1
NODE_005,3828,59.3,-10.2,31.9,2.14,0,60.82,0
NODE_006,3975,75.6,-9.85,22.8,4.6,0,49.5,0
NODE_012,4101,87.5,-7.36,26.5,5.48,0,32.94,0
NODE_019,4027,81.3,-12.87,26.5,1.78,0,59.82,0
NODE_011,3754,47.9,-18.49,38.9,19.4,2,3.86,1
NODE_016,3569,29.7,-40.74,43.5,20.21,2,11.05,1
NODE_014,3776,55.3,-9.33,35.9,1.71,0,49.41,0
NODE_012,4152,93.9,-5.67,35.1,5.58,0,56.86,0
NODE_022,3845,60.4,-8.03,30.4,5.59,0,52.22,0
NODE_019,3907,67.0,-12.0,23.2,5.33,0,71.45,0
NODE_016,3208,3.4,-130.71,49.3,31.44,14,1.77,2
NODE_014,3312,12.9,-90.77,-4.7,43.5,8,1.09,2
NODE_011,3960,71.5,-6.97,18.5,4.82,0,47.07,0
NODE_010,4012,79.5,-12.16,29.0,5.39,0,53.49,0
NODE_014,4140,93.0,-6.91,27.0,1.06,1,45.82,0
NODE_007,3475,20.7,-38.39,40.0,10.92,1,3.77,1
NODE_023,4119,91.5,-14.95,19.7,3.45,0,44.03,0
NODE_018,3069,1.3,-59.34,51.1,25.2,6,2.45,2
NODE_010,3841,59.8,-5.78,32.1,2.93,0,52.69,0
NODE_005,3724,47.7,-27.91,38.7,17.84,1,8.27,1
NODE_007,3964,73.0,-6.02,28.5,4.94,0,34.23,0
NODE_007,4003,78.6,-8.93,30.0,5.96,0,52.67,0
NODE_023,3321,12.5,-88.96,-3.1,44.74,4,1.09,2
NODE_018,3893,66.4,-7.8,18.6,5.76,0,36.89,0
NODE_019,3943,70.1,-6.38,28.2,2.0,0,59.12,0
NODE_003,3848,61.6,-3.34,21.9,5.55,0,44.03,0
NODE_007,3183,5.4,-68.49,1.9,33.64,15,0.74,2
NODE_024,3774,53.6,-9.79,28.8,0.71,2,67.07,0
NODE_003,3762,50.5,-11.6,29.8,3.75,0,59.67,0
NODE_002,3657,37.7,-20.09,44.7,8.54,2,13.8,1
NODE_014,3459,15.8,-103.62,47.5,44.12,13,1.55,2
NODE_008,3803,56.1,-4.85,21.6,3.26,0,35.77,0
NODE_018,3826,57.8,-14.28,23.7,0.91,0,43.81,0
NODE_022,4127,91.9,-3.86,19.8,5.56,0,22.31,0
NODE_016,4078,85.1,-13.96,26.9,1.62,0,56.09,0
NODE_019,3717,45.8,-22.94,46.0,12.25,2,14.28,1
NODE_006,3284,9.3,-67.73,-6.9,23.31,12,1.2,2
NODE_021,3809,56.8,-9.19,30.5,4.75,0,70.37,0
NODE_016,3559,29.1,-34.72,44.3,10.63,1,10.2,1
NODE_003,4037,81.9,-11.38,35.5,4.12,0,60.25,0
NODE_010,4041,82.1,-13.57,23.1,0.76,0,22.45,0
NODE_011,3771,52.6,-7.84,25.8,4.14,0,39.95,0
NODE_009,3554,28.1,-18.04,36.1,17.18,2,14.61,1
NODE_001,3929,68.2,-9.16,32.6,5.64,0,47.31,0
NODE_023,3620,33.6,-20.3,38.3,13.47,1,10.41,1
NODE_020,3784,52.9,-10.57,28.6,3.96,0,41.37,0
NODE_012,3409,15.7,-121.26,54.6,42.16,6,1.18,2
NODE_024,3811,57.8,-10.15,31.7,2.49,0,31.99,0
NODE_001,4058,83.2,-14.0,33.5,4.1,0,63.3,0
NODE_001,3233,7.0,-81.65,59.9,26.52,15,1.33,2
NODE_004,3104,1.1,-82.56,53.1,34.99,14,0.75,2
NODE_004,3985,76.8,-14.91,25.3,1.56,0,24.57,0
NODE_022,3850,61.5,-8.37,21.3,3.56,0,46.95,0
NODE_016,3803,57.8,-12.69,36.0,3.75,0,18.07,0
NODE_003,4084,87.6,-11.78,28.9,1.14,0,60.21,0
NODE_023,3870,62.3,-7.0,32.9,5.7,0,35.21,0
NODE_015,3126,3.6,-82.12,60.9,20.19,10,0.79,2
NODE_021,3659,37.9,-19.17,40.7,8.57,3,9.81,1
NODE_001,3991,77.0,-4.78,18.4,2.15,0,67.14,0
NODE_023,3171,4.9,-133.05,58.4,39.67,12,1.93,2
NODE_004,3149,5.2,-97.74,53.8,38.32,14,0.41,2
NODE_002,4039,82.1,-6.91,34.7,1.73,0,58.82,0
NODE_016,3224,9.9,-76.07,3.9,31.62,13,1.96,2
NODE_022,3847,61.1,-7.07,31.1,4.45,0,67.56,0
NODE_008,3546,30.1,-29.46,37.8,12.65,1,7.48,1
NODE_016,3645,35.8,-36.74,43.2,15.63,1,10.49,1
NODE_024,3946,71.0,-3.42,28.2,0.77,0,66.27,0
NODE_017,3619,34.3,-44.6,34.8,8.68,1,8.98,1
NODE_008,3888,63.7,-9.67,18.8,2.69,0,40.38,0
NODE_008,3992,78.0,-11.41,34.2,0.82,0,52.29,0
NODE_017,3982,73.9,-10.22,29.0,4.02,0,33.97,0
NODE_010,4136,91.9,-4.68,21.2,4.91,0,46.7,0
NODE_022,4082,87.2,-4.19,21.1,2.16,0,19.72,0
NODE_003,3818,56.3,-13.67,24.0,1.86,1,50.42,0
NODE_011,3880,65.8,-11.62,35.2,5.6,0,63.04,0
NODE_019,3442,18.4,-37.51,38.4,8.86,4,5.77,1
NODE_022,4101,89.7,-6.89,23.2,1.5,0,22.46,0
NODE_021,4109,90.5,-8.7,22.1,2.04,1,25.55,0
NODE_014,4146,95.2,-6.72,28.8,2.93,0,33.96,0
NODE_006,3717,42.9,-44.29,35.0,14.5,4,5.3,1
NODE_004,3855,62.0,-12.89,25.3,3.82,0,71.49,0
NODE_001,4197,99.3,-5.17,31.5,5.84,0,30.45,0
NODE_006,3880,65.1,-5.64,32.8,0.54,0,40.57,0
NODE_022,3779,55.3,-12.13,22.4,2.56,0,50.63,0
NODE_003,3454,18.1,-27.55,36.2,16.14,1,4.29,1
NODE_005,3884,67.0,-6.41,30.2,4.35,0,57.96,0
NODE_012,3188,5.9,-74.56,56.3,42.46,7,0.1,2
NODE_012,3722,47.3,-41.31,36.8,21.47,2,9.09,1
NODE_018,3565,26.5,-34.83,39.3,12.03,1,3.17,1
NODE_024,3892,64.8,-5.92,21.5,3.88,1,67.68,0
NODE_022,3975,74.9,-3.37,30.8,2.37,0,53.58,0
NODE_021,3256,7.7,-128.75,49.4,22.16,15,1.66,2
NODE_016,3924,70.3,-14.11,31.0,0.83,0,21.74,0
NODE_004,4037,81.3,-6.84,26.0,2.63,0,52.16,0
NODE_007,3812,56.8,-12.62,26.8,3.47,0,21.87,0
NODE_005,4038,81.8,-6.35,29.6,2.52,0,44.89,0
NODE_003,3831,57.6,-11.26,18.4,0.66,0,42.49,0
NODE_011,3534,25.4,-24.69,40.8,17.76,3,12.14,1
NODE_003,3869,63.0,-10.87,29.9,3.26,0,51.08,0
NODE_005,3324,13.1,-91.82,-2.1,33.84,14,1.29,2
NODE_011,4137,94.1,-10.91,21.8,3.38,0,23.31,0
NODE_009,3457,18.9,-34.53,38.2,17.8,1,5.39,1
NODE_015,3405,15.0,-61.56,59.1,32.2,8,0.86,2
NODE_012,4102,90.4,-12.01,35.1,2.51,0,68.24,0
NODE_013,3779,47.3,-37.98,39.3,12.11,2,5.14,1
NODE_019,3930,68.4,-13.56,23.5,3.94,0,69.76,0
NODE_019,4011,78.4,-11.08,27.6,2.34,0,62.19,0
NODE_002,3363,13.3,-72.44,57.7,24.48,7,1.88,2
NODE_023,3946,72.0,-5.67,22.6,5.33,1,21.94,0
NODE_019,3937,71.9,-5.61,24.7,0.52,0,28.58,0
NODE_016,4193,99.2,-6.73,33.4,4.17,0,33.49,0
NODE_012,3350,12.6,-98.27,52.6,41.6,8,1.78,2
NODE_002,3829,60.2,-7.2,27.5,1.01,0,54.75,0
NODE_005,3512,23.8,-27.58,44.6,17.71,4,12.08,1
NODE_009,4071,85.9,-10.26,25.2,4.51,0,28.65,0
NODE_021,3794,57.0,-4.65,35.6,3.36,0,24.09,0
NODE_005,3367,14.2,-137.56,47.7,42.2,14,1.34,2
NODE_017,3112,3.0,-66.46,60.0,25.09,7,1.11,2
NODE_015,3592,29.4,-19.43,40.1,21.14,2,10.87,1
NODE_016,3649,37.1,-26.17,38.6,19.93,2,6.29,1
NODE_010,3376,15.0,-86.05,3.8,42.93,8,1.46,2
NODE_002,3839,59.4,-11.86,24.7,5.27,1,68.25,0
NODE_012,4028,82.7,-4.32,18.0,1.1,0,39.14,0
NODE_016,4165,95.0,-6.42,34.1,4.03,0,20.63,0
NODE_017,3616,35.3,-24.55,42.8,12.0,2,3.8,1
NODE_002,3777,53.2,-10.13,34.1,2.37,0,63.02,0
NODE_007,4057,82.7,-11.71,29.6,3.13,0,37.02,0
NODE_002,4018,81.2,-14.86,34.6,3.34,0,33.22,0
NODE_004,4103,90.8,-8.41,18.6,5.79,0,26.36,0
NODE_015,3638,37.7,-34.07,41.3,17.71,2,5.65,1
NODE_023,3802,54.7,-10.61,34.7,2.83,0,70.8,0
NODE_004,3991,78.6,-5.08,24.9,2.46,0,46.15,0
NODE_022,3907,70.7,-9.28,18.8,2.26,0,70.36,0
NODE_018,3830,59.5,-10.72,27.7,3.73,0,41.75,0
NODE_005,3866,62.3,-3.58,35.8,3.68,0,59.1,0
NODE_006,3936,69.4,-7.09,19.7,5.48,0,36.1,0
NODE_002,3893,66.5,-5.23,34.7,2.85,0,64.93,0
NODE_001,3676,41.3,-44.83,43.5,12.77,1,13.73,1
NODE_006,3934,69.2,-7.89,32.6,1.72,0,52.45,0
NODE_024,3471,22.9,-41.6,40.2,21.21,2,15.59,1
NODE_001,3584,32.0,-39.86,45.0,15.49,2,9.13,1
NODE_024,3644,37.2,-24.33,36.7,20.11,3,15.35,1
NODE_016,4168,96.0,-3.6,20.1,5.33,0,25.57,0
NODE_005,3586,32.4,-31.39,38.7,8.02,2,3.11,1
NODE_003,3771,52.4,-13.3,33.4,1.27,0,33.67,0
NODE_007,3386,16.4,-108.61,59.7,37.29,11,2.47,2
NODE_004,3690,43.0,-23.84,44.8,21.09,2,10.57,1
NODE_016,3918,68.2,-7.68,24.3,2.69,0,39.96,0
NODE_002,3652,39.7,-34.8,44.3,10.73,3,3.21,1
NODE_020,3496,22.6,-19.72,44.1,21.23,4,7.94,1
NODE_023,4105,89.0,-7.51,35.2,1.5,0,49.29,0
NODE_009,4027,81.2,-14.84,18.4,4.31,0,31.14,0
NODE_002,3552,28.0,-23.71,41.0,9.16,4,3.48,1
NODE_023,3771,53.5,-6.49,34.4,2.8,0,19.77,0
NODE_013,4005,78.6,-12.49,22.7,3.08,0,42.61,0
NODE_018,3162,4.3,-111.32,57.7,28.95,5,1.54,2
NODE_004,3932,70.1,-8.16,32.7,2.61,2,56.39,0
NODE_014,3207,7.2,-114.47,59.2,20.57,7,0.32,2
NODE_016,3698,42.5,-33.99,38.4,18.9,1,8.11,1
NODE_011,4157,94.4,-4.18,35.8,3.24,0,18.14,0
NODE_002,3639,40.0,-27.24,34.2,13.48,1,6.95,1
NODE_024,3769,50.9,-13.97,18.4,4.71,0,62.49,0
NODE_016,3217,7.4,-81.35,60.2,37.4,7,2.47,2
NODE_011,3400,14.5,-58.14,57.7,40.82,7,2.05,2
NODE_003,3118,1.9,-136.61,1.8,34.72,5,1.43,2
NODE_017,3737,50.2,-3.71,33.4,3.42,0,46.44,0
NODE_008,4171,97.6,-14.23,27.8,5.69,0,51.75,0
NODE_002,3514,24.9,-20.07,42.5,16.87,2,4.15,1
NODE_014,3982,76.7,-7.29,27.2,4.96,0,25.4,0
NODE_021,3797,53.3,-4.76,33.6,3.65,0,66.28,0
NODE_009,3691,43.4,-21.46,44.9,11.08,4,14.22,1
NODE_003,3901,67.4,-8.42,21.8,4.79,0,64.55,0
NODE_014,3843,60.1,-9.63,27.1,5.88,0,49.56,0
NODE_004,3473,22.2,-33.6,36.8,21.98,2,7.63,1
NODE_001,3475,21.1,-23.07,39.1,17.66,1,9.44,1
NODE_013,3127,3.0,-92.23,50.3,43.17,10,1.41,2
NODE_022,3452,18.7,-25.32,38.8,18.86,2,8.98,1
NODE_013,3820,57.9,-9.9,25.8,3.33,0,18.6,0
NODE_023,3576,31.4,-34.28,45.4,21.85,1,5.43,1
NODE_021,3694,44.8,-30.48,41.3,14.49,2,6.14,1
NODE_011,3800,55.3,-11.12,29.2,3.14,0,35.43,0
NODE_020,3590,29.4,-44.33,44.1,20.77,1,12.65,1
NODE_001,4166,96.2,-3.98,34.9,2.1,0,23.91,0
NODE_013,4000,77.6,-12.74,19.3,5.03,0,69.25,0
NODE_012,3219,6.6,-131.65,48.2,22.85,8,1.36,2
NODE_002,4030,82.6,-5.71,18.1,3.82,0,50.1,0
NODE_021,4193,97.4,-8.27,34.0,2.42,0,20.69,0
NODE_008,3685,41.2,-29.08,34.2,9.42,3,7.42,1
NODE_001,3994,75.4,-4.97,18.7,2.01,0,70.33,0
NODE_013,3619,36.0,-40.97,36.2,11.18,1,10.86,1
NODE_004,3481,18.5,-40.46,34.5,18.95,2,5.54,1
NODE_005,3697,41.6,-20.57,41.8,13.93,1,13.46,1
NODE_015,3966,73.5,-5.49,29.4,5.97,0,35.64,0
NODE_023,4041,82.1,-11.67,25.0,4.15,0,66.67,0
NODE_022,3595,32.9,-43.66,38.6,20.65,3,7.7,1
NODE_010,3929,68.6,-11.95,31.0,2.04,0,66.4,0
NODE_018,3577,30.6,-19.96,40.2,17.33,3,9.59,1
NODE_010,4115,92.8,-7.06,34.7,4.1,1,52.02,0
NODE_014,3497,24.5,-18.58,44.0,15.25,1,3.38,1
NODE_022,3589,32.2,-30.84,34.1,15.11,2,6.17,1
NODE_021,4114,90.2,-8.27,29.8,4.07,0,65.05,0
NODE_024,4018,79.9,-10.95,27.6,2.46,0,60.68,0
NODE_011,3576,28.8,-25.54,41.2,15.45,2,5.15,1
NODE_001,3819,59.9,-12.93,35.7,3.82,0,20.47,0
NODE_015,4163,95.7,-9.12,20.6,5.85,0,52.29,0
NODE_012,3713,47.1,-44.87,40.7,8.4,2,7.36,1
NODE_012,3774,51.9,-13.41,30.5,0.53,2,19.25,0
NODE_006,3107,2.5,-121.13,-7.2,42.72,13,0.74,2
NODE_022,3661,38.5,-22.74,43.0,16.69,3,7.3,1
NODE_003,3654,39.7,-42.28,35.7,17.2,2,6.57,1
NODE_006,3845,59.2,-9.47,22.8,3.53,0,38.54,0
NODE_006,3568,28.3,-26.32,40.3,14.94,2,10.2,1
NODE_022,3887,64.6,-3.55,22.7,4.66,2,61.1,0
NODE_021,3853,61.6,-13.87,26.6,5.46,0,62.76,0
NODE_011,3524,24.6,-32.75,34.4,18.71,1,5.42,1
NODE_004,3832,60.0,-9.69,24.9,5.99,0,22.69,0
NODE_011,3575,29.2,-33.57,42.7,20.17,1,8.53,1
NODE_004,3957,71.2,-8.84,27.5,3.31,0,41.87,0
NODE_006,4040,81.1,-14.29,28.3,0.96,0,30.99,0
NODE_008,3283,10.6,-54.52,54.4,21.48,9,0.18,2
NODE_011,3701,42.6,-30.42,45.0,9.75,2,12.41,1
NODE_015,4098,90.2,-3.63,35.1,1.68,0,62.7,0
NODE_017,3284,9.5,-136.54,59.8,22.26,8,1.66,2
NODE_002,4028,80.4,-12.09,23.4,0.75,0,47.86,0
NODE_024,3842,62.3,-13.41,24.5,2.54,0,27.98,0
NODE_020,4061,85.9,-11.49,18.4,2.07,0,66.35,0
NODE_017,3144,4.2,-113.08,56.2,25.63,5,2.23,2
NODE_022,3492,22.7,-18.5,39.8,9.66,2,7.17,1
NODE_014,4000,79.2,-3.62,34.9,3.83,0,60.24,0
NODE_011,3728,45.3,-39.23,35.9,9.56,2,11.91,1
NODE_003,3673,39.9,-31.79,43.8,10.18,1,10.15,1
NODE_013,3782,53.8,-11.13,21.9,3.03,0,24.15,0
NODE_001,3996,78.2,-6.81,26.8,2.93,0,63.92,0
NODE_024,3684,39.9,-34.92,36.4,11.56,1,3.13,1
NODE_006,4115,88.8,-10.47,32.5,1.84,0,51.1,0
NODE_007,3535,27.3,-35.65,34.7,16.32,2,8.88,1
NODE_013,4035,82.4,-14.43,18.2,4.79,0,32.75,0
NODE_022,3661,38.4,-36.96,34.8,17.95,1,13.25,1
NODE_018,3766,52.2,-4.34,32.9,4.16,0,21.87,0
NODE_011,3858,62.2,-10.5,19.8,2.21,0,23.32,0
NODE_018,3511,23.1,-23.51,36.1,18.79,2,11.91,1
NODE_003,3288,11.8,-92.93,56.6,25.56,4,0.67,2
NODE_019,3673,38.4,-27.49,42.4,21.87,2,10.8,1
NODE_015,3628,35.8,-36.73,39.8,14.75,1,3.3,1
NODE_005,4060,84.9,-13.8,18.9,3.11,0,24.16,0
NODE_008,3913,68.3,-5.47,32.3,4.19,0,35.31,0
NODE_006,3752,50.3,-10.54,31.8,5.35,0,22.35,0
NODE_009,3515,27.1,-37.99,38.4,16.48,1,8.14,1
NODE_011,3816,55.7,-12.77,25.7,0.93,0,57.66,0
NODE_004,3653,38.3,-31.49,43.0,19.85,1,7.61,1
NODE_004,3935,70.1,-5.05,34.6,2.92,0,19.36,0
NODE_012,3965,72.9,-12.65,33.2,3.39,0,62.45,0
NODE_002,3802,57.0,-6.75,34.7,4.69,0,38.56,0
NODE_003,4109,89.4,-4.37,21.2,2.83,0,18.05,0
NODE_022,4109,90.3,-10.01,19.7,2.14,0,23.52,0
NODE_006,3860,61.3,-7.79,35.8,4.55,0,67.85,0
NODE_009,4107,92.1,-10.34,24.8,5.87,0,45.57,0
NODE_016,3153,4.5,-90.39,50.5,20.71,12,0.63,2
NODE_022,3633,37.2,-34.16,36.7,19.8,3,10.5,1
NODE_006,3499,22.3,-19.22,45.9,16.31,2,5.18,1
NODE_002,4023,79.9,-11.64,18.8,1.95,0,68.58,0
NODE_005,3779,54.1,-9.58,20.3,1.36,0,46.0,0
NODE_001,3794,55.7,-6.64,31.9,5.7,0,63.79,0
NODE_016,3950,72.4,-7.65,32.2,4.5,0,62.96,0
NODE_016,3274,10.3,-99.61,51.7,43.25,6,0.36,2
NODE_004,4004,77.3,-10.09,24.0,2.8,0,23.13,0
NODE_020,3792,55.1,-3.71,35.4,2.88,0,52.12,0
NODE_022,3341,14.8,-111.8,48.4,30.2,5,0.5,2
NODE_015,3204,6.9,-108.28,58.2,38.83,5,1.1,2
NODE_010,3499,24.5,-20.33,40.1,9.24,3,5.75,1
NODE_023,3620,37.4,-21.05,34.6,15.43,4,12.07,1
NODE_004,3624,37.3,-44.65,34.9,21.88,1,13.34,1
NODE_023,3926,69.5,-5.37,30.4,2.82,0,63.23,0
NODE_003,4150,93.0,-11.05,28.4,4.65,0,55.22,0
NODE_002,4055,83.6,-7.78,31.5,2.54,0,45.19,0
NODE_011,3712,45.1,-22.85,36.8,16.37,2,12.86,1
NODE_004,4137,92.5,-3.01,21.9,3.98,0,35.4,0
NODE_011,4109,90.4,-14.16,28.8,4.57,0,65.55,0
NODE_003,3692,43.3,-20.61,44.0,19.65,3,14.67,1
NODE_004,3730,47.7,-25.92,38.9,8.52,2,8.14,1
NODE_019,3893,67.9,-13.83,21.7,4.75,0,30.62,0
NODE_011,4095,88.8,-7.76,18.2,4.74,0,39.6,0
NODE_022,3684,41.3,-28.21,41.8,14.0,2,7.71,1
NODE_019,3810,56.8,-11.67,31.1,3.59,0,50.69,0
NODE_006,3582,31.8,-27.83,44.7,12.6,4,15.03,1
NODE_014,3769,53.2,-4.47,21.9,3.92,0,41.15,0
NODE_001,3817,56.8,-9.25,22.1,2.12,0,67.67,0
NODE_010,3814,58.6,-12.95,33.3,1.99,0,46.36,0
NODE_024,4121,90.5,-10.06,34.4,1.52,0,34.88,0
NODE_001,3984,77.2,-7.21,23.6,1.98,0,70.49,0
NODE_009,4185,99.3,-14.63,30.5,1.85,0,37.86,0
NODE_023,3559,31.2,-35.52,44.7,9.27,2,9.69,1
NODE_022,3896,66.8,-3.12,18.1,4.91,0,34.68,0
NODE_012,4002,77.0,-6.52,34.2,3.07,0,62.86,0
NODE_005,3901,66.2,-13.88,29.4,0.81,1,27.67,0
NODE_003,3711,42.7,-43.09,41.7,12.46,1,6.47,1
NODE_024,4200,99.5,-14.58,35.2,1.83,0,38.61,0
NODE_019,3733,48.0,-28.8,43.3,15.98,1,9.98,1
NODE_003,3788,54.6,-14.21,32.8,4.8,0,54.55,0
NODE_020,3673,41.5,-36.75,37.4,16.83,1,3.03,1
NODE_014,3623,33.4,-39.93,38.9,10.82,1,9.73,1
NODE_020,3845,61.9,-12.5,24.7,5.66,0,38.59,0
NODE_020,3775,51.9,-9.78,32.6,4.97,0,31.45,0
NODE_018,4183,97.2,-3.66,28.0,2.39,0,29.03,0
NODE_001,3924,67.4,-3.31,33.3,3.98,1,61.58,0
NODE_012,3707,44.4,-20.13,44.1,20.12,1,8.55,1
NODE_020,3246,7.8,-110.59,48.4,41.55,10,0.89,2
NODE_009,4133,90.1,-8.72,18.1,4.69,0,36.37,0
NODE_005,4171,97.5,-12.45,22.9,2.07,0,52.83,0
NODE_022,4167,98.1,-9.84,28.6,3.86,0,18.89,0
NODE_023,4046,85.0,-4.74,18.4,5.25,1,49.55,0
NODE_003,3647,36.6,-20.48,35.0,21.49,1,9.81,1
NODE_023,3204,8.2,-109.69,52.4,30.8,9,0.1,2
NODE_011,4073,86.4,-9.93,18.4,1.03,0,33.8,0
NODE_019,3339,11.9,-121.6,61.5,29.2,14,2.46,2
NODE_019,3760,50.9,-3.28,34.7,2.28,1,52.87,0
NODE_014,4072,85.4,-5.51,22.1,2.39,0,62.54,0
NODE_024,3417,15.4,-68.41,54.1,37.58,13,0.5,2
NODE_011,3506,21.7,-19.11,44.1,12.63,4,11.87,1
NODE_008,4132,93.6,-3.01,25.7,1.45,0,62.87,0
NODE_017,3086,2.1,-102.99,54.8,27.19,7,1.92,2
NODE_014,3384,14.9,-79.59,-1.9,25.52,15,2.12,2
NODE_001,3717,43.5,-41.18,40.6,13.28,1,15.57,1
NODE_020,3463,18.0,-37.06,45.0,20.04,1,14.29,1
NODE_023,3912,67.5,-10.49,26.5,5.4,0,40.41,0
NODE_002,3378,13.0,-120.59,51.2,35.72,8,1.07,2
NODE_020,4070,86.9,-12.06,19.9,0.9,1,28.59,0
NODE_012,3956,71.1,-9.28,33.2,5.46,0,29.87,0
NODE_004,3217,5.8,-62.03,60.3,24.33,10,2.24,2
NODE_013,3933,69.6,-8.54,30.5,3.3,1,47.93,0
NODE_020,3990,74.8,-5.6,35.4,5.22,0,54.94,0
NODE_021,3861,64.3,-8.97,24.0,3.73,0,42.09,0
NODE_015,3705,44.3,-21.53,45.5,18.98,2,9.05,1
NODE_018,3753,51.3,-4.53,18.4,5.27,0,37.15,0
NODE_010,3915,67.5,-11.42,19.4,4.65,0,53.19,0
NODE_007,4004,79.4,-5.53,29.6,0.76,1,57.88,0
NODE_014,3918,67.9,-8.93,22.4,2.1,0,31.18,0
NODE_011,3597,30.7,-38.36,45.4,20.79,3,4.69,1
NODE_014,3771,51.6,-6.8,34.5,4.69,1,19.99,0
NODE_015,4202,100.0,-6.16,19.3,4.55,0,49.59,0
NODE_022,3929,71.1,-14.06,30.4,3.79,0,57.72,0
NODE_011,3089,2.4,-130.84,54.5,38.72,11,1.99,2
NODE_009,3796,53.8,-6.24,26.5,2.84,0,52.71,0
NODE_021,3976,74.3,-15.0,31.0,4.53,0,54.25,0
NODE_013,3815,57.4,-7.63,31.3,4.42,0,36.53,0
NODE_020,3753,50.8,-7.3,19.2,4.45,0,55.35,0
NODE_001,3591,35.2,-39.98,39.1,12.0,1,6.62,1
NODE_016,3620,36.7,-33.6,45.0,8.94,1,3.87,1
NODE_003,3938,68.8,-11.3,23.5,5.27,0,49.9,0
NODE_003,4067,86.7,-9.0,21.0,3.0,1,62.69,0
NODE_001,4024,80.3,-11.62,18.3,5.43,1,26.99,0
NODE_024,3987,75.2,-7.26,33.1,5.96,0,58.38,0
NODE_023,3553,30.2,-36.63,44.4,14.96,1,5.65,1
NODE_007,3105,2.2,-79.31,-3.7,29.35,8,2.26,2
NODE_014,3624,34.0,-42.88,36.5,16.71,2,9.99,1
NODE_021,3803,55.9,-8.4,23.9,5.32,0,21.13,0
NODE_019,4096,85.3,-6.87,35.5,5.54,2,47.92,0
NODE_013,4096,90.4,-4.93,35.5,1.11,0,58.93,0
NODE_006,3853,60.3,-4.75,28.6,2.21,0,48.88,0
NODE_018,3358,13.2,-74.09,61.4,21.63,8,2.18,2
NODE_007,4074,85.2,-3.22,21.1,5.53,0,50.85,0
NODE_012,4089,87.2,-12.09,31.7,0.79,0,67.88,0
NODE_006,3884,65.7,-9.33,21.5,1.0,0,57.08,0
NODE_003,3790,54.2,-4.41,24.4,1.58,0,21.39,0
NODE_008,3757,52.9,-11.31,18.2,2.93,0,56.46,0
NODE_002,3725,44.6,-34.0,41.4,12.24,3,7.16,1
NODE_014,3666,39.2,-38.59,43.6,12.56,3,4.56,1
NODE_018,3514,23.5,-29.04,35.7,21.14,3,10.77,1
NODE_011,3948,70.8,-6.79,34.8,5.55,0,19.24,0
NODE_004,3362,13.0,-51.6,56.2,20.43,15,1.84,2
NODE_021,4050,83.2,-13.39,31.3,2.72,0,62.51,0
NODE_005,3778,54.2,-5.27,24.4,4.01,0,60.24,0
NODE_020,3914,69.1,-13.25,27.5,3.97,0,61.18,0
NODE_023,3763,50.2,-10.86,22.1,4.14,0,67.81,0
NODE_021,3822,56.5,-13.41,29.3,0.77,0,25.87,0
NODE_002,3317,11.6,-57.84,-3.9,32.33,6,0.71,2
NODE_007,4173,97.0,-13.26,24.3,2.12,0,56.73,0
NODE_002,4189,99.8,-4.38,32.5,0.63,1,67.33,0
NODE_017,4124,90.3,-14.47,27.9,1.45,1,27.82,0
NODE_001,3918,67.9,-11.39,26.6,2.98,0,55.4,0
NODE_020,3128,1.7,-87.84,-7.0,32.57,15,1.5,2
NODE_011,4174,98.1,-11.88,18.6,5.45,0,63.41,0
NODE_014,3510,24.6,-29.91,40.4,20.97,2,14.44,1
NODE_012,4194,99.1,-3.28,29.2,1.81,0,53.59,0
NODE_002,3814,56.4,-3.87,33.2,0.63,0,23.28,0
NODE_024,3278,9.9,-139.18,2.0,26.93,11,2.27,2
NODE_003,3621,36.5,-39.21,34.2,12.61,3,12.49,1
NODE_017,4204,99.5,-11.13,22.4,1.43,0,33.65,0
NODE_003,4096,87.7,-11.88,32.6,4.52,1,30.6,0
NODE_015,3848,62.0,-10.7,19.7,4.54,0,52.54,0
NODE_019,3863,61.1,-7.11,25.1,0.54,0,64.68,0
NODE_017,4043,81.3,-6.02,25.4,4.9,0,53.68,0
NODE_019,3214,6.9,-80.28,57.0,41.82,6,1.36,2
NODE_006,3721,45.0,-24.48,35.3,11.06,1,5.73,1
NODE_014,3278,9.2,-101.56,57.2,40.8,11,2.28,2
NODE_021,3749,50.9,-3.61,23.0,4.91,0,70.57,0
NODE_024,3896,66.3,-8.1,24.0,0.94,0,28.84,0
NODE_016,3883,67.2,-5.55,23.9,3.96,1,55.8,0
NODE_016,4077,85.4,-3.42,19.6,4.27,0,33.72,0
NODE_017,4133,94.4,-3.86,25.7,2.28,0,58.4,0
NODE_004,3658,36.6,-33.54,38.0,11.76,2,13.23,1
NODE_003,3678,41.4,-33.23,44.6,16.56,2,10.79,1
NODE_008,3072,1.1,-67.2,50.1,38.41,6,0.25,2
NODE_004,3829,59.6,-14.55,31.7,2.3,0,52.52,0
NODE_006,3122,3.3,-92.81,58.9,25.37,14,1.54,2
NODE_016,4013,77.7,-8.19,27.4,1.9,0,20.66,0
NODE_003,3674,44.2,-18.79,37.3,19.11,1,6.9,1
NODE_001,4147,92.7,-4.55,25.9,1.83,0,46.46,0
NODE_013,3263,8.8,-56.43,51.1,42.02,9,0.69,2
NODE_005,3064,1.7,-59.85,51.0,38.69,10,1.62,2
NODE_005,3760,52.4,-11.01,21.7,5.59,1,34.14,0
NODE_019,4036,80.0,-13.16,27.6,5.9,0,57.9,0
NODE_022,3966,75.1,-6.15,21.1,0.97,1,37.3,0
NODE_011,3687,43.5,-27.48,41.9,15.8,3,11.76,1
NODE_015,3905,66.0,-13.33,34.5,2.62,0,29.75,0
NODE_020,3968,73.9,-8.86,23.2,2.67,0,50.91,0
NODE_001,3684,42.9,-42.78,43.4,15.88,2,4.3,1
NODE_017,3969,74.2,-10.56,20.8,4.23,0,23.18,0
NODE_010,3484,23.0,-39.44,35.2,20.85,2,5.31,1
NODE_022,3621,33.5,-27.61,42.0,14.66,2,8.65,1
NODE_013,3640,35.5,-44.01,34.2,12.57,2,6.42,1
NODE_023,4131,91.8,-12.33,31.8,3.45,0,23.5,0
NODE_014,3507,23.2,-41.2,34.0,16.15,3,14.16,1
NODE_002,4193,97.3,-6.67,23.4,1.12,0,50.06,0
NODE_015,3772,52.5,-14.43,20.2,2.33,0,42.56,0
NODE_008,3616,36.4,-37.9,42.0,19.46,2,12.03,1
NODE_016,3913,67.6,-10.62,35.3,2.35,0,30.06,0
NODE_009,3700,39.9,-31.83,35.1,15.48,3,7.86,1
NODE_007,3529,27.4,-38.58,35.7,13.13,1,10.18,1
NODE_022,3680,41.6,-22.41,39.8,16.37,3,7.71,1
NODE_017,3938,70.4,-14.47,32.2,5.5,0,32.17,0
NODE_021,3836,59.7,-12.99,21.8,4.55,0,52.46,0
NODE_015,3748,50.9,-13.78,25.2,3.76,2,52.21,0
NODE_004,4201,99.0,-6.97,26.8,4.95,0,31.26,0
NODE_010,3930,67.5,-11.17,24.1,0.73,0,44.96,0
NODE_010,4096,88.3,-14.56,26.3,1.55,0,23.44,0
NODE_003,4018,80.8,-14.63,33.2,4.67,0,19.9,0
NODE_013,4090,89.5,-11.76,18.6,3.49,0,27.62,0
NODE_017,4058,84.0,-10.23,30.7,1.1,0,49.23,0
NODE_008,3697,41.1,-20.07,39.1,13.63,1,15.98,1
NODE_014,3862,62.0,-4.45,32.3,4.37,0,20.46,0
NODE_002,3809,56.6,-8.54,22.9,0.97,0,61.25,0
NODE_004,3624,36.4,-42.99,36.3,16.45,4,7.03,1
NODE_016,3726,47.3,-38.88,38.9,17.41,1,9.24,1
NODE_024,3957,72.1,-5.16,19.1,4.32,0,19.21,0
NODE_023,3755,47.2,-26.98,42.0,20.8,2,5.97,1
NODE_012,3557,31.1,-35.15,43.8,13.46,1,5.26,1
NODE_011,4212,99.6,-10.02,34.1,3.09,0,32.28,0
NODE_003,3983,75.3,-5.84,25.0,5.66,0,61.75,0
NODE_022,3852,59.8,-5.37,19.4,3.95,0,64.8,0
NODE_013,3785,55.4,-9.13,29.6,3.62,2,63.52,0
NODE_020,3194,7.3,-71.76,61.5,35.73,8,1.01,2
NODE_012,3502,23.4,-26.47,37.8,12.01,1,9.77,1
NODE_023,4137,92.5,-4.14,24.2,1.68,1,28.13,0
NODE_001,3520,22.3,-39.44,43.9,17.01,1,10.71,1
NODE_015,3677,39.7,-31.15,43.4,15.52,3,14.21,1
NODE_003,4049,83.5,-13.01,35.0,1.94,0,28.71,0
NODE_011,3766,53.0,-13.83,21.3,1.43,0,39.02,0
NODE_007,3979,74.1,-5.67,34.6,3.08,0,57.54,0
NODE_001,3303,11.6,-96.51,-1.5,39.39,10,0.45,2
NODE_020,3983,74.2,-7.15,30.4,0.86,0,69.76,0
NODE_016,3874,64.1,-8.72,27.3,3.59,0,23.56,0
NODE_013,3540,24.7,-38.89,43.9,10.27,3,11.51,1
NODE_013,3950,71.5,-11.42,28.6,0.96,0,56.77,0
NODE_022,3630,36.3,-44.45,43.4,11.5,3,3.43,1
NODE_019,3667,40.5,-27.58,36.8,9.83,3,15.97,1
NODE_023,3236,8.2,-135.22,58.1,29.34,13,0.34,2
NODE_013,3135,3.3,-104.79,53.9,24.38,9,2.31,2
NODE_003,4037,81.9,-10.22,20.5,5.31,1,39.68,0
NODE_001,3794,55.7,-8.14,34.7,0.64,0,42.6,0
NODE_009,3812,57.1,-4.88,28.9,1.59,2,47.44,0
NODE_017,3508,23.8,-22.34,41.7,8.06,1,6.11,1
NODE_011,3211,8.7,-109.57,-1.1,39.29,15,0.93,2
NODE_001,3359,12.8,-112.62,58.5,23.76,12,0.69,2
NODE_003,3905,68.4,-3.58,28.5,3.15,0,68.31,0
NODE_011,3691,43.9,-32.75,39.9,14.9,3,12.09,1
NODE_007,3917,70.5,-9.58,19.0,3.65,0,31.7,0
NODE_023,3880,66.5,-3.44,22.6,4.95,0,52.08,0
NODE_019,3844,62.0,-10.38,22.7,4.66,0,62.97,0
NODE_015,4043,83.4,-4.71,18.2,2.04,0,68.85,0
NODE_021,3758,45.9,-23.43,39.5,16.89,3,13.96,1
NODE_021,3670,40.8,-43.8,36.7,11.7,3,12.73,1
NODE_024,3552,28.0,-24.62,40.0,21.72,4,7.42,1
NODE_001,3880,64.0,-8.6,18.8,2.17,1,41.69,0
NODE_007,3614,34.2,-18.25,38.6,19.99,3,5.11,1
NODE_002,4099,89.0,-8.0,34.9,5.0,0,34.14,0
NODE_016,3790,55.9,-13.71,26.7,5.96,0,34.56,0
NODE_015,4067,83.7,-10.79,24.1,1.32,0,42.62,0
NODE_006,4027,78.8,-11.45,24.1,5.69,0,58.94,0
NODE_019,3961,75.4,-3.52,24.8,5.22,0,18.62,0
NODE_014,4005,79.5,-7.83,34.6,5.75,0,40.02,0
NODE_007,4166,96.6,-5.62,26.6,3.94,1,65.69,0
NODE_015,3908,68.7,-14.51,29.8,3.63,1,39.94,0
NODE_013,3965,73.4,-12.8,31.4,4.67,0,54.18,0
NODE_003,3939,71.9,-12.14,24.4,1.22,0,27.31,0
NODE_022,3604,30.2,-18.9,41.8,10.35,1,6.01,1
NODE_022,3188,4.9,-69.1,-0.9,25.74,8,1.01,2
NODE_013,3720,44.7,-22.47,45.4,13.29,4,6.36,1
NODE_008,3466,18.1,-28.48,41.9,10.67,2,14.44,1
NODE_011,3646,36.0,-42.56,40.1,11.39,2,3.63,1
NODE_013,3161,5.2,-92.2,52.0,33.29,9,0.69,2
NODE_004,3295,11.1,-71.18,47.1,24.17,9,2.41,2
NODE_005,3753,50.3,-12.03,26.0,4.68,0,25.13,0
NODE_011,3606,32.4,-21.79,45.4,15.71,2,8.81,1
NODE_013,3832,59.0,-12.26,28.6,1.22,0,65.94,0
NODE_016,4138,95.0,-7.54,30.9,2.29,0,40.39,0
NODE_007,3349,13.4,-80.44,54.1,33.11,11,0.48,2
NODE_017,4121,91.3,-6.6,22.5,1.37,0,37.56,0
NODE_014,4117,90.9,-9.31,30.0,2.66,0,41.06,0
NODE_008,3851,59.1,-8.32,18.1,0.52,0,55.89,0
NODE_006,3876,65.6,-6.78,20.7,0.62,0,57.45,0
NODE_021,3482,20.5,-21.04,38.3,13.13,1,8.18,1
NODE_017,3826,56.9,-4.62,19.2,5.28,0,40.41,0
NODE_015,4105,87.0,-5.64,24.4,2.73,0,42.16,0
NODE_009,3768,52.5,-4.59,25.2,3.15,1,36.45,0
NODE_024,4177,96.9,-12.74,18.2,5.82,0,44.64,0
NODE_008,3523,24.5,-30.56,41.7,13.97,3,14.24,1
NODE_011,4019,79.7,-12.25,25.2,0.92,0,46.7,0
NODE_017,3634,36.6,-32.57,35.1,8.62,1,8.62,1
NODE_020,3449,16.6,-79.76,-6.5,21.84,6,0.21,2
NODE_018,4050,86.2,-10.77,22.3,4.38,1,42.3,0
NODE_001,3632,35.3,-22.02,43.0,16.2,2,10.71,1
NODE_004,4185,98.2,-7.42,24.7,2.27,0,41.19,0
NODE_007,3640,37.4,-42.75,41.2,21.63,4,9.07,1
NODE_015,4157,93.0,-3.06,35.3,5.53,0,61.78,0
NODE_008,3814,57.9,-13.44,28.8,3.34,0,55.43,0
NODE_006,4004,78.8,-3.28,32.3,3.08,0,59.03,0
NODE_021,4125,89.5,-9.24,33.9,1.92,0,34.51,0
NODE_021,3380,14.8,-83.96,54.4,35.09,10,0.97,2
NODE_004,3927,70.3,-6.47,23.5,5.42,1,52.97,0
NODE_006,3619,35.1,-24.4,36.7,20.99,2,11.33,1
NODE_005,4019,79.1,-9.97,18.9,0.67,0,33.5,0
NODE_020,4066,85.0,-9.2,26.6,1.2,1,39.9,0
NODE_023,3638,38.8,-41.26,38.4,16.31,4,5.87,1
NODE_020,4012,79.8,-13.99,35.2,5.58,0,21.17,0
NODE_004,3485,22.4,-38.47,45.3,9.59,2,13.65,1
NODE_013,3778,53.3,-9.1,33.6,2.82,1,18.69,0
NODE_001,3612,33.7,-41.6,41.3,11.12,4,10.94,1
NODE_024,4114,90.1,-13.04,28.4,4.01,0,69.99,0
NODE_021,3608,36.5,-26.52,44.9,14.74,2,15.15,1
NODE_012,4028,79.8,-5.52,21.0,4.73,0,34.26,0
NODE_024,3574,30.1,-44.71,42.6,10.01,2,10.47,1
NODE_023,3122,1.9,-112.94,48.0,41.02,8,0.82,2
NODE_015,3866,62.5,-6.15,23.8,1.93,1,56.58,0
NODE_010,3872,62.4,-10.19,26.9,1.29,0,21.3,0
NODE_014,3918,68.2,-4.64,35.0,1.74,0,69.62,0
NODE_022,4027,79.4,-11.67,33.4,4.57,0,64.72,0
NODE_023,3986,75.7,-8.3,22.0,3.01,0,61.1,0
NODE_017,3848,61.1,-14.76,26.7,2.02,0,66.5,0
NODE_022,3854,59.0,-12.24,23.6,5.15,0,58.94,0
NODE_009,4015,78.5,-10.51,30.9,3.02,0,30.43,0
NODE_002,3788,53.6,-14.42,22.5,1.23,0,19.53,0
NODE_023,4163,97.4,-11.11,33.5,0.8,0,70.18,0
NODE_021,3067,1.8,-126.33,59.3,36.88,9,1.04,2
NODE_003,4032,81.0,-10.54,24.7,0.98,0,45.58,0
NODE_002,3366,13.3,-133.22,-5.0,44.43,9,2.27,2
NODE_012,3507,24.7,-26.41,41.3,11.55,3,3.89,1
NODE_023,3117,2.8,-77.72,51.7,32.4,5,2.25,2
NODE_013,3869,61.5,-3.49,29.4,1.22,0,31.29,0
NODE_014,3941,70.5,-4.86,19.3,4.18,0,37.69,0
NODE_023,3880,65.8,-14.89,32.0,3.02,1,34.88,0
NODE_010,3890,65.7,-8.25,24.9,4.95,0,40.68,0
NODE_015,3776,53.9,-12.72,21.9,5.8,0,68.4,0
NODE_002,3622,35.8,-42.05,34.9,11.98,3,12.53,1
NODE_002,3623,36.0,-31.89,40.2,15.01,1,10.72,1
NODE_002,4183,98.7,-10.31,20.1,5.66,0,24.15,0
NODE_017,3978,76.8,-10.77,27.5,4.27,1,68.27,0
NODE_002,3307,11.0,-80.52,61.9,38.97,12,1.92,2
NODE_013,3980,76.2,-14.86,35.1,4.43,0,18.1,0
NODE_021,3057,2.8,-79.81,53.7,35.81,11,0.61,2
NODE_014,3980,73.3,-12.32,31.0,4.8,1,29.99,0
NODE_013,3752,46.6,-30.95,41.2,16.8,2,4.34,1
NODE_009,3874,64.2,-8.42,25.4,5.4,0,43.96,0
NODE_019,3945,71.7,-8.68,31.0,2.97,0,48.3,0
NODE_016,3081,2.3,-112.61,52.3,35.19,9,2.07,2
NODE_007,3201,5.0,-72.46,60.7,36.4,7,1.51,2
NODE_005,3783,51.6,-10.81,33.0,2.4,0,60.71,0
NODE_008,3663,39.1,-31.98,36.9,17.48,1,9.44,1
NODE_018,4026,79.6,-13.07,25.5,2.54,0,54.36,0
NODE_001,3131,3.3,-80.17,-3.5,40.45,9,0.87,2
NODE_022,3890,67.1,-7.92,18.6,5.96,0,53.95,0
NODE_019,3382,14.5,-88.88,56.5,25.92,12,1.25,2
NODE_010,3927,69.6,-14.84,32.4,4.75,0,29.87,0
NODE_022,3758,51.5,-14.05,22.0,1.37,0,68.59,0
NODE_001,4185,98.7,-11.66,25.9,3.62,1,40.29,0
NODE_009,3923,69.4,-8.86,26.9,1.57,0,50.7,0
NODE_013,3900,66.8,-9.57,23.9,2.72,0,24.88,0
NODE_002,4154,94.8,-11.56,24.7,4.59,0,63.79,0
NODE_004,3774,53.9,-10.57,28.1,0.74,0,67.84,0
NODE_021,4130,93.1,-4.41,18.2,0.88,0,20.35,0
NODE_018,3685,43.5,-39.13,35.5,15.38,1,6.58,1
NODE_021,3639,35.5,-34.7,36.3,9.16,1,8.08,1
NODE_011,3661,42.3,-21.9,37.4,12.24,1,5.08,1
NODE_009,3512,22.5,-30.51,44.0,10.68,1,14.29,1
NODE_008,3898,65.0,-14.5,35.0,5.11,1,67.32,0
NODE_002,3559,29.4,-34.72,41.0,9.7,1,4.58,1
NODE_008,3533,30.3,-34.65,34.3,14.36,3,4.2,1
NODE_017,4081,87.2,-5.03,32.7,4.92,0,57.62,0
NODE_013,3326,11.8,-127.13,54.3,34.0,14,1.96,2
NODE_010,3760,52.3,-11.86,23.1,1.59,0,23.6,0
NODE_018,3535,27.4,-19.38,38.1,9.2,2,5.04,1
NODE_021,4158,93.7,-6.98,23.6,2.98,0,40.36,0
NODE_019,3697,41.8,-23.22,44.8,14.35,1,13.63,1
NODE_015,3771,53.5,-12.62,22.7,4.94,0,39.05,0
NODE_011,4159,97.3,-13.17,23.9,5.87,0,60.69,0
NODE_015,3453,18.8,-39.2,45.9,14.3,1,11.16,1
NODE_020,3267,9.4,-139.67,50.7,22.66,7,1.04,2
NODE_020,3838,59.3,-7.44,35.3,0.89,0,18.91,0
NODE_006,4108,90.5,-10.79,34.9,4.37,0,36.77,0
NODE_013,4063,84.3,-14.57,18.5,3.44,0,35.94,0
NODE_014,3528,23.0,-38.9,34.4,21.03,1,6.65,1
NODE_010,3240,7.4,-86.05,52.7,35.89,13,2.06,2
NODE_019,3863,62.6,-14.17,18.2,4.07,0,23.75,0
NODE_002,3241,8.3,-97.83,53.7,43.74,7,1.67,2
NODE_011,3885,65.5,-12.63,21.6,5.95,0,46.5,0
NODE_004,3124,2.2,-130.4,53.3,21.3,4,0.77,2
NODE_001,3785,54.6,-11.56,19.6,5.84,0,63.86,0
NODE_014,3852,61.4,-12.2,29.9,2.17,0,39.99,0
NODE_023,3215,7.0,-125.44,48.6,39.4,4,2.06,2
NODE_024,3854,62.2,-14.98,34.9,0.8,0,61.04,0
NODE_019,4018,81.3,-3.24,21.9,2.62,0,57.94,0
NODE_016,3591,31.7,-42.2,39.5,21.46,3,12.92,1
NODE_023,3175,5.4,-95.42,60.9,24.9,15,2.05,2
NODE_012,3570,29.3,-36.1,41.9,19.7,1,9.23,1
NODE_013,4043,83.2,-11.87,19.4,5.59,0,49.13,0
NODE_004,3279,8.7,-85.19,47.5,20.15,9,1.44,2
NODE_004,3844,61.4,-11.17,28.9,1.15,0,38.98,0
NODE_011,4080,84.9,-7.95,29.0,5.64,0,32.2,0
NODE_010,4101,91.0,-8.58,28.7,0.59,1,53.78,0
NODE_021,3564,28.8,-44.87,44.5,16.39,1,11.6,1
NODE_016,3751,47.5,-25.44,45.8,13.57,2,15.54,1
NODE_012,4013,80.2,-4.77,19.0,0.63,1,39.03,0
NODE_002,4054,83.3,-5.59,32.3,1.11,0,20.99,0
NODE_011,3949,70.8,-4.85,26.3,3.59,0,70.27,0
NODE_024,3571,33.4,-41.24,35.1,11.23,1,12.62,1
NODE_017,4098,88.2,-8.63,23.5,5.84,0,51.72,0
NODE_022,3679,44.7,-25.86,40.7,13.67,1,11.76,1
NODE_007,3859,63.2,-11.85,20.2,4.22,1,43.18,0
NODE_021,4212,99.6,-4.73,34.9,5.83,0,21.79,0
NODE_005,3776,53.6,-3.1,27.8,5.33,0,29.52,0
NODE_003,4181,99.2,-5.14,20.2,2.61,0,51.88,0
NODE_023,3761,51.5,-12.73,22.7,1.14,0,50.81,0
NODE_014,3913,65.8,-7.49,28.6,2.78,0,32.79,0
NODE_008,4083,89.1,-7.0,30.8,4.54,0,70.79,0
NODE_005,3594,34.0,-21.09,41.6,13.63,2,4.32,1
NODE_013,3193,4.8,-87.51,56.4,28.02,6,2.35,2
NODE_011,4045,80.7,-5.86,22.6,4.26,0,69.92,0
NODE_024,3678,41.0,-25.3,39.2,9.58,4,4.51,1
NODE_010,3498,24.7,-43.75,37.1,16.47,2,7.17,1
NODE_016,4149,92.0,-11.19,24.3,4.21,0,21.01,0
NODE_021,3368,12.2,-124.98,54.2,35.24,6,2.31,2
NODE_019,3825,57.6,-6.44,22.8,2.65,0,27.09,0
NODE_014,4067,86.2,-10.24,31.0,1.69,0,45.47,0
NODE_003,3752,50.3,-7.53,24.2,3.91,0,44.44,0
NODE_008,3738,47.1,-23.49,36.3,19.63,4,14.09,1
NODE_011,3475,20.0,-19.03,43.8,11.57,2,11.87,1
NODE_003,4068,83.8,-3.15,35.3,3.01,0,46.5,0
NODE_005,3239,7.3,-81.24,48.6,24.01,12,0.8,2
NODE_006,3753,51.5,-14.83,18.8,2.69,0,58.13,0
NODE_017,3644,35.3,-40.51,37.0,16.92,1,9.06,1
NODE_006,3466,19.2,-32.26,42.6,15.35,1,11.28,1
NODE_008,3754,47.4,-24.41,37.5,12.89,1,9.14,1
NODE_001,3966,72.5,-14.73,23.3,3.5,0,54.36,0
NODE_014,3481,22.8,-28.45,39.2,20.43,2,7.24,1
NODE_006,3668,39.9,-35.46,35.1,17.93,1,7.72,1
NODE_003,3796,55.7,-11.36,27.7,1.91,0,41.18,0
NODE_006,3755,52.4,-12.48,18.2,2.98,0,35.4,0
NODE_005,3613,33.9,-44.92,44.9,17.38,2,14.4,1
NODE_021,4223,99.8,-11.03,21.7,1.13,0,48.95,0
NODE_018,4004,80.3,-4.55,30.8,1.72,0,66.59,0
NODE_014,3700,43.1,-32.28,42.1,8.13,1,3.02,1
NODE_012,3870,62.6,-3.69,25.0,2.9,0,43.07,0
NODE_001,3538,26.6,-23.7,38.0,8.38,1,11.53,1
NODE_016,3813,57.1,-3.66,32.9,1.43,0,25.0,0
NODE_004,3739,50.3,-5.18,29.8,5.8,0,48.95,0
NODE_023,4081,86.5,-5.73,20.2,5.1,0,38.11,0
NODE_023,3815,58.1,-7.07,35.6,5.64,0,63.22,0
NODE_007,3273,11.4,-82.76,3.1,38.5,15,2.14,2
NODE_010,3944,70.2,-3.74,31.4,4.22,0,20.52,0
NODE_004,4171,95.7,-5.68,32.7,2.26,0,63.08,0
NODE_015,3995,77.2,-8.54,25.2,1.72,2,32.92,0
NODE_019,3859,61.9,-11.94,35.3,4.91,0,61.07,0
NODE_001,3644,35.8,-41.82,40.5,8.94,3,13.96,1
NODE_005,4198,99.6,-12.36,35.2,2.31,0,33.93,0
NODE_024,4154,94.0,-14.46,31.3,2.44,0,35.34,0
NODE_016,4189,99.1,-13.94,30.3,4.82,2,61.06,0
NODE_008,3900,65.3,-11.02,25.4,1.29,1,35.56,0
NODE_022,4202,99.9,-14.99,28.3,5.41,0,46.65,0
NODE_015,3092,1.6,-71.91,56.9,44.11,6,0.38,2
NODE_007,4056,85.5,-7.86,24.8,0.54,0,32.7,0
NODE_014,3475,20.1,-26.87,41.6,20.43,2,12.38,1
NODE_001,3713,45.6,-37.42,44.8,18.37,2,12.5,1
NODE_019,3632,37.2,-29.41,44.3,16.32,2,11.23,1
NODE_011,3718,46.1,-20.37,44.3,11.08,2,9.31,1
NODE_018,3306,11.8,-60.57,-3.6,36.07,12,2.17,2
NODE_017,4064,82.6,-8.45,31.8,4.77,1,43.24,0
NODE_023,4083,85.6,-4.24,18.2,0.52,0,49.72,0
NODE_020,4044,80.6,-5.6,31.1,5.03,0,34.88,0
NODE_022,3297,11.6,-61.74,48.7,44.08,11,1.07,2
NODE_006,3491,22.1,-27.71,45.1,11.99,1,12.99,1
NODE_012,3088,2.7,-104.81,58.0,26.24,13,1.67,2
NODE_017,4018,80.6,-11.05,29.3,4.41,0,20.93,0
NODE_020,3607,35.2,-33.41,40.1,12.4,2,5.9,1
NODE_022,3949,70.8,-3.17,27.9,2.58,0,71.78,0
NODE_007,3320,11.8,-96.01,50.2,44.9,14,1.71,2
NODE_022,3605,32.0,-34.53,44.6,17.61,3,7.11,1
NODE_001,3459,18.1,-31.29,36.6,16.17,1,5.57,1
NODE_023,3900,64.1,-12.16,21.4,3.7,0,25.01,0
NODE_018,4079,88.3,-6.26,22.0,4.71,1,68.2,0
NODE_022,3563,27.5,-40.72,36.9,17.72,2,13.52,1
NODE_010,3513,22.7,-28.96,34.6,9.96,1,6.48,1
NODE_016,3931,71.2,-7.65,34.0,3.72,0,34.95,0
NODE_012,3761,47.6,-43.87,45.8,8.51,2,9.11,1
NODE_003,4191,98.7,-11.81,34.8,2.48,0,43.39,0
NODE_013,3819,58.0,-8.39,22.5,4.14,0,52.28,0
NODE_016,3664,40.7,-44.61,39.0,8.42,2,4.34,1
NODE_005,3810,57.5,-3.26,29.7,4.11,0,37.69,0
NODE_010,4021,77.9,-10.77,30.1,5.65,0,35.49,0
NODE_011,3772,52.6,-3.37,21.8,2.33,0,44.91,0
NODE_018,3663,38.2,-20.08,36.6,17.05,2,14.15,1
NODE_007,4012,80.0,-11.85,32.8,0.69,0,55.49,0
NODE_008,3911,68.9,-7.07,32.8,1.28,1,66.05,0
NODE_019,4186,97.3,-12.79,19.1,2.94,1,54.53,0
NODE_013,4084,88.7,-14.55,29.6,5.54,0,56.95,0
NODE_011,3495,23.2,-43.49,41.0,10.92,1,3.43,1
NODE_014,4152,94.7,-4.05,24.9,4.5,0,28.46,0
NODE_008,3697,42.5,-29.12,41.6,19.75,2,5.05,1
NODE_013,3630,36.3,-41.96,44.2,11.14,2,5.08,1
NODE_014,3779,52.8,-8.29,33.9,3.31,0,42.0,0
NODE_009,4107,89.0,-11.21,29.2,2.28,0,46.91,0
NODE_015,3728,44.7,-19.79,34.7,10.71,1,11.58,1
NODE_023,3442,18.8,-42.86,46.0,13.9,2,3.69,1
NODE_010,4063,85.2,-10.61,28.4,1.26,1,44.52,0
NODE_001,3593,30.5,-26.3,34.2,13.97,3,6.45,1
NODE_005,3540,25.7,-22.95,38.1,13.07,1,10.15,1
NODE_023,3958,74.7,-4.13,22.7,2.93,0,55.75,0
NODE_009,3968,73.9,-9.5,33.6,5.97,0,66.86,0
NODE_017,3934,72.7,-3.94,27.8,1.35,0,60.96,0
NODE_005,4195,99.4,-4.28,30.4,0.89,0,38.39,0
NODE_004,3769,50.1,-12.65,26.9,4.05,1,19.8,0
NODE_013,3555,29.9,-31.09,43.5,9.04,3,11.34,1
NODE_013,3954,73.6,-4.56,33.1,4.0,0,49.46,0
NODE_007,3420,15.1,-71.51,49.0,37.12,7,2.46,2
NODE_022,3451,20.5,-34.23,34.2,16.08,1,11.02,1
NODE_022,3752,51.0,-9.72,34.8,1.15,0,45.78,0
NODE_024,3604,32.6,-20.74,38.4,8.55,2,4.34,1
NODE_002,3872,64.3,-11.58,22.0,5.86,0,57.53,0
NODE_020,4062,85.0,-7.22,23.3,0.96,0,70.62,0
NODE_003,4130,91.4,-3.9,18.9,3.08,0,44.8,0
NODE_024,4081,86.3,-14.86,18.9,2.41,0,43.57,0
NODE_022,3642,36.8,-26.01,41.4,8.46,1,11.77,1
NODE_020,3243,8.5,-58.6,54.1,36.21,14,1.76,2
NODE_022,3206,6.3,-119.29,51.8,41.68,11,1.9,2
NODE_009,3498,23.0,-40.91,42.0,17.53,3,6.35,1
NODE_021,3881,64.1,-10.15,20.0,4.78,0,33.75,0
NODE_022,3098,2.5,-59.17,-2.5,39.52,13,1.94,2
NODE_015,3686,41.9,-34.32,40.9,18.97,2,7.93,1
NODE_004,3705,45.0,-24.29,34.1,15.42,1,12.97,1
NODE_015,4045,82.9,-5.4,27.4,3.88,0,45.49,0
NODE_009,4017,80.6,-8.81,21.8,5.01,0,39.64,0
NODE_010,3635,38.2,-33.01,37.2,8.38,2,10.25,1
NODE_007,3920,68.7,-12.08,20.6,2.93,0,23.25,0
NODE_004,4185,98.1,-4.07,27.3,4.9,1,69.96,0
NODE_009,3948,71.2,-8.86,28.0,5.98,0,30.01,0
NODE_006,3906,67.8,-8.08,20.1,4.16,0,53.59,0
NODE_024,3651,37.5,-26.28,44.2,8.12,3,14.5,1
NODE_005,3583,30.6,-40.82,41.4,21.28,2,4.75,1
NODE_011,3194,5.7,-65.64,54.8,42.11,11,2.31,2
NODE_018,3327,12.5,-127.32,1.1,27.05,14,0.71,2
NODE_024,3952,72.3,-10.36,23.3,3.71,1,69.75,0
NODE_016,3731,45.6,-26.58,45.8,20.31,1,8.59,1
NODE_015,3901,66.8,-14.43,22.9,4.9,0,66.44,0
NODE_014,4153,97.1,-9.87,34.6,3.35,0,49.84,0
NODE_018,4174,97.0,-11.03,23.0,3.32,1,58.96,0
NODE_003,3774,50.2,-3.98,34.7,1.25,1,71.52,0
NODE_007,4147,94.5,-14.96,23.9,3.81,0,42.5,0
NODE_022,3430,16.8,-87.67,2.7,32.9,4,0.37,2
NODE_009,3613,33.8,-23.73,39.7,11.39,2,11.7,1
NODE_014,4152,94.4,-3.23,25.4,4.92,0,25.14,0
NODE_008,3120,2.0,-55.23,56.9,28.38,8,1.34,2
NODE_011,3086,2.6,-136.84,53.7,43.1,7,0.7,2
NODE_007,3749,46.8,-40.24,44.6,17.11,3,9.4,1
NODE_018,4047,82.4,-11.59,26.2,5.31,0,64.53,0
NODE_004,3783,53.8,-8.48,18.3,3.49,0,66.82,0
NODE_018,3469,19.4,-34.33,34.9,17.76,1,11.09,1
NODE_017,3940,70.1,-12.22,25.8,4.4,0,46.24,0
NODE_001,4143,92.7,-6.83,21.2,1.27,1,67.4,0
NODE_017,3547,29.4,-29.23,44.9,12.43,4,6.54,1
NODE_019,3317,10.7,-71.49,-2.0,23.91,15,2.12,2
NODE_010,3765,51.8,-13.15,22.4,4.18,0,27.05,0
NODE_020,4140,93.4,-9.48,32.3,4.65,0,58.27,0
NODE_001,3945,71.6,-10.42,25.9,2.11,0,68.19,0
NODE_024,3923,69.5,-9.87,27.7,4.15,0,43.44,0
NODE_017,3932,68.9,-14.65,22.4,0.53,2,44.09,0
NODE_018,3870,63.4,-3.36,35.2,0.54,0,46.99,0
NODE_008,4023,81.7,-5.24,31.6,5.88,0,37.89,0
NODE_008,3937,71.3,-12.69,29.7,5.22,1,42.46,0
NODE_021,3463,19.1,-38.12,36.6,15.43,2,9.11,1
NODE_002,3390,13.4,-120.14,59.4,24.26,9,2.06,2
NODE_015,3094,1.4,-76.17,47.6,38.17,6,0.89,2
NODE_011,3926,70.5,-7.76,32.2,4.26,2,60.97,0
NODE_015,3575,26.8,-42.19,39.7,15.81,3,3.9,1
NODE_019,4105,89.2,-11.57,33.7,3.03,0,63.44,0
NODE_011,3767,50.5,-3.43,23.0,4.19,1,58.29,0
NODE_014,3851,61.4,-12.75,21.2,5.16,1,26.8,0
NODE_018,3563,28.6,-32.44,42.3,8.41,2,8.5,1
NODE_006,4035,80.7,-3.72,28.5,3.76,0,69.78,0
NODE_014,3981,74.4,-14.71,28.0,2.28,0,24.95,0
NODE_023,4147,93.0,-12.06,27.2,4.32,0,69.05,0
NODE_016,4100,88.0,-13.27,22.0,2.46,0,20.88,0
NODE_018,3467,20.3,-30.4,34.2,9.64,3,5.69,1
NODE_009,3500,23.9,-34.1,34.3,16.9,2,5.15,1
NODE_015,3896,65.9,-10.43,28.9,4.13,0,55.63,0
NODE_019,3552,26.9,-19.06,38.1,12.81,2,15.69,1
NODE_001,3191,6.2,-81.63,52.8,34.08,14,0.3,2
NODE_004,3924,68.2,-4.32,33.1,5.44,0,51.71,0
NODE_006,3511,21.9,-21.96,44.8,10.01,4,15.25,1
NODE_022,3629,37.4,-31.48,43.3,9.04,2,4.25,1
NODE_003,3650,39.3,-42.5,44.0,13.24,1,6.85,1
NODE_005,3840,60.2,-5.53,30.0,3.1,0,51.64,0
NODE_009,3764,51.3,-6.23,27.8,2.15,0,62.42,0
NODE_012,3514,25.3,-25.47,35.1,10.36,4,14.41,1
NODE_010,4079,85.1,-8.01,36.0,2.9,0,63.12,0
NODE_001,3794,54.5,-5.43,19.6,3.53,0,56.8,0
NODE_022,3965,73.9,-11.2,28.2,4.39,0,62.13,0
NODE_020,3078,2.4,-67.96,60.6,28.12,10,0.12,2
NODE_018,3079,2.4,-53.01,1.6,38.53,15,2.45,2
NODE_009,3667,39.3,-32.23,36.4,16.41,2,8.62,1
NODE_006,3191,7.8,-102.56,-5.1,40.48,5,1.94,2
NODE_005,3834,58.3,-13.96,30.5,1.62,0,30.08,0
NODE_003,4135,93.0,-8.27,20.9,3.39,0,48.03,0
NODE_021,3814,53.5,-10.44,25.4,4.95,0,24.32,0
NODE_019,4032,78.8,-7.92,27.2,0.89,0,35.33,0
NODE_018,3656,38.9,-42.46,45.5,11.27,2,14.21,1
NODE_013,4195,99.6,-3.31,30.8,4.33,0,44.15,0
NODE_001,3175,4.5,-90.69,56.3,42.2,11,0.8,2
NODE_011,3484,18.9,-38.54,36.5,10.22,3,15.82,1
NODE_009,3139,5.2,-106.89,-2.1,26.4,12,1.24,2
NODE_013,4104,91.3,-9.05,24.2,4.37,0,64.42,0
NODE_015,3777,53.8,-10.47,31.4,1.15,0,28.58,0
NODE_016,3274,9.1,-133.09,59.8,38.61,4,0.86,2
NODE_023,3750,47.3,-18.78,45.4,18.64,2,7.93,1
NODE_007,3940,69.9,-9.46,18.2,3.77,0,67.36,0
NODE_013,4010,80.2,-4.66,20.5,4.71,0,42.91,0
NODE_001,4060,87.1,-11.18,32.7,4.8,0,64.8,0
NODE_003,3780,52.4,-9.95,22.5,1.69,0,19.65,0
NODE_013,3982,76.7,-9.11,23.1,4.33,0,47.81,0
NODE_020,3097,3.7,-97.87,47.1,34.44,6,0.44,2
NODE_011,3392,14.4,-127.28,61.2,38.57,9,0.86,2
NODE_004,4104,88.5,-4.27,35.2,4.8,1,67.64,0
NODE_017,3364,13.5,-118.83,55.4,25.15,15,1.27,2
NODE_013,3381,14.5,-122.67,55.0,20.81,15,0.66,2
NODE_009,3981,75.9,-10.04,34.2,2.0,0,43.9,0
NODE_023,3923,69.6,-9.11,19.6,0.71,0,42.7,0
NODE_012,3263,10.2,-96.73,-4.9,32.83,4,1.33,2
NODE_004,3520,26.1,-23.42,38.4,10.5,1,7.05,1
NODE_007,3725,44.7,-43.04,40.5,9.66,1,14.93,1
NODE_007,3108,2.2,-93.52,1.0,20.55,9,0.92,2
NODE_023,3566,29.4,-35.53,37.1,18.38,2,6.21,1
NODE_017,3712,45.7,-19.54,45.7,21.88,2,4.16,1
NODE_009,3506,24.0,-21.31,42.1,16.85,1,15.89,1
NODE_019,3912,70.5,-9.91,18.2,5.96,1,23.01,0
NODE_014,3493,22.1,-31.59,35.8,11.09,2,13.4,1
NODE_016,3360,12.0,-77.86,57.9,39.15,15,2.19,2
NODE_007,3973,76.5,-8.58,29.8,5.31,1,35.54,0
NODE_022,3447,18.6,-23.67,36.3,8.41,2,10.46,1
NODE_014,3727,45.2,-44.11,35.4,10.65,3,13.28,1
NODE_001,4129,90.8,-7.46,28.1,1.54,0,43.59,0
NODE_015,4056,84.6,-12.93,26.8,3.64,0,49.13,0
NODE_023,4108,90.6,-7.87,24.4,2.07,0,41.1,0
NODE_011,4106,91.8,-3.23,31.5,3.12,0,70.34,0
NODE_014,3905,67.1,-8.99,35.4,1.12,1,58.09,0
NODE_023,3358,11.4,-99.79,-2.5,36.56,8,1.77,2
NODE_011,3858,61.7,-6.91,32.7,4.41,0,62.46,0
NODE_014,4079,86.6,-7.73,30.9,4.28,0,20.49,0
NODE_003,3962,73.3,-3.41,19.9,4.26,0,52.36,0
NODE_011,4178,97.6,-6.15,22.3,5.21,1,60.02,0
NODE_019,3868,64.1,-6.61,33.4,1.46,0,52.4,0
NODE_008,3916,67.5,-13.2,35.9,4.97,0,52.55,0
NODE_016,3992,76.7,-9.34,24.5,2.73,0,71.65,0
NODE_004,3464,19.4,-41.26,44.6,13.3,2,15.36,1
NODE_016,3777,54.1,-8.79,20.3,4.51,2,63.13,0
NODE_015,3353,11.8,-93.04,48.1,38.04,4,1.27,2
NODE_019,4201,99.4,-13.57,23.4,2.71,0,56.48,0
NODE_003,3438,17.0,-62.94,1.1,31.44,8,0.51,2
NODE_010,3277,8.8,-53.63,57.1,42.93,14,1.94,2
NODE_023,3968,74.9,-6.34,26.7,2.11,0,70.45,0
NODE_016,3767,52.8,-8.28,34.0,3.98,0,27.32,0
NODE_004,4080,87.5,-6.28,28.0,0.67,1,58.77,0
NODE_013,4169,98.6,-14.28,25.4,2.73,0,26.01,0
NODE_014,4078,85.9,-12.56,35.9,5.06,0,37.49,0
NODE_003,3912,70.1,-5.1,27.5,5.86,0,18.06,0
NODE_001,4184,99.7,-9.33,33.0,4.62,0,19.14,0
NODE_002,3565,32.6,-24.03,40.3,15.17,2,14.95,1
NODE_023,3674,40.5,-19.64,36.7,8.51,3,13.33,1
NODE_023,4182,98.2,-4.32,22.2,3.28,0,54.31,0
NODE_023,4071,86.1,-8.51,33.6,5.64,0,40.13,0
NODE_002,3353,13.8,-79.41,-3.9,27.92,6,1.12,2
NODE_013,3862,63.8,-5.72,27.2,3.26,0,49.64,0
NODE_016,3912,67.5,-4.69,32.5,1.57,0,25.15,0
NODE_005,3941,71.9,-12.85,29.0,5.87,0,24.75,0
NODE_024,4181,97.6,-11.93,21.1,5.6,1,30.02,0
NODE_001,3651,39.5,-44.11,45.9,18.55,3,13.08,1
NODE_002,3520,24.8,-42.66,40.2,10.05,1,9.04,1
NODE_024,3818,56.1,-10.89,28.0,3.15,0,50.05,0
NODE_001,4115,89.9,-4.91,33.8,2.7,1,40.04,0
NODE_007,3967,74.6,-12.23,35.9,1.21,0,37.17,0
NODE_013,4178,97.3,-8.76,26.4,5.42,0,61.94,0
NODE_016,3502,23.6,-24.73,36.5,8.49,3,12.33,1
NODE_024,3715,44.6,-44.81,42.3,12.37,2,6.26,1
NODE_002,3947,72.3,-11.79,21.4,5.38,0,24.68,0
NODE_021,4113,90.5,-12.47,23.1,2.69,0,22.45,0
NODE_012,3720,44.7,-28.1,34.2,14.51,2,10.7,1
NODE_023,3546,29.2,-19.75,42.1,14.69,2,11.56,1
NODE_018,4179,98.9,-7.47,23.3,5.14,0,34.33,0
NODE_023,3901,68.4,-7.01,27.7,1.72,0,26.5,0
NODE_010,3826,60.3,-13.25,32.8,1.59,1,70.29,0
NODE_014,3901,68.1,-12.55,31.1,1.23,2,29.52,0
NODE_019,4023,80.2,-7.64,28.9,5.53,0,45.97,0
NODE_007,3460,20.4,-34.95,36.9,9.32,2,12.85,1
NODE_022,3910,67.3,-10.65,19.5,4.27,0,35.91,0
NODE_013,4144,93.8,-6.16,27.4,4.01,0,39.78,0
NODE_015,3864,64.9,-9.99,19.7,2.14,0,54.64,0
NODE_014,4008,78.0,-10.7,29.1,5.4,0,46.5,0
NODE_006,4143,92.8,-10.43,20.7,2.29,0,39.62,0
NODE_022,3832,60.3,-6.88,25.5,3.78,0,36.19,0
NODE_020,3844,60.1,-8.25,23.8,4.59,0,41.52,0
NODE_022,3496,24.0,-32.31,40.2,11.04,1,12.6,1
NODE_003,3816,57.3,-5.32,26.4,1.62,0,29.96,0
NODE_024,3180,6.6,-104.85,50.1,37.61,6,0.51,2
NODE_024,4145,95.9,-9.58,28.2,3.79,0,54.05,0
NODE_001,3618,35.4,-44.1,34.1,15.68,2,12.36,1
NODE_024,3947,72.1,-3.29,31.4,2.77,0,58.79,0
NODE_018,3301,11.0,-122.21,52.4,29.08,8,0.32,2
NODE_014,3668,41.6,-28.36,34.3,10.77,1,8.39,1
NODE_023,3553,29.0,-19.36,35.3,12.0,3,13.59,1
NODE_023,3948,71.8,-8.1,23.4,5.53,0,55.19,0
NODE_008,4095,88.4,-4.41,31.4,4.83,1,35.58,0
NODE_017,3088,1.5,-110.14,60.8,22.2,7,1.16,2
NODE_010,3572,31.3,-28.98,45.1,15.56,1,8.79,1
NODE_008,3574,28.6,-28.63,38.8,12.46,1,3.53,1
NODE_006,3449,19.7,-38.53,40.1,15.99,2,11.75,1
NODE_009,4028,80.4,-7.32,22.8,1.72,0,30.54,0
NODE_009,4029,79.7,-12.88,20.0,5.01,0,39.0,0
NODE_008,3783,53.2,-8.75,18.8,2.32,0,51.58,0
NODE_013,4155,95.2,-7.95,19.1,3.12,0,32.92,0
NODE_014,3616,35.5,-27.26,44.6,13.96,1,4.51,1
NODE_011,4099,87.7,-6.28,32.7,2.73,0,36.96,0
NODE_014,3641,39.3,-26.05,41.7,20.64,1,13.24,1
NODE_010,3974,76.1,-12.34,21.9,1.22,0,56.59,0
NODE_022,3791,55.0,-12.32,23.6,4.62,0,19.4,0
NODE_019,4146,92.7,-12.68,27.3,1.08,1,19.68,0
NODE_006,3386,14.0,-62.95,-1.5,42.78,12,0.23,2
NODE_024,3358,13.9,-86.2,58.6,22.9,10,1.6,2
NODE_024,4141,93.9,-10.97,28.4,4.2,0,50.03,0
NODE_019,3940,71.9,-8.98,32.3,3.21,0,46.96,0
NODE_021,4169,97.4,-7.83,21.7,1.4,0,69.75,0
NODE_018,3452,16.3,-63.73,47.3,42.96,15,0.34,2
NODE_014,4169,98.1,-12.36,32.6,0.91,0,49.13,0
NODE_006,3121,1.7,-61.56,59.1,21.03,4,2.36,2
NODE_007,4062,83.8,-3.77,26.5,2.5,0,38.81,0
NODE_023,4004,77.0,-10.34,19.9,4.3,1,71.01,0
NODE_014,3665,40.2,-25.54,41.8,20.84,4,10.69,1
NODE_012,3232,7.9,-95.87,-6.7,33.86,4,2.1,2
NODE_003,4140,95.0,-6.99,20.4,4.17,0,30.42,0
NODE_022,3624,36.3,-39.02,34.7,12.54,2,12.69,1
NODE_016,4166,95.8,-14.29,32.2,1.72,0,62.06,0
NODE_011,3635,34.6,-26.44,42.4,21.95,3,14.0,1
NODE_019,3623,37.0,-29.59,38.9,15.67,4,7.67,1
NODE_012,3775,53.3,-5.95,33.2,4.86,0,24.61,0
NODE_009,3730,46.2,-20.97,43.2,11.54,2,13.49,1
NODE_002,3309,12.2,-77.74,48.5,20.95,12,2.12,2
NODE_009,3902,66.3,-11.63,33.8,0.66,0,49.89,0
NODE_024,4151,95.4,-8.98,25.5,1.22,1,32.16,0
NODE_013,3998,77.9,-6.79,29.5,5.53,0,53.31,0
NODE_016,4019,80.4,-11.71,23.5,4.16,0,33.68,0
NODE_012,4128,93.0,-7.19,34.3,1.49,0,54.42,0
NODE_021,3954,72.7,-5.97,28.9,5.33,0,28.54,0
NODE_004,4133,92.8,-11.57,20.5,5.89,0,43.35,0
NODE_010,3557,29.3,-30.99,41.0,8.2,4,15.51,1
NODE_013,4105,90.3,-3.51,19.5,4.67,0,59.51,0
NODE_018,3756,50.4,-12.72,28.7,1.2,0,39.6,0
NODE_018,4050,81.6,-5.57,25.4,4.08,0,37.96,0
NODE_006,3675,40.4,-22.82,37.5,10.21,3,13.68,1
NODE_016,3171,4.3,-75.49,-6.2,24.48,7,0.92,2
NODE_011,3546,29.7,-44.09,40.3,18.43,2,11.05,1
NODE_020,3779,53.1,-12.84,24.5,5.17,0,26.11,0
NODE_021,4068,86.6,-12.27,21.6,0.98,0,45.81,0
NODE_012,3050,1.3,-84.86,50.4,36.6,7,0.46,2
NODE_024,3475,21.7,-28.68,44.6,20.9,2,14.91,1
NODE_024,3810,55.5,-5.23,34.4,4.02,0,64.55,0
NODE_018,3275,8.8,-119.98,59.0,24.92,14,1.22,2
NODE_016,3997,77.2,-6.73,23.5,4.66,0,24.2,0
NODE_017,3776,54.6,-9.09,34.9,5.26,1,45.92,0
NODE_017,3755,50.8,-14.49,30.3,2.61,1,26.78,0
NODE_014,3961,73.2,-5.73,31.6,2.89,0,35.95,0
NODE_017,4189,98.6,-5.68,33.7,5.27,0,59.43,0
NODE_010,4159,97.5,-13.28,31.5,5.96,0,26.05,0
NODE_010,3824,59.3,-7.33,21.6,1.14,1,70.38,0
NODE_022,3833,59.3,-14.7,18.8,1.87,0,30.44,0
NODE_024,3985,75.5,-9.34,18.1,1.94,0,41.5,0
NODE_013,3576,34.0,-30.41,45.6,12.19,2,13.76,1
NODE_015,4047,83.3,-14.33,26.5,1.64,0,62.36,0
NODE_023,3285,9.9,-85.62,1.3,37.73,10,0.41,2
NODE_022,3606,32.4,-37.02,44.8,9.15,3,6.42,1
NODE_001,3496,21.7,-23.26,35.0,20.91,1,10.68,1
NODE_020,3893,65.3,-6.51,23.6,5.62,0,50.14,0
NODE_020,3093,2.5,-128.98,50.4,40.47,8,1.99,2
NODE_015,3925,71.6,-7.62,18.5,0.64,0,29.13,0
NODE_021,3878,64.7,-7.8,26.9,4.56,0,37.22,0
NODE_018,3653,36.8,-25.19,40.3,9.29,4,9.65,1
NODE_002,3476,16.9,-67.19,-3.6,34.77,11,1.56,2
NODE_007,4197,98.9,-12.36,20.3,5.47,0,20.43,0
NODE_007,3826,58.0,-12.77,33.7,2.27,0,68.19,0
NODE_015,3956,72.5,-6.77,35.7,4.53,1,65.41,0
NODE_017,3922,69.8,-9.44,26.3,4.48,0,18.34,0
NODE_001,3921,69.2,-4.68,35.7,2.44,0,54.3,0
NODE_015,4089,85.9,-13.06,35.9,5.19,0,70.22,0
NODE_022,3473,21.8,-29.31,45.1,20.02,2,14.25,1
NODE_018,4016,77.8,-11.86,25.9,2.85,0,29.64,0
NODE_007,3751,50.6,-11.41,32.0,4.04,2,41.27,0
NODE_006,3480,19.1,-34.14,41.9,13.56,3,10.06,1
NODE_008,3827,60.1,-7.16,22.8,5.99,0,57.26,0
NODE_019,3296,10.0,-129.88,51.6,41.51,10,0.94,2
NODE_005,3127,3.9,-137.38,50.5,33.93,5,1.24,2
NODE_023,3987,78.0,-6.29,22.1,2.57,0,46.57,0
NODE_003,3671,39.8,-29.36,45.1,18.33,3,13.48,1
NODE_023,4179,96.6,-13.0,29.2,3.25,0,67.76,0
NODE_007,3560,30.3,-20.44,38.7,16.07,1,8.2,1
NODE_014,3949,73.8,-10.61,21.8,4.84,0,29.27,0
NODE_010,3864,62.8,-7.85,28.5,1.71,0,47.99,0
NODE_018,3688,42.0,-40.16,43.4,19.97,1,10.9,1
NODE_001,3605,32.7,-34.04,38.4,8.39,1,4.07,1
NODE_020,3898,65.4,-3.4,23.5,1.51,0,70.48,0
NODE_016,3676,40.7,-37.94,41.0,8.18,1,12.44,1
NODE_013,4188,96.7,-5.67,34.3,1.88,0,50.7,0
NODE_010,3747,47.4,-27.22,40.8,9.25,4,9.26,1
NODE_017,3452,18.8,-32.74,45.3,13.33,2,8.03,1
NODE_006,3261,10.3,-104.5,-5.8,24.84,6,1.14,2
NODE_008,3463,19.7,-31.26,38.6,15.92,4,14.65,1
NODE_012,3585,32.1,-27.06,43.0,13.1,4,8.77,1
NODE_007,4154,93.8,-9.4,20.1,4.25,0,51.4,0
NODE_015,3518,24.2,-23.17,42.8,19.9,1,15.56,1
NODE_014,3921,70.3,-8.38,27.6,4.02,0,58.73,0
NODE_002,3274,9.4,-79.38,61.1,32.52,11,2.17,2
NODE_019,3852,60.6,-6.64,21.5,5.2,0,65.72,0
NODE_002,3855,60.0,-9.12,33.1,4.12,1,59.32,0
NODE_012,4122,90.4,-5.42,31.2,3.35,0,38.91,0
NODE_020,4020,79.2,-11.82,26.0,0.93,0,51.93,0
NODE_024,4134,92.7,-4.11,33.5,4.06,0,25.0,0
NODE_001,3528,25.2,-31.63,41.2,8.08,2,11.83,1
NODE_024,3941,69.9,-4.46,29.6,1.92,1,30.8,0
NODE_012,4126,93.3,-14.61,35.4,3.39,0,46.73,0
NODE_007,3556,29.2,-34.12,36.3,18.1,1,8.29,1
NODE_013,4075,87.0,-14.49,34.5,4.96,0,29.96,0
NODE_007,4115,90.1,-11.7,24.3,4.47,0,27.54,0
NODE_023,3775,51.5,-13.76,32.4,5.34,0,45.89,0
NODE_018,4005,79.1,-12.53,34.0,5.58,0,52.98,0
NODE_009,3713,47.9,-19.24,38.7,14.05,1,5.84,1
NODE_005,3139,4.1,-69.46,51.0,28.39,6,1.98,2
NODE_023,3308,10.2,-66.37,2.5,20.53,14,1.27,2
NODE_002,3995,76.7,-6.82,28.7,1.13,0,45.96,0
NODE_019,3261,8.6,-82.95,-5.6,25.9,4,1.13,2
NODE_009,4147,94.5,-9.63,29.8,1.98,1,46.52,0
NODE_007,3056,1.4,-67.23,58.4,36.03,6,1.08,2
NODE_006,3466,18.9,-34.11,40.3,12.68,3,3.79,1
NODE_003,3711,45.4,-30.37,45.3,21.18,2,6.11,1
NODE_024,3814,54.7,-12.38,20.0,1.53,0,37.65,0
NODE_021,4190,98.3,-3.48,19.8,4.55,0,67.32,0
NODE_016,3969,75.0,-14.89,34.5,3.28,2,44.42,0
NODE_003,3629,36.8,-24.65,44.1,13.09,3,13.64,1
NODE_009,3765,51.8,-9.54,21.7,3.46,0,41.83,0
NODE_024,4183,98.4,-5.33,22.1,3.35,0,42.97,0
NODE_014,3219,6.3,-114.37,60.0,41.94,13,0.41,2
NODE_006,4028,80.7,-12.73,33.6,3.55,0,31.22,0
NODE_022,3680,42.1,-38.08,42.9,9.16,2,9.75,1
NODE_024,3726,42.9,-19.4,45.9,20.44,2,11.57,1
NODE_011,3295,10.4,-137.84,61.6,20.84,14,2.23,2
NODE_014,4078,85.7,-10.89,25.6,3.94,0,58.13,0
NODE_006,4154,95.6,-14.55,20.3,5.71,0,39.72,0
NODE_007,4185,98.0,-5.13,21.0,1.85,0,39.58,0
NODE_009,3448,16.7,-137.36,55.9,40.08,8,2.03,2
NODE_002,3626,38.5,-39.37,36.0,9.64,3,11.16,1
NODE_012,4021,77.9,-3.94,18.1,2.11,0,53.87,0
NODE_018,3780,51.9,-3.04,33.4,5.63,0,67.06,0
NODE_010,3802,56.2,-6.68,28.2,5.51,0,69.88,0
NODE_010,4057,85.4,-12.39,27.3,2.94,0,50.4,0
NODE_007,3989,76.3,-6.02,22.9,4.44,0,35.68,0
NODE_017,3563,29.2,-42.71,35.9,10.03,2,12.94,1
NODE_005,3877,63.7,-13.42,24.4,5.76,0,27.97,0
NODE_012,3962,73.4,-9.97,27.5,3.39,0,36.17,0
NODE_011,3864,62.2,-3.76,20.2,2.83,0,62.85,0
NODE_011,3550,25.9,-31.45,38.7,17.45,1,13.72,1
NODE_010,3882,64.1,-6.13,33.9,5.15,0,45.56,0
NODE_005,3520,26.6,-25.78,34.5,20.84,1,15.13,1
NODE_014,3926,68.1,-5.59,28.8,4.9,1,37.89,0
NODE_011,3801,53.9,-14.26,31.6,1.24,0,41.69,0
NODE_011,4126,88.4,-9.58,26.9,3.21,0,65.19,0
NODE_012,4057,85.4,-13.49,27.3,1.32,0,49.69,0
NODE_008,3963,73.5,-14.54,26.9,4.41,1,66.21,0
NODE_020,3237,9.8,-112.05,53.2,42.41,15,2.13,2
NODE_004,3815,56.6,-6.87,24.1,2.82,0,24.34,0
NODE_011,3843,61.0,-4.18,34.7,4.77,0,32.23,0
NODE_024,3591,29.3,-41.65,35.9,18.86,1,4.92,1
NODE_016,3831,59.9,-14.25,23.1,2.52,0,51.89,0
NODE_009,4140,95.3,-7.36,18.9,2.36,1,36.17,0
NODE_008,3548,28.6,-28.19,38.0,19.63,4,13.42,1
NODE_004,3981,77.9,-3.36,21.9,2.55,2,53.53,0
NODE_023,3376,13.2,-102.67,1.8,35.32,4,0.82,2
NODE_024,3742,51.5,-9.99,30.9,2.12,0,22.79,0
NODE_011,3618,34.8,-24.32,35.1,18.05,2,6.01,1
NODE_013,4128,94.4,-5.66,29.1,5.81,1,54.08,0
NODE_014,4005,78.8,-3.44,27.3,3.28,0,54.68,0
NODE_003,3933,68.6,-5.85,21.5,0.93,0,63.43,0
NODE_006,3936,70.3,-14.42,29.0,1.54,0,30.82,0
